assignment_id,utilization_pct,assignment_confirmed,speed_kmph,telemetry_lat,telemetry_lon,telemetry_recorded_at,anomaly_type,anomaly_severity,anomaly_detected_at,driver_status,vehicle_id,plate_number,vehicle_capacity_kg,vehicle_current_lat,vehicle_current_lon,waypoints_json,total_distance_km,planned_arrival,actual_arrival_at,stop_sequence,shipment_id,origin_lat,origin_lon,dest_lat,dest_lon,shipment_weight_kg,shipment_priority,shipment_deadline,time_to_deadline_minutes
ASN_0015,100.0,f,31.3,16.140948,77.020445,2026-07-15 18:26:06+05:30,,,,ON_DUTY,VEH_001,RJ77A5713,3500,16.1276,77.024515,"[{""lat"": 10.858495, ""lon"": 76.992206}, {""lat"": 19.830111, ""lon"": 77.004799}, {""lat"": 28.587565, ""lon"": 77.079649}]",2328.73,2026-07-17 06:29:23+05:30,2026-07-17 06:44:16+05:30,1,SHIP_1015,10.892186,77.031204,28.60212,77.006398,7555,MEDIUM,2026-07-21 10:45:17+05:30,8179.172549133334
ASN_0015,100.0,f,33.7,27.431302,77.003249,2026-07-17 03:18:25+05:30,,,,ON_DUTY,VEH_001,RJ77A5713,3500,27.416886,76.999971,"[{""lat"": 10.858495, ""lon"": 76.992206}, {""lat"": 19.830111, ""lon"": 77.004799}, {""lat"": 28.587565, ""lon"": 77.079649}]",2328.73,2026-07-17 06:29:23+05:30,2026-07-17 06:44:16+05:30,2,SHIP_1015,10.892186,77.031204,28.60212,77.006398,7555,MEDIUM,2026-07-21 10:45:17+05:30,6206.859902533333
ASN_0015,100.0,f,56.9,28.519907,77.024451,2026-07-17 06:34:59+05:30,,,,ON_DUTY,VEH_001,RJ77A5713,3500,28.548198,77.033234,"[{""lat"": 10.858495, ""lon"": 76.992206}, {""lat"": 19.830111, ""lon"": 77.004799}, {""lat"": 28.587565, ""lon"": 77.079649}]",2328.73,2026-07-17 06:29:23+05:30,2026-07-17 06:44:16+05:30,3,SHIP_1015,10.892186,77.031204,28.60212,77.006398,7555,MEDIUM,2026-07-21 10:45:17+05:30,6010.289059600001
ASN_0055,83.9,t,62.3,16.434473,78.817589,2026-07-17 09:55:02+05:30,,,,ON_DUTY,VEH_001,RJ77A5713,3500,16.439672,78.81364,"[{""lat"": 17.369851, ""lon"": 78.464101}, {""lat"": 16.347904, ""lon"": 78.897297}, {""lat"": 15.26663, ""lon"": 79.353094}, {""lat"": 14.266953, ""lon"": 79.718973}, {""lat"": 13.110332, ""lon"": 80.154959}]",662.81,2026-07-17 17:59:18+05:30,2026-07-17 17:52:24+05:30,1,SHIP_1055,17.3787,78.41571,13.133197,80.224386,2921,HIGH,2026-07-16 19:35:13+05:30,0.0
ASN_0055,83.9,t,61.2,16.260334,78.904268,2026-07-17 10:23:19+05:30,,,,ON_DUTY,VEH_001,RJ77A5713,3500,16.259216,78.899862,"[{""lat"": 17.369851, ""lon"": 78.464101}, {""lat"": 16.347904, ""lon"": 78.897297}, {""lat"": 15.26663, ""lon"": 79.353094}, {""lat"": 14.266953, ""lon"": 79.718973}, {""lat"": 13.110332, ""lon"": 80.154959}]",662.81,2026-07-17 17:59:18+05:30,2026-07-17 17:52:24+05:30,2,SHIP_1055,17.3787,78.41571,13.133197,80.224386,2921,HIGH,2026-07-16 19:35:13+05:30,0.0
ASN_0055,83.9,t,67.1,15.49338,79.220403,2026-07-17 12:13:57+05:30,,,,ON_DUTY,VEH_001,RJ77A5713,3500,15.489456,79.205552,"[{""lat"": 17.369851, ""lon"": 78.464101}, {""lat"": 16.347904, ""lon"": 78.897297}, {""lat"": 15.26663, ""lon"": 79.353094}, {""lat"": 14.266953, ""lon"": 79.718973}, {""lat"": 13.110332, ""lon"": 80.154959}]",662.81,2026-07-17 17:59:18+05:30,2026-07-17 17:52:24+05:30,3,SHIP_1055,17.3787,78.41571,13.133197,80.224386,2921,HIGH,2026-07-16 19:35:13+05:30,0.0
ASN_0055,83.9,t,70.9,14.991823,79.419129,2026-07-17 13:26:38+05:30,,,,ON_DUTY,VEH_001,RJ77A5713,3500,14.996025,79.402569,"[{""lat"": 17.369851, ""lon"": 78.464101}, {""lat"": 16.347904, ""lon"": 78.897297}, {""lat"": 15.26663, ""lon"": 79.353094}, {""lat"": 14.266953, ""lon"": 79.718973}, {""lat"": 13.110332, ""lon"": 80.154959}]",662.81,2026-07-17 17:59:18+05:30,2026-07-17 17:52:24+05:30,4,SHIP_1055,17.3787,78.41571,13.133197,80.224386,2921,HIGH,2026-07-16 19:35:13+05:30,0.0
ASN_0095,24.6,t,66.4,20.749297,84.379272,2026-07-17 21:50:15+05:30,,,,ON_DUTY,VEH_001,RJ77A5713,3500,20.774114,84.376247,"[{""lat"": 20.229965, ""lon"": 85.856601}, {""lat"": 21.700681, ""lon"": 81.68591}, {""lat"": 23.164915, ""lon"": 77.502645}]",1220.83,2026-07-18 14:27:42+05:30,2026-07-18 14:06:25+05:30,1,SHIP_1095,20.241941,85.837317,23.202473,77.50397,642,LOW,2026-07-21 16:24:28+05:30,5434.2069560499995
ASN_0095,24.6,t,35.3,21.812448,81.443135,2026-07-18 04:49:27+05:30,,,,ON_DUTY,VEH_001,RJ77A5713,3500,21.813687,81.43607,"[{""lat"": 20.229965, ""lon"": 85.856601}, {""lat"": 21.700681, ""lon"": 81.68591}, {""lat"": 23.164915, ""lon"": 77.502645}]",1220.83,2026-07-18 14:27:42+05:30,2026-07-18 14:06:25+05:30,2,SHIP_1095,20.241941,85.837317,23.202473,77.50397,642,LOW,2026-07-21 16:24:28+05:30,5015.010999383333
ASN_0095,24.6,t,53.2,22.517786,79.504109,2026-07-18 09:22:21+05:30,,,,ON_DUTY,VEH_001,RJ77A5713,3500,22.515601,79.505775,"[{""lat"": 20.229965, ""lon"": 85.856601}, {""lat"": 21.700681, ""lon"": 81.68591}, {""lat"": 23.164915, ""lon"": 77.502645}]",1220.83,2026-07-18 14:27:42+05:30,2026-07-18 14:06:25+05:30,3,SHIP_1095,20.241941,85.837317,23.202473,77.50397,642,LOW,2026-07-21 16:24:28+05:30,4742.10839815
ASN_0095,24.6,t,47.4,22.868383,78.411796,2026-07-18 11:57:40+05:30,,,,ON_DUTY,VEH_001,RJ77A5713,3500,22.866131,78.419553,"[{""lat"": 20.229965, ""lon"": 85.856601}, {""lat"": 21.700681, ""lon"": 81.68591}, {""lat"": 23.164915, ""lon"": 77.502645}]",1220.83,2026-07-18 14:27:42+05:30,2026-07-18 14:06:25+05:30,4,SHIP_1095,20.241941,85.837317,23.202473,77.50397,642,LOW,2026-07-21 16:24:28+05:30,4586.795767283333
ASN_0135,100.0,t,64.0,22.366336,83.613131,2026-07-18 22:35:57+05:30,,,,ON_DUTY,VEH_001,RJ77A5713,3500,22.375005,83.614089,"[{""lat"": 20.29998, ""lon"": 85.865477}, {""lat"": 24.405091, ""lon"": 81.600324}, {""lat"": 28.614138, ""lon"": 77.378565}]",1677.66,2026-07-19 20:21:15+05:30,2026-07-19 20:42:34+05:30,1,SHIP_1135,20.216788,85.811344,28.60518,77.363458,6489,MEDIUM,2026-07-17 19:07:23+05:30,0.0
ASN_0135,100.0,t,45.1,25.399791,80.662605,2026-07-19 09:13:53+05:30,,,,ON_DUTY,VEH_001,RJ77A5713,3500,25.410158,80.667013,"[{""lat"": 20.29998, ""lon"": 85.865477}, {""lat"": 24.405091, ""lon"": 81.600324}, {""lat"": 28.614138, ""lon"": 77.378565}]",1677.66,2026-07-19 20:21:15+05:30,2026-07-19 20:42:34+05:30,2,SHIP_1135,20.216788,85.811344,28.60518,77.363458,6489,MEDIUM,2026-07-17 19:07:23+05:30,0.0
ASN_0135,100.0,t,49.9,25.379329,80.639303,2026-07-19 09:14:51+05:30,,,,ON_DUTY,VEH_001,RJ77A5713,3500,25.373405,80.631036,"[{""lat"": 20.29998, ""lon"": 85.865477}, {""lat"": 24.405091, ""lon"": 81.600324}, {""lat"": 28.614138, ""lon"": 77.378565}]",1677.66,2026-07-19 20:21:15+05:30,2026-07-19 20:42:34+05:30,3,SHIP_1135,20.216788,85.811344,28.60518,77.363458,6489,MEDIUM,2026-07-17 19:07:23+05:30,0.0
ASN_0135,100.0,t,42.6,25.771127,80.200436,2026-07-19 10:43:09+05:30,,,,ON_DUTY,VEH_001,RJ77A5713,3500,25.76067,80.206212,"[{""lat"": 20.29998, ""lon"": 85.865477}, {""lat"": 24.405091, ""lon"": 81.600324}, {""lat"": 28.614138, ""lon"": 77.378565}]",1677.66,2026-07-19 20:21:15+05:30,2026-07-19 20:42:34+05:30,4,SHIP_1135,20.216788,85.811344,28.60518,77.363458,6489,MEDIUM,2026-07-17 19:07:23+05:30,0.0
ASN_0175,100.0,t,70.2,21.079131,72.802831,2026-07-19 21:20:33+05:30,ROUTE_DEVIATION,0.72,2026-07-20 01:19:30+05:30,ON_DUTY,VEH_001,RJ77A5713,3500,21.078865,72.782079,"[{""lat"": 21.027825, ""lon"": 72.770549}, {""lat"": 20.425482, ""lon"": 73.023298}, {""lat"": 19.827353, ""lon"": 73.303991}, {""lat"": 19.13838, ""lon"": 73.561873}, {""lat"": 18.529766, ""lon"": 73.791908}]",426.55,2026-07-20 04:43:42+05:30,2026-07-20 04:50:36+05:30,1,SHIP_1175,21.067017,72.79832,18.494367,73.815489,4244,MEDIUM,2026-07-17 05:19:23+05:30,0.0
ASN_0175,100.0,t,45.9,20.902548,72.876084,2026-07-19 21:53:07+05:30,ROUTE_DEVIATION,0.72,2026-07-20 01:19:30+05:30,ON_DUTY,VEH_001,RJ77A5713,3500,20.900565,72.867246,"[{""lat"": 21.027825, ""lon"": 72.770549}, {""lat"": 20.425482, ""lon"": 73.023298}, {""lat"": 19.827353, ""lon"": 73.303991}, {""lat"": 19.13838, ""lon"": 73.561873}, {""lat"": 18.529766, ""lon"": 73.791908}]",426.55,2026-07-20 04:43:42+05:30,2026-07-20 04:50:36+05:30,2,SHIP_1175,21.067017,72.79832,18.494367,73.815489,4244,MEDIUM,2026-07-17 05:19:23+05:30,0.0
ASN_0175,100.0,t,41.9,20.605353,73.007413,2026-07-19 22:47:54+05:30,ROUTE_DEVIATION,0.72,2026-07-20 01:19:30+05:30,ON_DUTY,VEH_001,RJ77A5713,3500,20.610814,73.003426,"[{""lat"": 21.027825, ""lon"": 72.770549}, {""lat"": 20.425482, ""lon"": 73.023298}, {""lat"": 19.827353, ""lon"": 73.303991}, {""lat"": 19.13838, ""lon"": 73.561873}, {""lat"": 18.529766, ""lon"": 73.791908}]",426.55,2026-07-20 04:43:42+05:30,2026-07-20 04:50:36+05:30,3,SHIP_1175,21.067017,72.79832,18.494367,73.815489,4244,MEDIUM,2026-07-17 05:19:23+05:30,0.0
ASN_0175,100.0,t,35.2,20.559245,72.993185,2026-07-19 22:55:20+05:30,ROUTE_DEVIATION,0.72,2026-07-20 01:19:30+05:30,ON_DUTY,VEH_001,RJ77A5713,3500,20.559904,72.989705,"[{""lat"": 21.027825, ""lon"": 72.770549}, {""lat"": 20.425482, ""lon"": 73.023298}, {""lat"": 19.827353, ""lon"": 73.303991}, {""lat"": 19.13838, ""lon"": 73.561873}, {""lat"": 18.529766, ""lon"": 73.791908}]",426.55,2026-07-20 04:43:42+05:30,2026-07-20 04:50:36+05:30,4,SHIP_1175,21.067017,72.79832,18.494367,73.815489,4244,MEDIUM,2026-07-17 05:19:23+05:30,0.0
ASN_0175,100.0,t,61.9,20.389604,73.020035,2026-07-19 23:16:53+05:30,ROUTE_DEVIATION,0.72,2026-07-20 01:19:30+05:30,ON_DUTY,VEH_001,RJ77A5713,3500,20.406338,73.000945,"[{""lat"": 21.027825, ""lon"": 72.770549}, {""lat"": 20.425482, ""lon"": 73.023298}, {""lat"": 19.827353, ""lon"": 73.303991}, {""lat"": 19.13838, ""lon"": 73.561873}, {""lat"": 18.529766, ""lon"": 73.791908}]",426.55,2026-07-20 04:43:42+05:30,2026-07-20 04:50:36+05:30,5,SHIP_1175,21.067017,72.79832,18.494367,73.815489,4244,MEDIUM,2026-07-17 05:19:23+05:30,0.0
ASN_0175,100.0,t,81.1,18.945429,73.635036,2026-07-20 03:35:38+05:30,ROUTE_DEVIATION,0.72,2026-07-20 01:19:30+05:30,ON_DUTY,VEH_001,RJ77A5713,3500,18.949789,73.633158,"[{""lat"": 21.027825, ""lon"": 72.770549}, {""lat"": 20.425482, ""lon"": 73.023298}, {""lat"": 19.827353, ""lon"": 73.303991}, {""lat"": 19.13838, ""lon"": 73.561873}, {""lat"": 18.529766, ""lon"": 73.791908}]",426.55,2026-07-20 04:43:42+05:30,2026-07-20 04:50:36+05:30,6,SHIP_1175,21.067017,72.79832,18.494367,73.815489,4244,MEDIUM,2026-07-17 05:19:23+05:30,0.0
ASN_0024,95.0,f,58.6,24.960151,83.849828,2026-07-15 05:10:19+05:30,,,,AVAILABLE,VEH_002,GJ23F8773,3500,24.950725,83.860467,"[{""lat"": 25.813228, ""lon"": 85.042788}, {""lat"": 18.475066, ""lon"": 73.857783}]",1777.4,2026-07-16 09:23:21+05:30,2026-07-16 09:36:08+05:30,1,SHIP_1024,25.711649,85.060267,18.505517,73.840847,3339,MEDIUM,2026-07-21 18:12:52+05:30,9422.545216433333
ASN_0024,95.0,f,42.9,24.33691,82.906058,2026-07-15 07:54:33+05:30,,,,AVAILABLE,VEH_002,GJ23F8773,3500,24.338069,82.898388,"[{""lat"": 25.813228, ""lon"": 85.042788}, {""lat"": 18.475066, ""lon"": 73.857783}]",1777.4,2026-07-16 09:23:21+05:30,2026-07-16 09:36:08+05:30,2,SHIP_1024,25.711649,85.060267,18.505517,73.840847,3339,MEDIUM,2026-07-21 18:12:52+05:30,9258.303488983334
ASN_0024,95.0,f,48.1,23.7648,82.004797,2026-07-15 10:27:22+05:30,,,,AVAILABLE,VEH_002,GJ23F8773,3500,23.774055,82.012013,"[{""lat"": 25.813228, ""lon"": 85.042788}, {""lat"": 18.475066, ""lon"": 73.857783}]",1777.4,2026-07-16 09:23:21+05:30,2026-07-16 09:36:08+05:30,3,SHIP_1024,25.711649,85.060267,18.505517,73.840847,3339,MEDIUM,2026-07-21 18:12:52+05:30,9105.496234799999
ASN_0024,95.0,f,53.3,22.967748,80.829929,2026-07-15 13:51:31+05:30,,,,AVAILABLE,VEH_002,GJ23F8773,3500,22.964656,80.831167,"[{""lat"": 25.813228, ""lon"": 85.042788}, {""lat"": 18.475066, ""lon"": 73.857783}]",1777.4,2026-07-16 09:23:21+05:30,2026-07-16 09:36:08+05:30,4,SHIP_1024,25.711649,85.060267,18.505517,73.840847,3339,MEDIUM,2026-07-21 18:12:52+05:30,8901.33893285
ASN_0024,95.0,f,54.7,22.798226,80.538884,2026-07-15 14:35:34+05:30,,,,AVAILABLE,VEH_002,GJ23F8773,3500,22.813529,80.55388,"[{""lat"": 25.813228, ""lon"": 85.042788}, {""lat"": 18.475066, ""lon"": 73.857783}]",1777.4,2026-07-16 09:23:21+05:30,2026-07-16 09:36:08+05:30,5,SHIP_1024,25.711649,85.060267,18.505517,73.840847,3339,MEDIUM,2026-07-21 18:12:52+05:30,8857.297905183334
ASN_0024,95.0,f,55.8,22.659579,80.348687,2026-07-15 15:14:53+05:30,,,,AVAILABLE,VEH_002,GJ23F8773,3500,22.663385,80.357523,"[{""lat"": 25.813228, ""lon"": 85.042788}, {""lat"": 18.475066, ""lon"": 73.857783}]",1777.4,2026-07-16 09:23:21+05:30,2026-07-16 09:36:08+05:30,6,SHIP_1024,25.711649,85.060267,18.505517,73.840847,3339,MEDIUM,2026-07-21 18:12:52+05:30,8817.973315716667
ASN_0024,95.0,f,58.7,20.979365,77.731656,2026-07-15 22:42:41+05:30,,,,AVAILABLE,VEH_002,GJ23F8773,3500,20.967389,77.744711,"[{""lat"": 25.813228, ""lon"": 85.042788}, {""lat"": 18.475066, ""lon"": 73.857783}]",1777.4,2026-07-16 09:23:21+05:30,2026-07-16 09:36:08+05:30,7,SHIP_1024,25.711649,85.060267,18.505517,73.840847,3339,MEDIUM,2026-07-21 18:12:52+05:30,8370.181515516666
ASN_0064,100.0,t,42.2,17.238706,80.095519,2026-07-17 01:34:27+05:30,LOW_SPEED,0.34,2026-07-16 15:48:54+05:30,AVAILABLE,VEH_002,GJ23F8773,3500,17.240114,80.103521,"[{""lat"": 13.133204, ""lon"": 77.694129}, {""lat"": 16.195984, ""lon"": 79.544008}, {""lat"": 19.275093, ""lon"": 81.366985}, {""lat"": 22.479124, ""lon"": 83.291779}, {""lat"": 25.473615, ""lon"": 85.177838}]",2089.88,2026-07-18 08:12:38+05:30,2026-07-18 08:30:39+05:30,1,SHIP_1064,13.084283,77.609579,25.540286,85.159771,4371,MEDIUM,2026-07-21 14:30:15+05:30,6535.799595633333
ASN_0064,100.0,t,55.4,17.681824,80.380922,2026-07-17 03:19:07+05:30,LOW_SPEED,0.34,2026-07-16 15:48:54+05:30,AVAILABLE,VEH_002,GJ23F8773,3500,17.692875,80.384623,"[{""lat"": 13.133204, ""lon"": 77.694129}, {""lat"": 16.195984, ""lon"": 79.544008}, {""lat"": 19.275093, ""lon"": 81.366985}, {""lat"": 22.479124, ""lon"": 83.291779}, {""lat"": 25.473615, ""lon"": 85.177838}]",2089.88,2026-07-18 08:12:38+05:30,2026-07-18 08:30:39+05:30,2,SHIP_1064,13.084283,77.609579,25.540286,85.159771,4371,MEDIUM,2026-07-21 14:30:15+05:30,6431.138538216666
ASN_0064,100.0,t,46.5,19.005806,81.214419,2026-07-17 08:14:32+05:30,LOW_SPEED,0.34,2026-07-16 15:48:54+05:30,AVAILABLE,VEH_002,GJ23F8773,3500,19.014182,81.201928,"[{""lat"": 13.133204, ""lon"": 77.694129}, {""lat"": 16.195984, ""lon"": 79.544008}, {""lat"": 19.275093, ""lon"": 81.366985}, {""lat"": 22.479124, ""lon"": 83.291779}, {""lat"": 25.473615, ""lon"": 85.177838}]",2089.88,2026-07-18 08:12:38+05:30,2026-07-18 08:30:39+05:30,3,SHIP_1064,13.084283,77.609579,25.540286,85.159771,4371,MEDIUM,2026-07-21 14:30:15+05:30,6135.71751115
ASN_0064,100.0,t,34.3,19.52362,81.508185,2026-07-17 10:06:54+05:30,LOW_SPEED,0.34,2026-07-16 15:48:54+05:30,AVAILABLE,VEH_002,GJ23F8773,3500,19.525777,81.508534,"[{""lat"": 13.133204, ""lon"": 77.694129}, {""lat"": 16.195984, ""lon"": 79.544008}, {""lat"": 19.275093, ""lon"": 81.366985}, {""lat"": 22.479124, ""lon"": 83.291779}, {""lat"": 25.473615, ""lon"": 85.177838}]",2089.88,2026-07-18 08:12:38+05:30,2026-07-18 08:30:39+05:30,4,SHIP_1064,13.084283,77.609579,25.540286,85.159771,4371,MEDIUM,2026-07-21 14:30:15+05:30,6023.3514506500005
ASN_0064,100.0,t,31.2,21.881508,82.954902,2026-07-17 18:55:39+05:30,LOW_SPEED,0.34,2026-07-16 15:48:54+05:30,AVAILABLE,VEH_002,GJ23F8773,3500,21.880971,82.959216,"[{""lat"": 13.133204, ""lon"": 77.694129}, {""lat"": 16.195984, ""lon"": 79.544008}, {""lat"": 19.275093, ""lon"": 81.366985}, {""lat"": 22.479124, ""lon"": 83.291779}, {""lat"": 25.473615, ""lon"": 85.177838}]",2089.88,2026-07-18 08:12:38+05:30,2026-07-18 08:30:39+05:30,5,SHIP_1064,13.084283,77.609579,25.540286,85.159771,4371,MEDIUM,2026-07-21 14:30:15+05:30,5494.5954449
ASN_0064,100.0,t,33.4,24.420671,84.499203,2026-07-18 04:19:26+05:30,LOW_SPEED,0.34,2026-07-16 15:48:54+05:30,AVAILABLE,VEH_002,GJ23F8773,3500,24.405593,84.501594,"[{""lat"": 13.133204, ""lon"": 77.694129}, {""lat"": 16.195984, ""lon"": 79.544008}, {""lat"": 19.275093, ""lon"": 81.366985}, {""lat"": 22.479124, ""lon"": 83.291779}, {""lat"": 25.473615, ""lon"": 85.177838}]",2089.88,2026-07-18 08:12:38+05:30,2026-07-18 08:30:39+05:30,6,SHIP_1064,13.084283,77.609579,25.540286,85.159771,4371,MEDIUM,2026-07-21 14:30:15+05:30,4930.820908833333
ASN_0104,100.0,t,48.9,22.579807,75.66481,2026-07-18 09:43:08+05:30,,,,AVAILABLE,VEH_002,GJ23F8773,3500,22.572926,75.680196,"[{""lat"": 22.749061, ""lon"": 75.743695}, {""lat"": 22.015157, ""lon"": 75.189515}, {""lat"": 21.013808, ""lon"": 74.556639}, {""lat"": 20.162024, ""lon"": 73.897904}]",423.51,2026-07-18 17:58:36+05:30,2026-07-18 17:42:53+05:30,1,SHIP_1104,22.791342,75.817987,20.07142,73.883698,8232,LOW,2026-07-16 03:27:03+05:30,0.0
ASN_0104,100.0,t,51.0,22.22841,75.418401,2026-07-18 10:51:11+05:30,,,,AVAILABLE,VEH_002,GJ23F8773,3500,22.238889,75.423451,"[{""lat"": 22.749061, ""lon"": 75.743695}, {""lat"": 22.015157, ""lon"": 75.189515}, {""lat"": 21.013808, ""lon"": 74.556639}, {""lat"": 20.162024, ""lon"": 73.897904}]",423.51,2026-07-18 17:58:36+05:30,2026-07-18 17:42:53+05:30,2,SHIP_1104,22.791342,75.817987,20.07142,73.883698,8232,LOW,2026-07-16 03:27:03+05:30,0.0
ASN_0104,100.0,t,52.3,20.789554,74.360424,2026-07-18 15:27:50+05:30,,,,AVAILABLE,VEH_002,GJ23F8773,3500,20.811426,74.355238,"[{""lat"": 22.749061, ""lon"": 75.743695}, {""lat"": 22.015157, ""lon"": 75.189515}, {""lat"": 21.013808, ""lon"": 74.556639}, {""lat"": 20.162024, ""lon"": 73.897904}]",423.51,2026-07-18 17:58:36+05:30,2026-07-18 17:42:53+05:30,3,SHIP_1104,22.791342,75.817987,20.07142,73.883698,8232,LOW,2026-07-16 03:27:03+05:30,0.0
ASN_0144,69.1,f,53.9,27.456412,79.812964,2026-07-18 21:05:08+05:30,,,,AVAILABLE,VEH_002,GJ23F8773,3500,27.446406,79.798773,"[{""lat"": 27.059724, ""lon"": 80.829758}, {""lat"": 27.526739, ""lon"": 79.638595}, {""lat"": 28.086519, ""lon"": 78.373925}, {""lat"": 28.792054, ""lon"": 77.094554}]",573.04,2026-07-19 04:25:42+05:30,2026-07-19 04:36:56+05:30,1,SHIP_1144,27.034638,80.888941,28.634647,77.055695,2495,MEDIUM,2026-07-16 04:25:15+05:30,0.0
ASN_0144,69.1,f,56.6,27.547824,79.60331,2026-07-18 21:42:57+05:30,,,,AVAILABLE,VEH_002,GJ23F8773,3500,27.558084,79.613754,"[{""lat"": 27.059724, ""lon"": 80.829758}, {""lat"": 27.526739, ""lon"": 79.638595}, {""lat"": 28.086519, ""lon"": 78.373925}, {""lat"": 28.792054, ""lon"": 77.094554}]",573.04,2026-07-19 04:25:42+05:30,2026-07-19 04:36:56+05:30,2,SHIP_1144,27.034638,80.888941,28.634647,77.055695,2495,MEDIUM,2026-07-16 04:25:15+05:30,0.0
ASN_0144,69.1,f,41.6,27.702083,79.286978,2026-07-18 22:35:15+05:30,,,,AVAILABLE,VEH_002,GJ23F8773,3500,27.724913,79.298932,"[{""lat"": 27.059724, ""lon"": 80.829758}, {""lat"": 27.526739, ""lon"": 79.638595}, {""lat"": 28.086519, ""lon"": 78.373925}, {""lat"": 28.792054, ""lon"": 77.094554}]",573.04,2026-07-19 04:25:42+05:30,2026-07-19 04:36:56+05:30,3,SHIP_1144,27.034638,80.888941,28.634647,77.055695,2495,MEDIUM,2026-07-16 04:25:15+05:30,0.0
ASN_0184,22.0,t,54.3,19.045056,84.808037,2026-07-19 08:14:45+05:30,,,,AVAILABLE,VEH_002,GJ23F8773,3500,19.046369,84.811835,"[{""lat"": 20.471539, ""lon"": 85.771944}, {""lat"": 18.537182, ""lon"": 84.46478}, {""lat"": 16.637428, ""lon"": 83.08055}, {""lat"": 14.792094, ""lon"": 81.673018}, {""lat"": 12.967787, ""lon"": 80.314814}]",1168.37,2026-07-19 23:41:19+05:30,2026-07-19 23:07:39+05:30,1,SHIP_1184,20.434101,85.768172,12.944617,80.364458,916,LOW,2026-07-17 12:04:41+05:30,0.0
ASN_0184,22.0,t,78.5,18.032023,83.990518,2026-07-19 10:47:52+05:30,,,,AVAILABLE,VEH_002,GJ23F8773,3500,18.037641,83.986262,"[{""lat"": 20.471539, ""lon"": 85.771944}, {""lat"": 18.537182, ""lon"": 84.46478}, {""lat"": 16.637428, ""lon"": 83.08055}, {""lat"": 14.792094, ""lon"": 81.673018}, {""lat"": 12.967787, ""lon"": 80.314814}]",1168.37,2026-07-19 23:41:19+05:30,2026-07-19 23:07:39+05:30,2,SHIP_1184,20.434101,85.768172,12.944617,80.364458,916,LOW,2026-07-17 12:04:41+05:30,0.0
ASN_0184,22.0,t,48.7,17.453577,83.5986,2026-07-19 12:07:27+05:30,,,,AVAILABLE,VEH_002,GJ23F8773,3500,17.459026,83.59519,"[{""lat"": 20.471539, ""lon"": 85.771944}, {""lat"": 18.537182, ""lon"": 84.46478}, {""lat"": 16.637428, ""lon"": 83.08055}, {""lat"": 14.792094, ""lon"": 81.673018}, {""lat"": 12.967787, ""lon"": 80.314814}]",1168.37,2026-07-19 23:41:19+05:30,2026-07-19 23:07:39+05:30,3,SHIP_1184,20.434101,85.768172,12.944617,80.364458,916,LOW,2026-07-17 12:04:41+05:30,0.0
ASN_0184,22.0,t,77.9,16.73018,83.101556,2026-07-19 13:52:35+05:30,,,,AVAILABLE,VEH_002,GJ23F8773,3500,16.726873,83.095712,"[{""lat"": 20.471539, ""lon"": 85.771944}, {""lat"": 18.537182, ""lon"": 84.46478}, {""lat"": 16.637428, ""lon"": 83.08055}, {""lat"": 14.792094, ""lon"": 81.673018}, {""lat"": 12.967787, ""lon"": 80.314814}]",1168.37,2026-07-19 23:41:19+05:30,2026-07-19 23:07:39+05:30,4,SHIP_1184,20.434101,85.768172,12.944617,80.364458,916,LOW,2026-07-17 12:04:41+05:30,0.0
ASN_0184,22.0,t,62.7,15.023927,81.854443,2026-07-19 18:08:31+05:30,,,,AVAILABLE,VEH_002,GJ23F8773,3500,15.01785,81.838919,"[{""lat"": 20.471539, ""lon"": 85.771944}, {""lat"": 18.537182, ""lon"": 84.46478}, {""lat"": 16.637428, ""lon"": 83.08055}, {""lat"": 14.792094, ""lon"": 81.673018}, {""lat"": 12.967787, ""lon"": 80.314814}]",1168.37,2026-07-19 23:41:19+05:30,2026-07-19 23:07:39+05:30,5,SHIP_1184,20.434101,85.768172,12.944617,80.364458,916,LOW,2026-07-17 12:04:41+05:30,0.0
ASN_0184,22.0,t,60.1,14.096513,81.20284,2026-07-19 20:16:21+05:30,,,,AVAILABLE,VEH_002,GJ23F8773,3500,14.100075,81.208358,"[{""lat"": 20.471539, ""lon"": 85.771944}, {""lat"": 18.537182, ""lon"": 84.46478}, {""lat"": 16.637428, ""lon"": 83.08055}, {""lat"": 14.792094, ""lon"": 81.673018}, {""lat"": 12.967787, ""lon"": 80.314814}]",1168.37,2026-07-19 23:41:19+05:30,2026-07-19 23:07:39+05:30,6,SHIP_1184,20.434101,85.768172,12.944617,80.364458,916,LOW,2026-07-17 12:04:41+05:30,0.0
ASN_0184,22.0,t,52.2,13.898904,81.054174,2026-07-19 20:49:12+05:30,,,,AVAILABLE,VEH_002,GJ23F8773,3500,13.877356,81.048965,"[{""lat"": 20.471539, ""lon"": 85.771944}, {""lat"": 18.537182, ""lon"": 84.46478}, {""lat"": 16.637428, ""lon"": 83.08055}, {""lat"": 14.792094, ""lon"": 81.673018}, {""lat"": 12.967787, ""lon"": 80.314814}]",1168.37,2026-07-19 23:41:19+05:30,2026-07-19 23:07:39+05:30,7,SHIP_1184,20.434101,85.768172,12.944617,80.364458,916,LOW,2026-07-17 12:04:41+05:30,0.0
ASN_0017,100.0,t,57.0,15.870996,81.289509,2026-07-15 10:55:25+05:30,,,,ON_DUTY,VEH_003,MH42H2359,3500,15.877012,81.29002,"[{""lat"": 13.058362, ""lon"": 80.175619}, {""lat"": 17.188967, ""lon"": 81.862011}, {""lat"": 21.369182, ""lon"": 83.453367}, {""lat"": 25.54058, ""lon"": 85.265749}]",1870.36,2026-07-16 11:28:22+05:30,2026-07-16 11:05:58+05:30,1,SHIP_1017,13.063378,80.16983,25.538543,85.171629,4456,HIGH,2026-07-21 00:49:51+05:30,8034.433490233333
ASN_0017,100.0,t,52.0,20.832593,83.311913,2026-07-15 23:20:35+05:30,,,,ON_DUTY,VEH_003,MH42H2359,3500,20.822162,83.319844,"[{""lat"": 13.058362, ""lon"": 80.175619}, {""lat"": 17.188967, ""lon"": 81.862011}, {""lat"": 21.369182, ""lon"": 83.453367}, {""lat"": 25.54058, ""lon"": 85.265749}]",1870.36,2026-07-16 11:28:22+05:30,2026-07-16 11:05:58+05:30,2,SHIP_1017,13.063378,80.16983,25.538543,85.171629,4456,HIGH,2026-07-21 00:49:51+05:30,7289.2770323
ASN_0017,100.0,t,48.5,25.205359,85.054279,2026-07-16 10:13:53+05:30,,,,ON_DUTY,VEH_003,MH42H2359,3500,25.216173,85.059099,"[{""lat"": 13.058362, ""lon"": 80.175619}, {""lat"": 17.188967, ""lon"": 81.862011}, {""lat"": 21.369182, ""lon"": 83.453367}, {""lat"": 25.54058, ""lon"": 85.265749}]",1870.36,2026-07-16 11:28:22+05:30,2026-07-16 11:05:58+05:30,3,SHIP_1017,13.063378,80.16983,25.538543,85.171629,4456,HIGH,2026-07-21 00:49:51+05:30,6635.971121
ASN_0017,100.0,t,61.4,25.565835,85.143472,2026-07-16 11:04:47+05:30,,,,ON_DUTY,VEH_003,MH42H2359,3500,25.563059,85.127574,"[{""lat"": 13.058362, ""lon"": 80.175619}, {""lat"": 17.188967, ""lon"": 81.862011}, {""lat"": 21.369182, ""lon"": 83.453367}, {""lat"": 25.54058, ""lon"": 85.265749}]",1870.36,2026-07-16 11:28:22+05:30,2026-07-16 11:05:58+05:30,4,SHIP_1017,13.063378,80.16983,25.538543,85.171629,4456,HIGH,2026-07-21 00:49:51+05:30,6585.074066183332
ASN_0057,65.2,t,47.7,26.307183,79.886172,2026-07-16 12:37:30+05:30,,,,ON_DUTY,VEH_003,MH42H2359,3500,26.313342,79.884707,"[{""lat"": 26.560716, ""lon"": 80.341146}, {""lat"": 22.97623, ""lon"": 72.594597}]",1010.69,2026-07-17 08:12:00+05:30,2026-07-17 07:59:00+05:30,1,SHIP_1057,26.511272,80.291806,23.015714,72.597498,2233,MEDIUM,2026-07-17 13:36:57+05:30,1499.4465534666667
ASN_0057,65.2,t,39.5,25.800375,78.760901,2026-07-16 15:40:02+05:30,,,,ON_DUTY,VEH_003,MH42H2359,3500,25.799906,78.754486,"[{""lat"": 26.560716, ""lon"": 80.341146}, {""lat"": 22.97623, ""lon"": 72.594597}]",1010.69,2026-07-17 08:12:00+05:30,2026-07-17 07:59:00+05:30,2,SHIP_1057,26.511272,80.291806,23.015714,72.597498,2233,MEDIUM,2026-07-17 13:36:57+05:30,1316.9186037
ASN_0057,65.2,t,40.7,25.804325,78.634035,2026-07-16 16:02:18+05:30,,,,ON_DUTY,VEH_003,MH42H2359,3500,25.794355,78.629653,"[{""lat"": 26.560716, ""lon"": 80.341146}, {""lat"": 22.97623, ""lon"": 72.594597}]",1010.69,2026-07-17 08:12:00+05:30,2026-07-17 07:59:00+05:30,3,SHIP_1057,26.511272,80.291806,23.015714,72.597498,2233,MEDIUM,2026-07-17 13:36:57+05:30,1294.6490712833333
ASN_0057,65.2,t,41.7,25.610384,78.366604,2026-07-16 16:39:53+05:30,,,,ON_DUTY,VEH_003,MH42H2359,3500,25.619223,78.362338,"[{""lat"": 26.560716, ""lon"": 80.341146}, {""lat"": 22.97623, ""lon"": 72.594597}]",1010.69,2026-07-17 08:12:00+05:30,2026-07-17 07:59:00+05:30,4,SHIP_1057,26.511272,80.291806,23.015714,72.597498,2233,MEDIUM,2026-07-17 13:36:57+05:30,1257.06796995
ASN_0057,65.2,t,37.3,24.360124,75.564761,2026-07-17 00:03:12+05:30,,,,ON_DUTY,VEH_003,MH42H2359,3500,24.35946,75.56261,"[{""lat"": 26.560716, ""lon"": 80.341146}, {""lat"": 22.97623, ""lon"": 72.594597}]",1010.69,2026-07-17 08:12:00+05:30,2026-07-17 07:59:00+05:30,5,SHIP_1057,26.511272,80.291806,23.015714,72.597498,2233,MEDIUM,2026-07-17 13:36:57+05:30,813.7514074
ASN_0097,100.0,t,47.6,22.280994,73.492734,2026-07-17 11:52:42+05:30,,,,ON_DUTY,VEH_003,MH42H2359,3500,22.298154,73.495304,"[{""lat"": 21.095266, ""lon"": 72.766927}, {""lat"": 23.733654, ""lon"": 74.425917}, {""lat"": 26.207806, ""lon"": 75.918749}, {""lat"": 28.677999, ""lon"": 77.386652}]",1295.18,2026-07-18 07:42:35+05:30,2026-07-18 07:47:13+05:30,1,SHIP_1097,21.195681,72.831429,28.698385,77.405219,8197,LOW,2026-07-19 11:04:01+05:30,2831.32637115
ASN_0097,100.0,t,66.2,24.180575,74.680495,2026-07-17 17:47:42+05:30,,,,ON_DUTY,VEH_003,MH42H2359,3500,24.179695,74.685855,"[{""lat"": 21.095266, ""lon"": 72.766927}, {""lat"": 23.733654, ""lon"": 74.425917}, {""lat"": 26.207806, ""lon"": 75.918749}, {""lat"": 28.677999, ""lon"": 77.386652}]",1295.18,2026-07-18 07:42:35+05:30,2026-07-18 07:47:13+05:30,2,SHIP_1097,21.195681,72.831429,28.698385,77.405219,8197,LOW,2026-07-19 11:04:01+05:30,2476.3253247666667
ASN_0097,100.0,t,33.3,24.302458,74.725608,2026-07-17 18:14:22+05:30,,,,ON_DUTY,VEH_003,MH42H2359,3500,24.314662,74.706624,"[{""lat"": 21.095266, ""lon"": 72.766927}, {""lat"": 23.733654, ""lon"": 74.425917}, {""lat"": 26.207806, ""lon"": 75.918749}, {""lat"": 28.677999, ""lon"": 77.386652}]",1295.18,2026-07-18 07:42:35+05:30,2026-07-18 07:47:13+05:30,3,SHIP_1097,21.195681,72.831429,28.698385,77.405219,8197,LOW,2026-07-19 11:04:01+05:30,2449.6621422333333
ASN_0137,37.5,t,61.8,20.190348,73.690119,2026-07-18 08:36:17+05:30,LOW_SPEED,0.54,2026-07-18 10:31:37+05:30,ON_DUTY,VEH_003,MH42H2359,3500,20.163276,73.683188,"[{""lat"": 20.158707, ""lon"": 73.818214}, {""lat"": 20.878422, ""lon"": 73.566953}, {""lat"": 21.562956, ""lon"": 73.35184}, {""lat"": 22.332934, ""lon"": 73.086255}]",305.6,2026-07-18 14:55:04+05:30,2026-07-18 14:51:34+05:30,1,SHIP_1137,20.128101,73.729632,22.32527,73.109414,1350,HIGH,2026-07-16 18:46:10+05:30,0.0
ASN_0137,37.5,t,72.3,21.024133,73.447576,2026-07-18 10:56:42+05:30,LOW_SPEED,0.54,2026-07-18 10:31:37+05:30,ON_DUTY,VEH_003,MH42H2359,3500,20.998249,73.461942,"[{""lat"": 20.158707, ""lon"": 73.818214}, {""lat"": 20.878422, ""lon"": 73.566953}, {""lat"": 21.562956, ""lon"": 73.35184}, {""lat"": 22.332934, ""lon"": 73.086255}]",305.6,2026-07-18 14:55:04+05:30,2026-07-18 14:51:34+05:30,2,SHIP_1137,20.128101,73.729632,22.32527,73.109414,1350,HIGH,2026-07-16 18:46:10+05:30,0.0
ASN_0137,37.5,t,44.1,21.338245,73.415151,2026-07-18 11:49:42+05:30,LOW_SPEED,0.54,2026-07-18 10:31:37+05:30,ON_DUTY,VEH_003,MH42H2359,3500,21.341817,73.406179,"[{""lat"": 20.158707, ""lon"": 73.818214}, {""lat"": 20.878422, ""lon"": 73.566953}, {""lat"": 21.562956, ""lon"": 73.35184}, {""lat"": 22.332934, ""lon"": 73.086255}]",305.6,2026-07-18 14:55:04+05:30,2026-07-18 14:51:34+05:30,3,SHIP_1137,20.128101,73.729632,22.32527,73.109414,1350,HIGH,2026-07-16 18:46:10+05:30,0.0
ASN_0177,100.0,t,60.7,25.505903,85.283769,2026-07-18 15:59:24+05:30,,,,ON_DUTY,VEH_003,MH42H2359,3500,25.515281,85.304961,"[{""lat"": 25.649512, ""lon"": 85.115649}, {""lat"": 24.650098, ""lon"": 86.239056}, {""lat"": 23.466681, ""lon"": 87.258947}, {""lat"": 22.454274, ""lon"": 88.267696}]",627.05,2026-07-19 02:56:02+05:30,2026-07-19 03:13:58+05:30,1,SHIP_1177,25.641299,85.182739,22.493041,88.300574,4366,MEDIUM,2026-07-18 10:27:19+05:30,0.0
ASN_0177,100.0,t,52.8,24.991902,85.856416,2026-07-18 18:02:06+05:30,,,,ON_DUTY,VEH_003,MH42H2359,3500,24.995789,85.856139,"[{""lat"": 25.649512, ""lon"": 85.115649}, {""lat"": 24.650098, ""lon"": 86.239056}, {""lat"": 23.466681, ""lon"": 87.258947}, {""lat"": 22.454274, ""lon"": 88.267696}]",627.05,2026-07-19 02:56:02+05:30,2026-07-19 03:13:58+05:30,2,SHIP_1177,25.641299,85.182739,22.493041,88.300574,4366,MEDIUM,2026-07-18 10:27:19+05:30,0.0
ASN_0177,100.0,t,46.6,24.87053,85.993925,2026-07-18 18:29:58+05:30,,,,ON_DUTY,VEH_003,MH42H2359,3500,24.863654,86.007598,"[{""lat"": 25.649512, ""lon"": 85.115649}, {""lat"": 24.650098, ""lon"": 86.239056}, {""lat"": 23.466681, ""lon"": 87.258947}, {""lat"": 22.454274, ""lon"": 88.267696}]",627.05,2026-07-19 02:56:02+05:30,2026-07-19 03:13:58+05:30,3,SHIP_1177,25.641299,85.182739,22.493041,88.300574,4366,MEDIUM,2026-07-18 10:27:19+05:30,0.0
ASN_0177,100.0,t,66.8,24.637441,86.178362,2026-07-18 19:16:49+05:30,,,,ON_DUTY,VEH_003,MH42H2359,3500,24.633565,86.175565,"[{""lat"": 25.649512, ""lon"": 85.115649}, {""lat"": 24.650098, ""lon"": 86.239056}, {""lat"": 23.466681, ""lon"": 87.258947}, {""lat"": 22.454274, ""lon"": 88.267696}]",627.05,2026-07-19 02:56:02+05:30,2026-07-19 03:13:58+05:30,4,SHIP_1177,25.641299,85.182739,22.493041,88.300574,4366,MEDIUM,2026-07-18 10:27:19+05:30,0.0
ASN_0177,100.0,t,63.6,24.603495,86.162146,2026-07-18 19:20:58+05:30,,,,ON_DUTY,VEH_003,MH42H2359,3500,24.591404,86.156459,"[{""lat"": 25.649512, ""lon"": 85.115649}, {""lat"": 24.650098, ""lon"": 86.239056}, {""lat"": 23.466681, ""lon"": 87.258947}, {""lat"": 22.454274, ""lon"": 88.267696}]",627.05,2026-07-19 02:56:02+05:30,2026-07-19 03:13:58+05:30,5,SHIP_1177,25.641299,85.182739,22.493041,88.300574,4366,MEDIUM,2026-07-18 10:27:19+05:30,0.0
ASN_0177,100.0,t,54.3,23.787303,87.018625,2026-07-18 22:21:50+05:30,,,,ON_DUTY,VEH_003,MH42H2359,3500,23.787457,87.00183,"[{""lat"": 25.649512, ""lon"": 85.115649}, {""lat"": 24.650098, ""lon"": 86.239056}, {""lat"": 23.466681, ""lon"": 87.258947}, {""lat"": 22.454274, ""lon"": 88.267696}]",627.05,2026-07-19 02:56:02+05:30,2026-07-19 03:13:58+05:30,6,SHIP_1177,25.641299,85.182739,22.493041,88.300574,4366,MEDIUM,2026-07-18 10:27:19+05:30,0.0
ASN_0177,100.0,t,58.0,22.758137,88.006781,2026-07-19 02:14:26+05:30,,,,ON_DUTY,VEH_003,MH42H2359,3500,22.761804,88.006607,"[{""lat"": 25.649512, ""lon"": 85.115649}, {""lat"": 24.650098, ""lon"": 86.239056}, {""lat"": 23.466681, ""lon"": 87.258947}, {""lat"": 22.454274, ""lon"": 88.267696}]",627.05,2026-07-19 02:56:02+05:30,2026-07-19 03:13:58+05:30,7,SHIP_1177,25.641299,85.182739,22.493041,88.300574,4366,MEDIUM,2026-07-18 10:27:19+05:30,0.0
ASN_0018,100.0,t,66.8,20.169063,84.48122,2026-07-15 03:25:31+05:30,,,,AVAILABLE,VEH_004,MH59G6793,1500,20.168582,84.478729,"[{""lat"": 20.289383, ""lon"": 85.754956}, {""lat"": 20.227598, ""lon"": 81.851211}, {""lat"": 20.163471, ""lon"": 77.854335}, {""lat"": 19.993786, ""lon"": 73.777886}]",1476.1,2026-07-15 23:56:58+05:30,2026-07-15 23:59:32+05:30,1,SHIP_1018,20.234311,85.820014,20.055999,73.836532,2994,HIGH,2026-07-18 09:48:44+05:30,4703.227820383333
ASN_0018,100.0,t,43.0,20.179689,81.77856,2026-07-15 08:42:59+05:30,,,,AVAILABLE,VEH_004,MH59G6793,1500,20.176678,81.770281,"[{""lat"": 20.289383, ""lon"": 85.754956}, {""lat"": 20.227598, ""lon"": 81.851211}, {""lat"": 20.163471, ""lon"": 77.854335}, {""lat"": 19.993786, ""lon"": 73.777886}]",1476.1,2026-07-15 23:56:58+05:30,2026-07-15 23:59:32+05:30,2,SHIP_1018,20.234311,85.820014,20.055999,73.836532,2994,HIGH,2026-07-18 09:48:44+05:30,4385.758171866666
ASN_0018,100.0,t,62.8,20.138879,81.053096,2026-07-15 10:04:11+05:30,,,,AVAILABLE,VEH_004,MH59G6793,1500,20.136215,81.03855,"[{""lat"": 20.289383, ""lon"": 85.754956}, {""lat"": 20.227598, ""lon"": 81.851211}, {""lat"": 20.163471, ""lon"": 77.854335}, {""lat"": 19.993786, ""lon"": 73.777886}]",1476.1,2026-07-15 23:56:58+05:30,2026-07-15 23:59:32+05:30,3,SHIP_1018,20.234311,85.820014,20.055999,73.836532,2994,HIGH,2026-07-18 09:48:44+05:30,4304.563113266667
ASN_0018,100.0,t,53.5,20.085466,76.506552,2026-07-15 18:55:36+05:30,,,,AVAILABLE,VEH_004,MH59G6793,1500,20.068595,76.509304,"[{""lat"": 20.289383, ""lon"": 85.754956}, {""lat"": 20.227598, ""lon"": 81.851211}, {""lat"": 20.163471, ""lon"": 77.854335}, {""lat"": 19.993786, ""lon"": 73.777886}]",1476.1,2026-07-15 23:56:58+05:30,2026-07-15 23:59:32+05:30,4,SHIP_1018,20.234311,85.820014,20.055999,73.836532,2994,HIGH,2026-07-18 09:48:44+05:30,3773.1456798
ASN_0018,100.0,t,52.9,20.106387,76.430196,2026-07-15 19:00:50+05:30,,,,AVAILABLE,VEH_004,MH59G6793,1500,20.116368,76.422343,"[{""lat"": 20.289383, ""lon"": 85.754956}, {""lat"": 20.227598, ""lon"": 81.851211}, {""lat"": 20.163471, ""lon"": 77.854335}, {""lat"": 19.993786, ""lon"": 73.777886}]",1476.1,2026-07-15 23:56:58+05:30,2026-07-15 23:59:32+05:30,5,SHIP_1018,20.234311,85.820014,20.055999,73.836532,2994,HIGH,2026-07-18 09:48:44+05:30,3767.907577066667
ASN_0058,100.0,f,73.3,25.280204,74.417279,2026-07-16 05:20:57+05:30,,,,AVAILABLE,VEH_004,MH59G6793,1500,25.303155,74.417515,"[{""lat"": 26.936674, ""lon"": 75.792605}, {""lat"": 25.005445, ""lon"": 74.16244}, {""lat"": 22.952554, ""lon"": 72.715521}]",703.04,2026-07-16 11:32:16+05:30,2026-07-16 11:45:07+05:30,1,SHIP_1058,26.890029,75.788531,23.031263,72.676735,2019,LOW,2026-07-16 12:17:56+05:30,416.98303934999996
ASN_0058,100.0,f,82.7,25.200663,74.441022,2026-07-16 05:29:50+05:30,,,,AVAILABLE,VEH_004,MH59G6793,1500,25.188783,74.441899,"[{""lat"": 26.936674, ""lon"": 75.792605}, {""lat"": 25.005445, ""lon"": 74.16244}, {""lat"": 22.952554, ""lon"": 72.715521}]",703.04,2026-07-16 11:32:16+05:30,2026-07-16 11:45:07+05:30,2,SHIP_1058,26.890029,75.788531,23.031263,72.676735,2019,LOW,2026-07-16 12:17:56+05:30,408.10866211666666
ASN_0058,100.0,f,66.0,24.729528,74.060446,2026-07-16 06:50:44+05:30,,,,AVAILABLE,VEH_004,MH59G6793,1500,24.736125,74.056229,"[{""lat"": 26.936674, ""lon"": 75.792605}, {""lat"": 25.005445, ""lon"": 74.16244}, {""lat"": 22.952554, ""lon"": 72.715521}]",703.04,2026-07-16 11:32:16+05:30,2026-07-16 11:45:07+05:30,3,SHIP_1058,26.890029,75.788531,23.031263,72.676735,2019,LOW,2026-07-16 12:17:56+05:30,327.19874
ASN_0058,100.0,f,57.8,23.406435,72.965085,2026-07-16 10:40:24+05:30,,,,AVAILABLE,VEH_004,MH59G6793,1500,23.405019,72.963665,"[{""lat"": 26.936674, ""lon"": 75.792605}, {""lat"": 25.005445, ""lon"": 74.16244}, {""lat"": 22.952554, ""lon"": 72.715521}]",703.04,2026-07-16 11:32:16+05:30,2026-07-16 11:45:07+05:30,4,SHIP_1058,26.890029,75.788531,23.031263,72.676735,2019,LOW,2026-07-16 12:17:56+05:30,97.54003311666666
ASN_0098,57.7,t,64.5,23.500607,77.611654,2026-07-16 13:15:18+05:30,LONG_STOP,0.05,2026-07-16 19:28:40+05:30,AVAILABLE,VEH_004,MH59G6793,1500,23.501369,77.616413,"[{""lat"": 23.33468, ""lon"": 77.362733}, {""lat"": 25.048165, ""lon"": 79.165541}, {""lat"": 26.733244, ""lon"": 80.952443}]",697.4,2026-07-17 00:23:48+05:30,2026-07-16 23:58:53+05:30,1,SHIP_1098,23.309266,77.363584,26.762002,80.950396,922,MEDIUM,2026-07-17 11:15:47+05:30,1320.47550805
ASN_0098,57.7,t,63.5,24.526664,78.638656,2026-07-16 16:34:16+05:30,LONG_STOP,0.05,2026-07-16 19:28:40+05:30,AVAILABLE,VEH_004,MH59G6793,1500,24.528111,78.640419,"[{""lat"": 23.33468, ""lon"": 77.362733}, {""lat"": 25.048165, ""lon"": 79.165541}, {""lat"": 26.733244, ""lon"": 80.952443}]",697.4,2026-07-17 00:23:48+05:30,2026-07-16 23:58:53+05:30,2,SHIP_1098,23.309266,77.363584,26.762002,80.950396,922,MEDIUM,2026-07-17 11:15:47+05:30,1121.5179183
ASN_0098,57.7,t,49.1,25.446644,79.57221,2026-07-16 19:33:23+05:30,LONG_STOP,0.05,2026-07-16 19:28:40+05:30,AVAILABLE,VEH_004,MH59G6793,1500,25.440287,79.575518,"[{""lat"": 23.33468, ""lon"": 77.362733}, {""lat"": 25.048165, ""lon"": 79.165541}, {""lat"": 26.733244, ""lon"": 80.952443}]",697.4,2026-07-17 00:23:48+05:30,2026-07-16 23:58:53+05:30,3,SHIP_1098,23.309266,77.363584,26.762002,80.950396,922,MEDIUM,2026-07-17 11:15:47+05:30,942.3954622
ASN_0138,66.8,t,41.9,25.381771,75.231646,2026-07-17 05:57:21+05:30,ROUTE_DEVIATION,0.54,2026-07-17 18:42:08+05:30,AVAILABLE,VEH_004,MH59G6793,1500,25.388595,75.232558,"[{""lat"": 27.151153, ""lon"": 75.826405}, {""lat"": 24.510905, ""lon"": 74.858172}, {""lat"": 21.8726, ""lon"": 73.948125}, {""lat"": 19.043533, ""lon"": 72.90914}]",1184.28,2026-07-18 02:42:21+05:30,2026-07-18 02:37:38+05:30,1,SHIP_1138,27.101395,75.825943,19.018697,72.934091,1060,LOW,2026-07-16 10:49:19+05:30,0.0
ASN_0138,66.8,t,52.3,24.411247,74.890568,2026-07-17 09:10:26+05:30,ROUTE_DEVIATION,0.54,2026-07-17 18:42:08+05:30,AVAILABLE,VEH_004,MH59G6793,1500,24.417215,74.900657,"[{""lat"": 27.151153, ""lon"": 75.826405}, {""lat"": 24.510905, ""lon"": 74.858172}, {""lat"": 21.8726, ""lon"": 73.948125}, {""lat"": 19.043533, ""lon"": 72.90914}]",1184.28,2026-07-18 02:42:21+05:30,2026-07-18 02:37:38+05:30,2,SHIP_1138,27.101395,75.825943,19.018697,72.934091,1060,LOW,2026-07-16 10:49:19+05:30,0.0
ASN_0138,66.8,t,31.7,24.165307,74.767147,2026-07-17 10:06:40+05:30,ROUTE_DEVIATION,0.54,2026-07-17 18:42:08+05:30,AVAILABLE,VEH_004,MH59G6793,1500,24.151457,74.780644,"[{""lat"": 27.151153, ""lon"": 75.826405}, {""lat"": 24.510905, ""lon"": 74.858172}, {""lat"": 21.8726, ""lon"": 73.948125}, {""lat"": 19.043533, ""lon"": 72.90914}]",1184.28,2026-07-18 02:42:21+05:30,2026-07-18 02:37:38+05:30,3,SHIP_1138,27.101395,75.825943,19.018697,72.934091,1060,LOW,2026-07-16 10:49:19+05:30,0.0
ASN_0138,66.8,t,41.0,19.766997,73.198777,2026-07-18 00:15:41+05:30,ROUTE_DEVIATION,0.54,2026-07-17 18:42:08+05:30,AVAILABLE,VEH_004,MH59G6793,1500,19.767313,73.199025,"[{""lat"": 27.151153, ""lon"": 75.826405}, {""lat"": 24.510905, ""lon"": 74.858172}, {""lat"": 21.8726, ""lon"": 73.948125}, {""lat"": 19.043533, ""lon"": 72.90914}]",1184.28,2026-07-18 02:42:21+05:30,2026-07-18 02:37:38+05:30,4,SHIP_1138,27.101395,75.825943,19.018697,72.934091,1060,LOW,2026-07-16 10:49:19+05:30,0.0
ASN_0178,100.0,t,35.0,24.127824,77.391328,2026-07-18 11:53:52+05:30,LOW_SPEED,0.44,2026-07-18 09:16:30+05:30,AVAILABLE,VEH_004,MH59G6793,1500,24.118335,77.392335,"[{""lat"": 26.975182, ""lon"": 75.784502}, {""lat"": 21.121037, ""lon"": 79.104439}]",864.11,2026-07-18 20:53:51+05:30,2026-07-18 20:57:58+05:30,1,SHIP_1178,27.011467,75.748516,21.083118,79.115356,2183,MEDIUM,2026-07-19 07:58:18+05:30,1204.4283353666665
ASN_0178,100.0,t,58.9,23.151872,77.942473,2026-07-18 14:47:21+05:30,LOW_SPEED,0.44,2026-07-18 09:16:30+05:30,AVAILABLE,VEH_004,MH59G6793,1500,23.161799,77.945701,"[{""lat"": 26.975182, ""lon"": 75.784502}, {""lat"": 21.121037, ""lon"": 79.104439}]",864.11,2026-07-18 20:53:51+05:30,2026-07-18 20:57:58+05:30,2,SHIP_1178,27.011467,75.748516,21.083118,79.115356,2183,MEDIUM,2026-07-19 07:58:18+05:30,1030.94517015
ASN_0178,100.0,t,54.4,22.249531,78.448172,2026-07-18 17:28:24+05:30,LOW_SPEED,0.44,2026-07-18 09:16:30+05:30,AVAILABLE,VEH_004,MH59G6793,1500,22.258727,78.448778,"[{""lat"": 26.975182, ""lon"": 75.784502}, {""lat"": 21.121037, ""lon"": 79.104439}]",864.11,2026-07-18 20:53:51+05:30,2026-07-18 20:57:58+05:30,3,SHIP_1178,27.011467,75.748516,21.083118,79.115356,2183,MEDIUM,2026-07-19 07:58:18+05:30,869.8912164
ASN_0178,100.0,t,34.7,21.910627,78.644021,2026-07-18 18:30:51+05:30,LOW_SPEED,0.44,2026-07-18 09:16:30+05:30,AVAILABLE,VEH_004,MH59G6793,1500,21.900618,78.651678,"[{""lat"": 26.975182, ""lon"": 75.784502}, {""lat"": 21.121037, ""lon"": 79.104439}]",864.11,2026-07-18 20:53:51+05:30,2026-07-18 20:57:58+05:30,4,SHIP_1178,27.011467,75.748516,21.083118,79.115356,2183,MEDIUM,2026-07-19 07:58:18+05:30,807.4537899333334
ASN_0010,87.0,t,48.9,20.275791,85.718358,2026-07-15 03:42:38+05:30,,,,AVAILABLE,VEH_005,UP34G6655,3500,20.285309,85.718053,"[{""lat"": 20.351192, ""lon"": 85.686644}, {""lat"": 20.847694, ""lon"": 86.37938}, {""lat"": 21.363082, ""lon"": 87.052426}, {""lat"": 22.019028, ""lon"": 87.660489}, {""lat"": 22.62191, ""lon"": 88.325816}]",460.73,2026-07-15 11:43:51+05:30,2026-07-15 11:59:25+05:30,1,SHIP_1010,20.30147,85.717071,22.523282,88.340352,3053,HIGH,2026-07-18 08:50:52+05:30,4628.233488416667
ASN_0010,87.0,t,65.7,20.693082,86.154817,2026-07-15 05:02:15+05:30,,,,AVAILABLE,VEH_005,UP34G6655,3500,20.695389,86.156904,"[{""lat"": 20.351192, ""lon"": 85.686644}, {""lat"": 20.847694, ""lon"": 86.37938}, {""lat"": 21.363082, ""lon"": 87.052426}, {""lat"": 22.019028, ""lon"": 87.660489}, {""lat"": 22.62191, ""lon"": 88.325816}]",460.73,2026-07-15 11:43:51+05:30,2026-07-15 11:59:25+05:30,2,SHIP_1010,20.30147,85.717071,22.523282,88.340352,3053,HIGH,2026-07-18 08:50:52+05:30,4548.608746616666
ASN_0010,87.0,t,50.3,20.715558,86.20901,2026-07-15 05:11:49+05:30,,,,AVAILABLE,VEH_005,UP34G6655,3500,20.720481,86.235221,"[{""lat"": 20.351192, ""lon"": 85.686644}, {""lat"": 20.847694, ""lon"": 86.37938}, {""lat"": 21.363082, ""lon"": 87.052426}, {""lat"": 22.019028, ""lon"": 87.660489}, {""lat"": 22.62191, ""lon"": 88.325816}]",460.73,2026-07-15 11:43:51+05:30,2026-07-15 11:59:25+05:30,3,SHIP_1010,20.30147,85.717071,22.523282,88.340352,3053,HIGH,2026-07-18 08:50:52+05:30,4539.044386133333
ASN_0010,87.0,t,50.5,21.432378,87.049335,2026-07-15 07:55:37+05:30,,,,AVAILABLE,VEH_005,UP34G6655,3500,21.417892,87.061224,"[{""lat"": 20.351192, ""lon"": 85.686644}, {""lat"": 20.847694, ""lon"": 86.37938}, {""lat"": 21.363082, ""lon"": 87.052426}, {""lat"": 22.019028, ""lon"": 87.660489}, {""lat"": 22.62191, ""lon"": 88.325816}]",460.73,2026-07-15 11:43:51+05:30,2026-07-15 11:59:25+05:30,4,SHIP_1010,20.30147,85.717071,22.523282,88.340352,3053,HIGH,2026-07-18 08:50:52+05:30,4375.251672016666
ASN_0010,87.0,t,75.8,21.762448,87.446593,2026-07-15 09:08:49+05:30,,,,AVAILABLE,VEH_005,UP34G6655,3500,21.78754,87.437707,"[{""lat"": 20.351192, ""lon"": 85.686644}, {""lat"": 20.847694, ""lon"": 86.37938}, {""lat"": 21.363082, ""lon"": 87.052426}, {""lat"": 22.019028, ""lon"": 87.660489}, {""lat"": 22.62191, ""lon"": 88.325816}]",460.73,2026-07-15 11:43:51+05:30,2026-07-15 11:59:25+05:30,5,SHIP_1010,20.30147,85.717071,22.523282,88.340352,3053,HIGH,2026-07-18 08:50:52+05:30,4302.0370843
ASN_0010,87.0,t,61.4,21.817749,87.494908,2026-07-15 09:16:45+05:30,,,,AVAILABLE,VEH_005,UP34G6655,3500,21.822548,87.494692,"[{""lat"": 20.351192, ""lon"": 85.686644}, {""lat"": 20.847694, ""lon"": 86.37938}, {""lat"": 21.363082, ""lon"": 87.052426}, {""lat"": 22.019028, ""lon"": 87.660489}, {""lat"": 22.62191, ""lon"": 88.325816}]",460.73,2026-07-15 11:43:51+05:30,2026-07-15 11:59:25+05:30,6,SHIP_1010,20.30147,85.717071,22.523282,88.340352,3053,HIGH,2026-07-18 08:50:52+05:30,4294.106072733333
ASN_0010,87.0,t,60.8,22.266088,88.011441,2026-07-15 10:54:43+05:30,,,,AVAILABLE,VEH_005,UP34G6655,3500,22.278582,88.020431,"[{""lat"": 20.351192, ""lon"": 85.686644}, {""lat"": 20.847694, ""lon"": 86.37938}, {""lat"": 21.363082, ""lon"": 87.052426}, {""lat"": 22.019028, ""lon"": 87.660489}, {""lat"": 22.62191, ""lon"": 88.325816}]",460.73,2026-07-15 11:43:51+05:30,2026-07-15 11:59:25+05:30,7,SHIP_1010,20.30147,85.717071,22.523282,88.340352,3053,HIGH,2026-07-18 08:50:52+05:30,4196.14450825
ASN_0050,83.3,t,56.8,17.920409,77.623296,2026-07-15 14:29:51+05:30,,,,AVAILABLE,VEH_005,UP34G6655,3500,17.911451,77.621531,"[{""lat"": 17.358886, ""lon"": 78.360944}, {""lat"": 18.32409, ""lon"": 76.998889}, {""lat"": 19.364258, ""lon"": 75.506332}, {""lat"": 20.327154, ""lon"": 74.256685}, {""lat"": 21.309394, ""lon"": 72.791854}]",998.11,2026-07-16 04:09:02+05:30,2026-07-16 04:18:15+05:30,1,SHIP_1050,17.401604,78.378004,21.300929,72.839451,2722,LOW,2026-07-16 17:06:17+05:30,1596.4366762833333
ASN_0050,83.3,t,69.8,18.980497,76.08727,2026-07-15 18:59:01+05:30,,,,AVAILABLE,VEH_005,UP34G6655,3500,18.97902,76.091884,"[{""lat"": 17.358886, ""lon"": 78.360944}, {""lat"": 18.32409, ""lon"": 76.998889}, {""lat"": 19.364258, ""lon"": 75.506332}, {""lat"": 20.327154, ""lon"": 74.256685}, {""lat"": 21.309394, ""lon"": 72.791854}]",998.11,2026-07-16 04:09:02+05:30,2026-07-16 04:18:15+05:30,2,SHIP_1050,17.401604,78.378004,21.300929,72.839451,2722,LOW,2026-07-16 17:06:17+05:30,1327.2720288833334
ASN_0050,83.3,t,57.0,19.292487,75.636514,2026-07-15 20:11:17+05:30,,,,AVAILABLE,VEH_005,UP34G6655,3500,19.304067,75.646823,"[{""lat"": 17.358886, ""lon"": 78.360944}, {""lat"": 18.32409, ""lon"": 76.998889}, {""lat"": 19.364258, ""lon"": 75.506332}, {""lat"": 20.327154, ""lon"": 74.256685}, {""lat"": 21.309394, ""lon"": 72.791854}]",998.11,2026-07-16 04:09:02+05:30,2026-07-16 04:18:15+05:30,3,SHIP_1050,17.401604,78.378004,21.300929,72.839451,2722,LOW,2026-07-16 17:06:17+05:30,1255.00089965
ASN_0050,83.3,t,60.1,19.761669,75.036936,2026-07-15 22:03:46+05:30,,,,AVAILABLE,VEH_005,UP34G6655,3500,19.776796,75.04177,"[{""lat"": 17.358886, ""lon"": 78.360944}, {""lat"": 18.32409, ""lon"": 76.998889}, {""lat"": 19.364258, ""lon"": 75.506332}, {""lat"": 20.327154, ""lon"": 74.256685}, {""lat"": 21.309394, ""lon"": 72.791854}]",998.11,2026-07-16 04:09:02+05:30,2026-07-16 04:18:15+05:30,4,SHIP_1050,17.401604,78.378004,21.300929,72.839451,2722,LOW,2026-07-16 17:06:17+05:30,1142.5277309500002
ASN_0050,83.3,t,55.6,20.541992,73.920536,2026-07-16 01:14:43+05:30,,,,AVAILABLE,VEH_005,UP34G6655,3500,20.532639,73.90603,"[{""lat"": 17.358886, ""lon"": 78.360944}, {""lat"": 18.32409, ""lon"": 76.998889}, {""lat"": 19.364258, ""lon"": 75.506332}, {""lat"": 20.327154, ""lon"": 74.256685}, {""lat"": 21.309394, ""lon"": 72.791854}]",998.11,2026-07-16 04:09:02+05:30,2026-07-16 04:18:15+05:30,5,SHIP_1050,17.401604,78.378004,21.300929,72.839451,2722,LOW,2026-07-16 17:06:17+05:30,951.5708309666667
ASN_0050,83.3,t,62.6,21.090633,73.144435,2026-07-16 03:25:31+05:30,,,,AVAILABLE,VEH_005,UP34G6655,3500,21.086535,73.158814,"[{""lat"": 17.358886, ""lon"": 78.360944}, {""lat"": 18.32409, ""lon"": 76.998889}, {""lat"": 19.364258, ""lon"": 75.506332}, {""lat"": 20.327154, ""lon"": 74.256685}, {""lat"": 21.309394, ""lon"": 72.791854}]",998.11,2026-07-16 04:09:02+05:30,2026-07-16 04:18:15+05:30,6,SHIP_1050,17.401604,78.378004,21.300929,72.839451,2722,LOW,2026-07-16 17:06:17+05:30,820.7682514
ASN_0090,71.4,t,64.8,26.733127,81.178732,2026-07-16 05:26:51+05:30,,,,AVAILABLE,VEH_005,UP34G6655,3500,26.735857,81.16839,"[{""lat"": 26.708423, ""lon"": 80.979621}, {""lat"": 26.239369, ""lon"": 83.04728}, {""lat"": 25.699728, ""lon"": 85.014834}]",559.63,2026-07-16 15:55:18+05:30,2026-07-16 16:20:53+05:30,1,SHIP_1090,26.795424,81.009607,25.622025,85.08318,2664,LOW,2026-07-19 08:24:26+05:30,4497.584840333334
ASN_0090,71.4,t,66.0,26.573522,81.758025,2026-07-16 07:09:34+05:30,,,,AVAILABLE,VEH_005,UP34G6655,3500,26.576681,81.76292,"[{""lat"": 26.708423, ""lon"": 80.979621}, {""lat"": 26.239369, ""lon"": 83.04728}, {""lat"": 25.699728, ""lon"": 85.014834}]",559.63,2026-07-16 15:55:18+05:30,2026-07-16 16:20:53+05:30,2,SHIP_1090,26.795424,81.009607,25.622025,85.08318,2664,LOW,2026-07-19 08:24:26+05:30,4394.859647416667
ASN_0090,71.4,t,43.7,26.112831,83.311321,2026-07-16 11:32:35+05:30,,,,AVAILABLE,VEH_005,UP34G6655,3500,26.101664,83.315024,"[{""lat"": 26.708423, ""lon"": 80.979621}, {""lat"": 26.239369, ""lon"": 83.04728}, {""lat"": 25.699728, ""lon"": 85.014834}]",559.63,2026-07-16 15:55:18+05:30,2026-07-16 16:20:53+05:30,3,SHIP_1090,26.795424,81.009607,25.622025,85.08318,2664,LOW,2026-07-19 08:24:26+05:30,4131.845482516666
ASN_0090,71.4,t,47.6,26.093735,83.436261,2026-07-16 11:49:22+05:30,,,,AVAILABLE,VEH_005,UP34G6655,3500,26.1094,83.426667,"[{""lat"": 26.708423, ""lon"": 80.979621}, {""lat"": 26.239369, ""lon"": 83.04728}, {""lat"": 25.699728, ""lon"": 85.014834}]",559.63,2026-07-16 15:55:18+05:30,2026-07-16 16:20:53+05:30,4,SHIP_1090,26.795424,81.009607,25.622025,85.08318,2664,LOW,2026-07-19 08:24:26+05:30,4115.0727817
ASN_0090,71.4,t,44.5,25.890263,84.083663,2026-07-16 13:35:14+05:30,,,,AVAILABLE,VEH_005,UP34G6655,3500,25.885975,84.088977,"[{""lat"": 26.708423, ""lon"": 80.979621}, {""lat"": 26.239369, ""lon"": 83.04728}, {""lat"": 25.699728, ""lon"": 85.014834}]",559.63,2026-07-16 15:55:18+05:30,2026-07-16 16:20:53+05:30,5,SHIP_1090,26.795424,81.009607,25.622025,85.08318,2664,LOW,2026-07-19 08:24:26+05:30,4009.1986084333334
ASN_0090,71.4,t,51.3,25.897084,84.212965,2026-07-16 14:01:56+05:30,,,,AVAILABLE,VEH_005,UP34G6655,3500,25.897499,84.212126,"[{""lat"": 26.708423, ""lon"": 80.979621}, {""lat"": 26.239369, ""lon"": 83.04728}, {""lat"": 25.699728, ""lon"": 85.014834}]",559.63,2026-07-16 15:55:18+05:30,2026-07-16 16:20:53+05:30,6,SHIP_1090,26.795424,81.009607,25.622025,85.08318,2664,LOW,2026-07-19 08:24:26+05:30,3982.50675865
ASN_0090,71.4,t,61.5,25.675794,84.876715,2026-07-16 15:47:38+05:30,,,,AVAILABLE,VEH_005,UP34G6655,3500,25.671143,84.875441,"[{""lat"": 26.708423, ""lon"": 80.979621}, {""lat"": 26.239369, ""lon"": 83.04728}, {""lat"": 25.699728, ""lon"": 85.014834}]",559.63,2026-07-16 15:55:18+05:30,2026-07-16 16:20:53+05:30,7,SHIP_1090,26.795424,81.009607,25.622025,85.08318,2664,LOW,2026-07-19 08:24:26+05:30,3876.7939770000003
ASN_0130,100.0,t,63.8,18.466492,73.908423,2026-07-16 17:15:45+05:30,,,,AVAILABLE,VEH_005,UP34G6655,3500,18.455796,73.907403,"[{""lat"": 18.477645, ""lon"": 73.903905}, {""lat"": 20.541093, ""lon"": 74.299523}, {""lat"": 22.661045, ""lon"": 74.785198}, {""lat"": 24.800172, ""lon"": 75.15704}, {""lat"": 26.970054, ""lon"": 75.670905}]",1194.75,2026-07-17 14:48:04+05:30,2026-07-17 15:06:04+05:30,1,SHIP_1130,18.468942,73.906477,26.958148,75.644653,6383,HIGH,2026-07-20 16:53:09+05:30,5737.405113716667
ASN_0130,100.0,t,46.4,19.529581,74.170094,2026-07-16 19:55:41+05:30,,,,AVAILABLE,VEH_005,UP34G6655,3500,19.529104,74.176681,"[{""lat"": 18.477645, ""lon"": 73.903905}, {""lat"": 20.541093, ""lon"": 74.299523}, {""lat"": 22.661045, ""lon"": 74.785198}, {""lat"": 24.800172, ""lon"": 75.15704}, {""lat"": 26.970054, ""lon"": 75.670905}]",1194.75,2026-07-17 14:48:04+05:30,2026-07-17 15:06:04+05:30,2,SHIP_1130,18.468942,73.906477,26.958148,75.644653,6383,HIGH,2026-07-20 16:53:09+05:30,5577.468009316667
ASN_0130,100.0,t,59.4,20.180945,74.232623,2026-07-16 21:37:24+05:30,,,,AVAILABLE,VEH_005,UP34G6655,3500,20.182021,74.23708,"[{""lat"": 18.477645, ""lon"": 73.903905}, {""lat"": 20.541093, ""lon"": 74.299523}, {""lat"": 22.661045, ""lon"": 74.785198}, {""lat"": 24.800172, ""lon"": 75.15704}, {""lat"": 26.970054, ""lon"": 75.670905}]",1194.75,2026-07-17 14:48:04+05:30,2026-07-17 15:06:04+05:30,3,SHIP_1130,18.468942,73.906477,26.958148,75.644653,6383,HIGH,2026-07-20 16:53:09+05:30,5475.758151700001
ASN_0130,100.0,t,59.4,23.953798,75.045139,2026-07-17 07:17:48+05:30,,,,AVAILABLE,VEH_005,UP34G6655,3500,23.956904,75.034155,"[{""lat"": 18.477645, ""lon"": 73.903905}, {""lat"": 20.541093, ""lon"": 74.299523}, {""lat"": 22.661045, ""lon"": 74.785198}, {""lat"": 24.800172, ""lon"": 75.15704}, {""lat"": 26.970054, ""lon"": 75.670905}]",1194.75,2026-07-17 14:48:04+05:30,2026-07-17 15:06:04+05:30,4,SHIP_1130,18.468942,73.906477,26.958148,75.644653,6383,HIGH,2026-07-20 16:53:09+05:30,4895.356570499999
ASN_0130,100.0,t,51.3,24.163151,75.07733,2026-07-17 07:54:06+05:30,,,,AVAILABLE,VEH_005,UP34G6655,3500,24.164127,75.069077,"[{""lat"": 18.477645, ""lon"": 73.903905}, {""lat"": 20.541093, ""lon"": 74.299523}, {""lat"": 22.661045, ""lon"": 74.785198}, {""lat"": 24.800172, ""lon"": 75.15704}, {""lat"": 26.970054, ""lon"": 75.670905}]",1194.75,2026-07-17 14:48:04+05:30,2026-07-17 15:06:04+05:30,5,SHIP_1130,18.468942,73.906477,26.958148,75.644653,6383,HIGH,2026-07-20 16:53:09+05:30,4859.053972966666
ASN_0130,100.0,t,51.4,25.969386,75.478961,2026-07-17 12:28:21+05:30,,,,AVAILABLE,VEH_005,UP34G6655,3500,25.973389,75.47662,"[{""lat"": 18.477645, ""lon"": 73.903905}, {""lat"": 20.541093, ""lon"": 74.299523}, {""lat"": 22.661045, ""lon"": 74.785198}, {""lat"": 24.800172, ""lon"": 75.15704}, {""lat"": 26.970054, ""lon"": 75.670905}]",1194.75,2026-07-17 14:48:04+05:30,2026-07-17 15:06:04+05:30,6,SHIP_1130,18.468942,73.906477,26.958148,75.644653,6383,HIGH,2026-07-20 16:53:09+05:30,4584.796337633334
ASN_0170,100.0,t,33.7,22.664908,75.876818,2026-07-17 15:23:21+05:30,,,,AVAILABLE,VEH_005,UP34G6655,3500,22.681301,75.863928,"[{""lat"": 22.656333, ""lon"": 75.943951}, {""lat"": 22.574654, ""lon"": 75.295831}, {""lat"": 22.520837, ""lon"": 74.682747}, {""lat"": 22.417508, ""lon"": 74.038066}, {""lat"": 22.276242, ""lon"": 73.376297}]",369.77,2026-07-17 22:40:53+05:30,2026-07-17 22:36:52+05:30,1,SHIP_1170,22.706352,75.910174,22.322359,73.345825,6690,HIGH,2026-07-18 20:16:39+05:30,1733.3015638666666
ASN_0170,100.0,t,32.5,22.686956,75.754719,2026-07-17 15:45:42+05:30,,,,AVAILABLE,VEH_005,UP34G6655,3500,22.683584,75.761346,"[{""lat"": 22.656333, ""lon"": 75.943951}, {""lat"": 22.574654, ""lon"": 75.295831}, {""lat"": 22.520837, ""lon"": 74.682747}, {""lat"": 22.417508, ""lon"": 74.038066}, {""lat"": 22.276242, ""lon"": 73.376297}]",369.77,2026-07-17 22:40:53+05:30,2026-07-17 22:36:52+05:30,2,SHIP_1170,22.706352,75.910174,22.322359,73.345825,6690,HIGH,2026-07-18 20:16:39+05:30,1710.9626176666668
ASN_0170,100.0,t,46.8,22.567209,75.024392,2026-07-17 17:54:49+05:30,,,,AVAILABLE,VEH_005,UP34G6655,3500,22.567277,75.020544,"[{""lat"": 22.656333, ""lon"": 75.943951}, {""lat"": 22.574654, ""lon"": 75.295831}, {""lat"": 22.520837, ""lon"": 74.682747}, {""lat"": 22.417508, ""lon"": 74.038066}, {""lat"": 22.276242, ""lon"": 73.376297}]",369.77,2026-07-17 22:40:53+05:30,2026-07-17 22:36:52+05:30,3,SHIP_1170,22.706352,75.910174,22.322359,73.345825,6690,HIGH,2026-07-18 20:16:39+05:30,1581.8384502666668
ASN_0170,100.0,t,54.1,22.499484,74.520773,2026-07-17 19:23:39+05:30,,,,AVAILABLE,VEH_005,UP34G6655,3500,22.501428,74.514589,"[{""lat"": 22.656333, ""lon"": 75.943951}, {""lat"": 22.574654, ""lon"": 75.295831}, {""lat"": 22.520837, ""lon"": 74.682747}, {""lat"": 22.417508, ""lon"": 74.038066}, {""lat"": 22.276242, ""lon"": 73.376297}]",369.77,2026-07-17 22:40:53+05:30,2026-07-17 22:36:52+05:30,4,SHIP_1170,22.706352,75.910174,22.322359,73.345825,6690,HIGH,2026-07-18 20:16:39+05:30,1493.00306635
ASN_0170,100.0,t,39.3,22.456935,74.374727,2026-07-17 19:47:00+05:30,,,,AVAILABLE,VEH_005,UP34G6655,3500,22.447804,74.373752,"[{""lat"": 22.656333, ""lon"": 75.943951}, {""lat"": 22.574654, ""lon"": 75.295831}, {""lat"": 22.520837, ""lon"": 74.682747}, {""lat"": 22.417508, ""lon"": 74.038066}, {""lat"": 22.276242, ""lon"": 73.376297}]",369.77,2026-07-17 22:40:53+05:30,2026-07-17 22:36:52+05:30,5,SHIP_1170,22.706352,75.910174,22.322359,73.345825,6690,HIGH,2026-07-18 20:16:39+05:30,1469.6631357833332
ASN_0170,100.0,t,26.8,22.316193,73.400706,2026-07-17 22:34:11+05:30,,,,AVAILABLE,VEH_005,UP34G6655,3500,22.319806,73.407833,"[{""lat"": 22.656333, ""lon"": 75.943951}, {""lat"": 22.574654, ""lon"": 75.295831}, {""lat"": 22.520837, ""lon"": 74.682747}, {""lat"": 22.417508, ""lon"": 74.038066}, {""lat"": 22.276242, ""lon"": 73.376297}]",369.77,2026-07-17 22:40:53+05:30,2026-07-17 22:36:52+05:30,6,SHIP_1170,22.706352,75.910174,22.322359,73.345825,6690,HIGH,2026-07-18 20:16:39+05:30,1302.4748385166668
ASN_0038,52.3,f,62.3,25.033312,85.112269,2026-07-15 01:39:00+05:30,LOW_SPEED,0.79,2026-07-15 12:24:37+05:30,AVAILABLE,VEH_006,OD19B2735,2500,25.028517,85.109168,"[{""lat"": 25.443628, ""lon"": 85.089671}, {""lat"": 24.282116, ""lon"": 85.221752}, {""lat"": 22.77858, ""lon"": 85.508553}, {""lat"": 21.562683, ""lon"": 85.689611}, {""lat"": 20.253776, ""lon"": 85.81209}]",823.15,2026-07-15 13:24:04+05:30,2026-07-15 13:53:24+05:30,1,SHIP_1038,25.522589,85.041048,20.25595,85.830872,1165,MEDIUM,2026-07-21 03:55:05+05:30,8776.0755609
ASN_0038,52.3,f,55.2,23.931093,85.285031,2026-07-15 04:27:02+05:30,LOW_SPEED,0.79,2026-07-15 12:24:37+05:30,AVAILABLE,VEH_006,OD19B2735,2500,23.928197,85.28359,"[{""lat"": 25.443628, ""lon"": 85.089671}, {""lat"": 24.282116, ""lon"": 85.221752}, {""lat"": 22.77858, ""lon"": 85.508553}, {""lat"": 21.562683, ""lon"": 85.689611}, {""lat"": 20.253776, ""lon"": 85.81209}]",823.15,2026-07-15 13:24:04+05:30,2026-07-15 13:53:24+05:30,2,SHIP_1038,25.522589,85.041048,20.25595,85.830872,1165,MEDIUM,2026-07-21 03:55:05+05:30,8608.049981433334
ASN_0038,52.3,f,62.2,21.013226,85.72869,2026-07-15 12:01:00+05:30,LOW_SPEED,0.79,2026-07-15 12:24:37+05:30,AVAILABLE,VEH_006,OD19B2735,2500,21.018588,85.732751,"[{""lat"": 25.443628, ""lon"": 85.089671}, {""lat"": 24.282116, ""lon"": 85.221752}, {""lat"": 22.77858, ""lon"": 85.508553}, {""lat"": 21.562683, ""lon"": 85.689611}, {""lat"": 20.253776, ""lon"": 85.81209}]",823.15,2026-07-15 13:24:04+05:30,2026-07-15 13:53:24+05:30,3,SHIP_1038,25.522589,85.041048,20.25595,85.830872,1165,MEDIUM,2026-07-21 03:55:05+05:30,8154.078384583334
ASN_0038,52.3,f,81.2,20.528973,85.80332,2026-07-15 13:14:46+05:30,LOW_SPEED,0.79,2026-07-15 12:24:37+05:30,AVAILABLE,VEH_006,OD19B2735,2500,20.542419,85.80291,"[{""lat"": 25.443628, ""lon"": 85.089671}, {""lat"": 24.282116, ""lon"": 85.221752}, {""lat"": 22.77858, ""lon"": 85.508553}, {""lat"": 21.562683, ""lon"": 85.689611}, {""lat"": 20.253776, ""lon"": 85.81209}]",823.15,2026-07-15 13:24:04+05:30,2026-07-15 13:53:24+05:30,4,SHIP_1038,25.522589,85.041048,20.25595,85.830872,1165,MEDIUM,2026-07-21 03:55:05+05:30,8080.305521316666
ASN_0078,100.0,t,42.3,20.983865,86.952517,2026-07-15 20:01:17+05:30,,,,AVAILABLE,VEH_006,OD19B2735,2500,20.965839,86.956891,"[{""lat"": 22.624901, ""lon"": 88.407336}, {""lat"": 13.126829, ""lon"": 80.183445}]",1595.86,2026-07-16 21:47:10+05:30,2026-07-16 21:45:28+05:30,1,SHIP_1078,22.607488,88.368794,13.086657,80.247804,7623,MEDIUM,2026-07-16 02:43:11+05:30,401.91492638333335
ASN_0078,100.0,t,55.0,20.075838,86.226604,2026-07-15 23:01:07+05:30,,,,AVAILABLE,VEH_006,OD19B2735,2500,20.06949,86.230066,"[{""lat"": 22.624901, ""lon"": 88.407336}, {""lat"": 13.126829, ""lon"": 80.183445}]",1595.86,2026-07-16 21:47:10+05:30,2026-07-16 21:45:28+05:30,2,SHIP_1078,22.607488,88.368794,13.086657,80.247804,7623,MEDIUM,2026-07-16 02:43:11+05:30,222.07887825
ASN_0078,100.0,t,54.6,15.090254,81.975655,2026-07-16 15:12:45+05:30,,,,AVAILABLE,VEH_006,OD19B2735,2500,15.080368,81.975677,"[{""lat"": 22.624901, ""lon"": 88.407336}, {""lat"": 13.126829, ""lon"": 80.183445}]",1595.86,2026-07-16 21:47:10+05:30,2026-07-16 21:45:28+05:30,3,SHIP_1078,22.607488,88.368794,13.086657,80.247804,7623,MEDIUM,2026-07-16 02:43:11+05:30,0.0
ASN_0078,100.0,t,60.4,13.579284,80.660902,2026-07-16 20:09:30+05:30,,,,AVAILABLE,VEH_006,OD19B2735,2500,13.596414,80.657224,"[{""lat"": 22.624901, ""lon"": 88.407336}, {""lat"": 13.126829, ""lon"": 80.183445}]",1595.86,2026-07-16 21:47:10+05:30,2026-07-16 21:45:28+05:30,4,SHIP_1078,22.607488,88.368794,13.086657,80.247804,7623,MEDIUM,2026-07-16 02:43:11+05:30,0.0
ASN_0118,100.0,t,51.6,27.02929,77.318589,2026-07-17 03:12:31+05:30,,,,AVAILABLE,VEH_006,OD19B2735,2500,27.019064,77.322005,"[{""lat"": 28.713138, ""lon"": 77.359892}, {""lat"": 26.853465, ""lon"": 77.299516}, {""lat"": 25.033303, ""lon"": 77.344078}, {""lat"": 23.197212, ""lon"": 77.278092}]",717.34,2026-07-17 13:44:37+05:30,2026-07-17 13:42:18+05:30,1,SHIP_1118,28.698713,77.330342,23.273084,77.293755,5698,LOW,2026-07-20 05:14:12+05:30,4441.685925216666
ASN_0118,100.0,t,31.7,26.60333,77.337438,2026-07-17 04:31:33+05:30,,,,AVAILABLE,VEH_006,OD19B2735,2500,26.593577,77.321301,"[{""lat"": 28.713138, ""lon"": 77.359892}, {""lat"": 26.853465, ""lon"": 77.299516}, {""lat"": 25.033303, ""lon"": 77.344078}, {""lat"": 23.197212, ""lon"": 77.278092}]",717.34,2026-07-17 13:44:37+05:30,2026-07-17 13:42:18+05:30,2,SHIP_1118,28.698713,77.330342,23.273084,77.293755,5698,LOW,2026-07-20 05:14:12+05:30,4362.64868655
ASN_0118,100.0,t,54.5,24.560174,77.314497,2026-07-17 10:11:25+05:30,,,,AVAILABLE,VEH_006,OD19B2735,2500,24.55139,77.30283,"[{""lat"": 28.713138, ""lon"": 77.359892}, {""lat"": 26.853465, ""lon"": 77.299516}, {""lat"": 25.033303, ""lon"": 77.344078}, {""lat"": 23.197212, ""lon"": 77.278092}]",717.34,2026-07-17 13:44:37+05:30,2026-07-17 13:42:18+05:30,3,SHIP_1118,28.698713,77.330342,23.273084,77.293755,5698,LOW,2026-07-20 05:14:12+05:30,4022.7905850166667
ASN_0158,100.0,t,40.7,25.995913,75.555713,2026-07-18 01:44:29+05:30,,,,AVAILABLE,VEH_006,OD19B2735,2500,25.989709,75.557351,"[{""lat"": 22.249778, ""lon"": 73.176697}, {""lat"": 28.678356, ""lon"": 77.217291}]",1012.64,2026-07-18 10:11:09+05:30,2026-07-18 10:13:42+05:30,1,SHIP_1158,22.301747,73.28233,28.6913,77.209073,7295,MEDIUM,2026-07-20 10:40:21+05:30,3415.8574379666666
ASN_0158,100.0,t,47.1,27.310872,76.347893,2026-07-18 05:56:37+05:30,,,,AVAILABLE,VEH_006,OD19B2735,2500,27.322882,76.349803,"[{""lat"": 22.249778, ""lon"": 73.176697}, {""lat"": 28.678356, ""lon"": 77.217291}]",1012.64,2026-07-18 10:11:09+05:30,2026-07-18 10:13:42+05:30,2,SHIP_1158,22.301747,73.28233,28.6913,77.209073,7295,MEDIUM,2026-07-20 10:40:21+05:30,3163.7327090999997
ASN_0158,100.0,t,47.3,28.593383,77.128326,2026-07-18 09:49:41+05:30,,,,AVAILABLE,VEH_006,OD19B2735,2500,28.57946,77.122564,"[{""lat"": 22.249778, ""lon"": 73.176697}, {""lat"": 28.678356, ""lon"": 77.217291}]",1012.64,2026-07-18 10:11:09+05:30,2026-07-18 10:13:42+05:30,3,SHIP_1158,22.301747,73.28233,28.6913,77.209073,7295,MEDIUM,2026-07-20 10:40:21+05:30,2930.6605314833337
ASN_0198,100.0,t,56.9,17.04092,79.098514,2026-07-18 19:34:35+05:30,GEOFENCE_BREACH,0.46,2026-07-19 05:21:04+05:30,AVAILABLE,VEH_006,OD19B2735,2500,17.072423,79.099226,"[{""lat"": 13.077596, ""lon"": 80.361618}, {""lat"": 16.598195, ""lon"": 79.26767}, {""lat"": 20.066022, ""lon"": 78.141602}, {""lat"": 23.479721, ""lon"": 77.009934}, {""lat"": 26.947939, ""lon"": 75.962365}]",1889.29,2026-07-19 17:50:20+05:30,2026-07-19 18:03:02+05:30,1,SHIP_1198,13.087836,80.355659,26.995011,75.912132,2972,MEDIUM,2026-07-20 11:25:36+05:30,2391.00913685
ASN_0198,100.0,t,64.5,19.202751,78.38863,2026-07-19 00:30:12+05:30,GEOFENCE_BREACH,0.46,2026-07-19 05:21:04+05:30,AVAILABLE,VEH_006,OD19B2735,2500,19.206843,78.39635,"[{""lat"": 13.077596, ""lon"": 80.361618}, {""lat"": 16.598195, ""lon"": 79.26767}, {""lat"": 20.066022, ""lon"": 78.141602}, {""lat"": 23.479721, ""lon"": 77.009934}, {""lat"": 26.947939, ""lon"": 75.962365}]",1889.29,2026-07-19 17:50:20+05:30,2026-07-19 18:03:02+05:30,2,SHIP_1198,13.087836,80.355659,26.995011,75.912132,2972,MEDIUM,2026-07-20 11:25:36+05:30,2095.40267665
ASN_0198,100.0,t,66.0,19.447993,78.295774,2026-07-19 01:01:32+05:30,GEOFENCE_BREACH,0.46,2026-07-19 05:21:04+05:30,AVAILABLE,VEH_006,OD19B2735,2500,19.444903,78.292913,"[{""lat"": 13.077596, ""lon"": 80.361618}, {""lat"": 16.598195, ""lon"": 79.26767}, {""lat"": 20.066022, ""lon"": 78.141602}, {""lat"": 23.479721, ""lon"": 77.009934}, {""lat"": 26.947939, ""lon"": 75.962365}]",1889.29,2026-07-19 17:50:20+05:30,2026-07-19 18:03:02+05:30,3,SHIP_1198,13.087836,80.355659,26.995011,75.912132,2972,MEDIUM,2026-07-20 11:25:36+05:30,2064.0572772166665
ASN_0198,100.0,t,53.4,21.775498,77.558889,2026-07-19 06:20:51+05:30,GEOFENCE_BREACH,0.46,2026-07-19 05:21:04+05:30,AVAILABLE,VEH_006,OD19B2735,2500,21.775133,77.544355,"[{""lat"": 13.077596, ""lon"": 80.361618}, {""lat"": 16.598195, ""lon"": 79.26767}, {""lat"": 20.066022, ""lon"": 78.141602}, {""lat"": 23.479721, ""lon"": 77.009934}, {""lat"": 26.947939, ""lon"": 75.962365}]",1889.29,2026-07-19 17:50:20+05:30,2026-07-19 18:03:02+05:30,4,SHIP_1198,13.087836,80.355659,26.995011,75.912132,2972,MEDIUM,2026-07-20 11:25:36+05:30,1744.7539680833333
ASN_0016,53.0,f,71.1,11.672481,76.785781,2026-07-15 01:52:53+05:30,,,,ON_DUTY,VEH_007,MH29C9532,10200,11.670537,76.783202,"[{""lat"": 11.011384, ""lon"": 76.931194}, {""lat"": 16.604602, ""lon"": 75.047217}, {""lat"": 22.255949, ""lon"": 73.245216}]",1687.71,2026-07-16 04:02:45+05:30,2026-07-16 03:51:30+05:30,1,SHIP_1016,10.966003,77.057607,22.277532,73.202879,5278,HIGH,2026-07-19 10:49:34+05:30,6296.685292616667
ASN_0016,53.0,f,68.1,12.206043,76.6122,2026-07-15 03:06:36+05:30,,,,ON_DUTY,VEH_007,MH29C9532,10200,12.206226,76.616992,"[{""lat"": 11.011384, ""lon"": 76.931194}, {""lat"": 16.604602, ""lon"": 75.047217}, {""lat"": 22.255949, ""lon"": 73.245216}]",1687.71,2026-07-16 04:02:45+05:30,2026-07-16 03:51:30+05:30,2,SHIP_1016,10.966003,77.057607,22.277532,73.202879,5278,HIGH,2026-07-19 10:49:34+05:30,6222.968649616667
ASN_0016,53.0,f,53.3,17.617985,74.796448,2026-07-15 16:26:57+05:30,,,,ON_DUTY,VEH_007,MH29C9532,10200,17.627529,74.807744,"[{""lat"": 11.011384, ""lon"": 76.931194}, {""lat"": 16.604602, ""lon"": 75.047217}, {""lat"": 22.255949, ""lon"": 73.245216}]",1687.71,2026-07-16 04:02:45+05:30,2026-07-16 03:51:30+05:30,3,SHIP_1016,10.966003,77.057607,22.277532,73.202879,5278,HIGH,2026-07-19 10:49:34+05:30,5422.622307316667
ASN_0016,53.0,f,66.7,21.741468,73.402103,2026-07-16 02:29:50+05:30,,,,ON_DUTY,VEH_007,MH29C9532,10200,21.714409,73.410452,"[{""lat"": 11.011384, ""lon"": 76.931194}, {""lat"": 16.604602, ""lon"": 75.047217}, {""lat"": 22.255949, ""lon"": 73.245216}]",1687.71,2026-07-16 04:02:45+05:30,2026-07-16 03:51:30+05:30,4,SHIP_1016,10.966003,77.057607,22.277532,73.202879,5278,HIGH,2026-07-19 10:49:34+05:30,4819.738485016667
ASN_0056,5.0,t,52.1,18.98094,84.8981,2026-07-16 10:34:20+05:30,LOW_SPEED,0.84,2026-07-16 16:43:38+05:30,ON_DUTY,VEH_007,MH29C9532,10200,18.978563,84.892893,"[{""lat"": 20.346641, ""lon"": 85.988108}, {""lat"": 17.859448, ""lon"": 84.014879}, {""lat"": 15.540062, ""lon"": 82.158786}, {""lat"": 13.148035, ""lon"": 80.348284}]",1384.17,2026-07-17 11:30:49+05:30,2026-07-17 11:05:46+05:30,1,SHIP_1056,20.313714,85.91724,13.044353,80.345752,784,LOW,2026-07-20 02:31:06+05:30,5276.76696025
ASN_0056,5.0,t,42.4,18.830794,84.76858,2026-07-16 10:59:53+05:30,LOW_SPEED,0.84,2026-07-16 16:43:38+05:30,ON_DUTY,VEH_007,MH29C9532,10200,18.805349,84.770369,"[{""lat"": 20.346641, ""lon"": 85.988108}, {""lat"": 17.859448, ""lon"": 84.014879}, {""lat"": 15.540062, ""lon"": 82.158786}, {""lat"": 13.148035, ""lon"": 80.348284}]",1384.17,2026-07-17 11:30:49+05:30,2026-07-17 11:05:46+05:30,2,SHIP_1056,20.313714,85.91724,13.044353,80.345752,784,LOW,2026-07-20 02:31:06+05:30,5251.223335666667
ASN_0056,5.0,t,52.7,18.303155,84.428039,2026-07-16 13:12:55+05:30,LOW_SPEED,0.84,2026-07-16 16:43:38+05:30,ON_DUTY,VEH_007,MH29C9532,10200,18.298353,84.433687,"[{""lat"": 20.346641, ""lon"": 85.988108}, {""lat"": 17.859448, ""lon"": 84.014879}, {""lat"": 15.540062, ""lon"": 82.158786}, {""lat"": 13.148035, ""lon"": 80.348284}]",1384.17,2026-07-17 11:30:49+05:30,2026-07-17 11:05:46+05:30,3,SHIP_1056,20.313714,85.91724,13.044353,80.345752,784,LOW,2026-07-20 02:31:06+05:30,5118.185396383333
ASN_0056,5.0,t,26.5,17.265605,83.587799,2026-07-16 17:25:56+05:30,LOW_SPEED,0.84,2026-07-16 16:43:38+05:30,ON_DUTY,VEH_007,MH29C9532,10200,17.279967,83.593733,"[{""lat"": 20.346641, ""lon"": 85.988108}, {""lat"": 17.859448, ""lon"": 84.014879}, {""lat"": 15.540062, ""lon"": 82.158786}, {""lat"": 13.148035, ""lon"": 80.348284}]",1384.17,2026-07-17 11:30:49+05:30,2026-07-17 11:05:46+05:30,4,SHIP_1056,20.313714,85.91724,13.044353,80.345752,784,LOW,2026-07-20 02:31:06+05:30,4865.165199683333
ASN_0056,5.0,t,54.6,16.81431,83.251987,2026-07-16 19:18:50+05:30,LOW_SPEED,0.84,2026-07-16 16:43:38+05:30,ON_DUTY,VEH_007,MH29C9532,10200,16.819261,83.255809,"[{""lat"": 20.346641, ""lon"": 85.988108}, {""lat"": 17.859448, ""lon"": 84.014879}, {""lat"": 15.540062, ""lon"": 82.158786}, {""lat"": 13.148035, ""lon"": 80.348284}]",1384.17,2026-07-17 11:30:49+05:30,2026-07-17 11:05:46+05:30,5,SHIP_1056,20.313714,85.91724,13.044353,80.345752,784,LOW,2026-07-20 02:31:06+05:30,4752.261677066666
ASN_0056,5.0,t,46.1,15.224733,82.017274,2026-07-17 01:57:13+05:30,LOW_SPEED,0.84,2026-07-16 16:43:38+05:30,ON_DUTY,VEH_007,MH29C9532,10200,15.233935,82.008986,"[{""lat"": 20.346641, ""lon"": 85.988108}, {""lat"": 17.859448, ""lon"": 84.014879}, {""lat"": 15.540062, ""lon"": 82.158786}, {""lat"": 13.148035, ""lon"": 80.348284}]",1384.17,2026-07-17 11:30:49+05:30,2026-07-17 11:05:46+05:30,6,SHIP_1056,20.313714,85.91724,13.044353,80.345752,784,LOW,2026-07-20 02:31:06+05:30,4353.882159899999
ASN_0056,5.0,t,35.8,15.112075,81.970595,2026-07-17 02:24:01+05:30,LOW_SPEED,0.84,2026-07-16 16:43:38+05:30,ON_DUTY,VEH_007,MH29C9532,10200,15.122846,81.973025,"[{""lat"": 20.346641, ""lon"": 85.988108}, {""lat"": 17.859448, ""lon"": 84.014879}, {""lat"": 15.540062, ""lon"": 82.158786}, {""lat"": 13.148035, ""lon"": 80.348284}]",1384.17,2026-07-17 11:30:49+05:30,2026-07-17 11:05:46+05:30,7,SHIP_1056,20.313714,85.91724,13.044353,80.345752,784,LOW,2026-07-20 02:31:06+05:30,4327.076053333333
ASN_0096,33.7,t,75.6,14.714186,78.659996,2026-07-17 17:21:55+05:30,,,,ON_DUTY,VEH_007,MH29C9532,10200,14.703898,78.66843,"[{""lat"": 12.954216, ""lon"": 80.344224}, {""lat"": 17.158081, ""lon"": 76.691049}, {""lat"": 21.270477, ""lon"": 72.89306}]",1598.0,2026-07-18 12:44:37+05:30,2026-07-18 12:58:35+05:30,1,SHIP_1096,12.922018,80.26751,21.254933,72.882921,3587,HIGH,2026-07-20 19:04:20+05:30,4422.420240683334
ASN_0096,33.7,t,76.4,15.873303,77.61513,2026-07-17 20:57:39+05:30,,,,ON_DUTY,VEH_007,MH29C9532,10200,15.865249,77.615802,"[{""lat"": 12.954216, ""lon"": 80.344224}, {""lat"": 17.158081, ""lon"": 76.691049}, {""lat"": 21.270477, ""lon"": 72.89306}]",1598.0,2026-07-18 12:44:37+05:30,2026-07-18 12:58:35+05:30,2,SHIP_1096,12.922018,80.26751,21.254933,72.882921,3587,HIGH,2026-07-20 19:04:20+05:30,4206.67267455
ASN_0096,33.7,t,67.7,17.032588,76.570074,2026-07-18 00:21:54+05:30,,,,ON_DUTY,VEH_007,MH29C9532,10200,17.036911,76.558997,"[{""lat"": 12.954216, ""lon"": 80.344224}, {""lat"": 17.158081, ""lon"": 76.691049}, {""lat"": 21.270477, ""lon"": 72.89306}]",1598.0,2026-07-18 12:44:37+05:30,2026-07-18 12:58:35+05:30,3,SHIP_1096,12.922018,80.26751,21.254933,72.882921,3587,HIGH,2026-07-20 19:04:20+05:30,4002.43522355
ASN_0096,33.7,t,54.6,19.256136,74.648499,2026-07-18 06:57:30+05:30,,,,ON_DUTY,VEH_007,MH29C9532,10200,19.256204,74.641685,"[{""lat"": 12.954216, ""lon"": 80.344224}, {""lat"": 17.158081, ""lon"": 76.691049}, {""lat"": 21.270477, ""lon"": 72.89306}]",1598.0,2026-07-18 12:44:37+05:30,2026-07-18 12:58:35+05:30,4,SHIP_1096,12.922018,80.26751,21.254933,72.882921,3587,HIGH,2026-07-20 19:04:20+05:30,3606.8262873999997
ASN_0096,33.7,t,72.0,20.281974,73.754684,2026-07-18 09:55:35+05:30,,,,ON_DUTY,VEH_007,MH29C9532,10200,20.291863,73.734892,"[{""lat"": 12.954216, ""lon"": 80.344224}, {""lat"": 17.158081, ""lon"": 76.691049}, {""lat"": 21.270477, ""lon"": 72.89306}]",1598.0,2026-07-18 12:44:37+05:30,2026-07-18 12:58:35+05:30,5,SHIP_1096,12.922018,80.26751,21.254933,72.882921,3587,HIGH,2026-07-20 19:04:20+05:30,3428.7418699
ASN_0136,10.2,t,65.1,22.826864,87.762496,2026-07-18 14:44:02+05:30,,,,ON_DUTY,VEH_007,MH29C9532,10200,22.829156,87.76615,"[{""lat"": 22.457025, ""lon"": 88.200476}, {""lat"": 24.7251, ""lon"": 84.545477}, {""lat"": 26.935187, ""lon"": 80.858448}]",1113.95,2026-07-19 07:43:25+05:30,2026-07-19 07:50:20+05:30,1,SHIP_1136,22.510223,88.336948,26.919518,80.846867,1816,MEDIUM,2026-07-16 23:42:12+05:30,0.0
ASN_0136,10.2,t,62.6,23.146168,87.265299,2026-07-18 16:04:44+05:30,,,,ON_DUTY,VEH_007,MH29C9532,10200,23.118789,87.258897,"[{""lat"": 22.457025, ""lon"": 88.200476}, {""lat"": 24.7251, ""lon"": 84.545477}, {""lat"": 26.935187, ""lon"": 80.858448}]",1113.95,2026-07-19 07:43:25+05:30,2026-07-19 07:50:20+05:30,2,SHIP_1136,22.510223,88.336948,26.919518,80.846867,1816,MEDIUM,2026-07-16 23:42:12+05:30,0.0
ASN_0136,10.2,t,57.7,23.435781,86.78207,2026-07-18 17:15:15+05:30,,,,ON_DUTY,VEH_007,MH29C9532,10200,23.43328,86.775442,"[{""lat"": 22.457025, ""lon"": 88.200476}, {""lat"": 24.7251, ""lon"": 84.545477}, {""lat"": 26.935187, ""lon"": 80.858448}]",1113.95,2026-07-19 07:43:25+05:30,2026-07-19 07:50:20+05:30,3,SHIP_1136,22.510223,88.336948,26.919518,80.846867,1816,MEDIUM,2026-07-16 23:42:12+05:30,0.0
ASN_0136,10.2,t,54.7,24.146214,85.571546,2026-07-18 20:10:07+05:30,,,,ON_DUTY,VEH_007,MH29C9532,10200,24.138792,85.577112,"[{""lat"": 22.457025, ""lon"": 88.200476}, {""lat"": 24.7251, ""lon"": 84.545477}, {""lat"": 26.935187, ""lon"": 80.858448}]",1113.95,2026-07-19 07:43:25+05:30,2026-07-19 07:50:20+05:30,4,SHIP_1136,22.510223,88.336948,26.919518,80.846867,1816,MEDIUM,2026-07-16 23:42:12+05:30,0.0
ASN_0136,10.2,t,66.9,24.900586,84.224806,2026-07-18 23:25:42+05:30,,,,ON_DUTY,VEH_007,MH29C9532,10200,24.893573,84.228376,"[{""lat"": 22.457025, ""lon"": 88.200476}, {""lat"": 24.7251, ""lon"": 84.545477}, {""lat"": 26.935187, ""lon"": 80.858448}]",1113.95,2026-07-19 07:43:25+05:30,2026-07-19 07:50:20+05:30,5,SHIP_1136,22.510223,88.336948,26.919518,80.846867,1816,MEDIUM,2026-07-16 23:42:12+05:30,0.0
ASN_0136,10.2,t,71.1,26.762527,81.150318,2026-07-19 07:09:00+05:30,,,,ON_DUTY,VEH_007,MH29C9532,10200,26.756777,81.148655,"[{""lat"": 22.457025, ""lon"": 88.200476}, {""lat"": 24.7251, ""lon"": 84.545477}, {""lat"": 26.935187, ""lon"": 80.858448}]",1113.95,2026-07-19 07:43:25+05:30,2026-07-19 07:50:20+05:30,6,SHIP_1136,22.510223,88.336948,26.919518,80.846867,1816,MEDIUM,2026-07-16 23:42:12+05:30,0.0
ASN_0176,60.8,f,46.1,17.26197,75.471354,2026-07-20 00:09:55+05:30,,,,ON_DUTY,VEH_007,MH29C9532,10200,17.249509,75.463447,"[{""lat"": 12.934642, ""lon"": 77.546388}, {""lat"": 16.003421, ""lon"": 76.060162}, {""lat"": 19.1677, ""lon"": 74.599703}, {""lat"": 22.194645, ""lon"": 73.143048}]",1566.05,2026-07-20 17:45:38+05:30,2026-07-20 18:10:44+05:30,1,SHIP_1176,12.858056,77.541732,22.274172,73.088703,6697,MEDIUM,2026-07-17 01:27:55+05:30,0.0
ASN_0176,60.8,f,55.1,17.818625,75.188237,2026-07-20 02:15:59+05:30,,,,ON_DUTY,VEH_007,MH29C9532,10200,17.828879,75.180915,"[{""lat"": 12.934642, ""lon"": 77.546388}, {""lat"": 16.003421, ""lon"": 76.060162}, {""lat"": 19.1677, ""lon"": 74.599703}, {""lat"": 22.194645, ""lon"": 73.143048}]",1566.05,2026-07-20 17:45:38+05:30,2026-07-20 18:10:44+05:30,2,SHIP_1176,12.858056,77.541732,22.274172,73.088703,6697,MEDIUM,2026-07-17 01:27:55+05:30,0.0
ASN_0176,60.8,f,41.8,18.355379,74.955266,2026-07-20 04:05:13+05:30,,,,ON_DUTY,VEH_007,MH29C9532,10200,18.353894,74.976505,"[{""lat"": 12.934642, ""lon"": 77.546388}, {""lat"": 16.003421, ""lon"": 76.060162}, {""lat"": 19.1677, ""lon"": 74.599703}, {""lat"": 22.194645, ""lon"": 73.143048}]",1566.05,2026-07-20 17:45:38+05:30,2026-07-20 18:10:44+05:30,3,SHIP_1176,12.858056,77.541732,22.274172,73.088703,6697,MEDIUM,2026-07-17 01:27:55+05:30,0.0
ASN_0176,60.8,f,42.5,18.73862,74.78032,2026-07-20 05:27:57+05:30,,,,ON_DUTY,VEH_007,MH29C9532,10200,18.739038,74.763177,"[{""lat"": 12.934642, ""lon"": 77.546388}, {""lat"": 16.003421, ""lon"": 76.060162}, {""lat"": 19.1677, ""lon"": 74.599703}, {""lat"": 22.194645, ""lon"": 73.143048}]",1566.05,2026-07-20 17:45:38+05:30,2026-07-20 18:10:44+05:30,4,SHIP_1176,12.858056,77.541732,22.274172,73.088703,6697,MEDIUM,2026-07-17 01:27:55+05:30,0.0
ASN_0176,60.8,f,67.9,20.468337,73.966319,2026-07-20 11:41:41+05:30,,,,ON_DUTY,VEH_007,MH29C9532,10200,20.480304,73.973188,"[{""lat"": 12.934642, ""lon"": 77.546388}, {""lat"": 16.003421, ""lon"": 76.060162}, {""lat"": 19.1677, ""lon"": 74.599703}, {""lat"": 22.194645, ""lon"": 73.143048}]",1566.05,2026-07-20 17:45:38+05:30,2026-07-20 18:10:44+05:30,5,SHIP_1176,12.858056,77.541732,22.274172,73.088703,6697,MEDIUM,2026-07-17 01:27:55+05:30,0.0
ASN_0004,100.0,t,52.3,26.488037,79.491039,2026-07-15 06:21:12+05:30,GEOFENCE_BREACH,0.75,2026-07-15 10:34:34+05:30,OFF_DUTY,VEH_008,MP08H2970,3500,26.497731,79.505156,"[{""lat"": 26.37231, ""lon"": 80.354228}, {""lat"": 26.459351, ""lon"": 78.822001}, {""lat"": 26.529778, ""lon"": 77.423957}, {""lat"": 26.676827, ""lon"": 75.840359}]",529.23,2026-07-15 14:10:16+05:30,2026-07-15 14:21:18+05:30,1,SHIP_1004,26.421516,80.44319,26.686834,75.82943,4131,MEDIUM,2026-07-16 19:24:32+05:30,2223.34577
ASN_0004,100.0,t,49.5,26.519628,79.029234,2026-07-15 07:25:55+05:30,GEOFENCE_BREACH,0.75,2026-07-15 10:34:34+05:30,OFF_DUTY,VEH_008,MP08H2970,3500,26.516564,79.032418,"[{""lat"": 26.37231, ""lon"": 80.354228}, {""lat"": 26.459351, ""lon"": 78.822001}, {""lat"": 26.529778, ""lon"": 77.423957}, {""lat"": 26.676827, ""lon"": 75.840359}]",529.23,2026-07-15 14:10:16+05:30,2026-07-15 14:21:18+05:30,2,SHIP_1004,26.421516,80.44319,26.686834,75.82943,4131,MEDIUM,2026-07-16 19:24:32+05:30,2158.6241073666665
ASN_0004,100.0,t,70.1,26.499933,78.964703,2026-07-15 07:29:43+05:30,GEOFENCE_BREACH,0.75,2026-07-15 10:34:34+05:30,OFF_DUTY,VEH_008,MP08H2970,3500,26.497921,78.955043,"[{""lat"": 26.37231, ""lon"": 80.354228}, {""lat"": 26.459351, ""lon"": 78.822001}, {""lat"": 26.529778, ""lon"": 77.423957}, {""lat"": 26.676827, ""lon"": 75.840359}]",529.23,2026-07-15 14:10:16+05:30,2026-07-15 14:21:18+05:30,3,SHIP_1004,26.421516,80.44319,26.686834,75.82943,4131,MEDIUM,2026-07-16 19:24:32+05:30,2154.8267258666665
ASN_0004,100.0,t,54.4,26.564008,78.171558,2026-07-15 09:19:38+05:30,GEOFENCE_BREACH,0.75,2026-07-15 10:34:34+05:30,OFF_DUTY,VEH_008,MP08H2970,3500,26.576321,78.16718,"[{""lat"": 26.37231, ""lon"": 80.354228}, {""lat"": 26.459351, ""lon"": 78.822001}, {""lat"": 26.529778, ""lon"": 77.423957}, {""lat"": 26.676827, ""lon"": 75.840359}]",529.23,2026-07-15 14:10:16+05:30,2026-07-15 14:21:18+05:30,4,SHIP_1004,26.421516,80.44319,26.686834,75.82943,4131,MEDIUM,2026-07-16 19:24:32+05:30,2044.90992695
ASN_0004,100.0,t,52.1,26.58023,77.498568,2026-07-15 10:41:05+05:30,GEOFENCE_BREACH,0.75,2026-07-15 10:34:34+05:30,OFF_DUTY,VEH_008,MP08H2970,3500,26.598593,77.487013,"[{""lat"": 26.37231, ""lon"": 80.354228}, {""lat"": 26.459351, ""lon"": 78.822001}, {""lat"": 26.529778, ""lon"": 77.423957}, {""lat"": 26.676827, ""lon"": 75.840359}]",529.23,2026-07-15 14:10:16+05:30,2026-07-15 14:21:18+05:30,5,SHIP_1004,26.421516,80.44319,26.686834,75.82943,4131,MEDIUM,2026-07-16 19:24:32+05:30,1963.4569066666666
ASN_0004,100.0,t,51.2,26.691739,76.293398,2026-07-15 13:17:57+05:30,GEOFENCE_BREACH,0.75,2026-07-15 10:34:34+05:30,OFF_DUTY,VEH_008,MP08H2970,3500,26.700096,76.299701,"[{""lat"": 26.37231, ""lon"": 80.354228}, {""lat"": 26.459351, ""lon"": 78.822001}, {""lat"": 26.529778, ""lon"": 77.423957}, {""lat"": 26.676827, ""lon"": 75.840359}]",529.23,2026-07-15 14:10:16+05:30,2026-07-15 14:21:18+05:30,6,SHIP_1004,26.421516,80.44319,26.686834,75.82943,4131,MEDIUM,2026-07-16 19:24:32+05:30,1806.5909051166668
ASN_0044,38.8,t,58.7,21.68633,75.451633,2026-07-15 17:41:22+05:30,LOW_SPEED,0.76,2026-07-16 00:14:29+05:30,OFF_DUTY,VEH_008,MP08H2970,3500,21.679518,75.46654,"[{""lat"": 22.667324, ""lon"": 75.986361}, {""lat"": 21.182746, ""lon"": 75.228369}, {""lat"": 19.737614, ""lon"": 74.576777}, {""lat"": 18.351153, ""lon"": 73.831222}]",647.49,2026-07-16 03:41:12+05:30,2026-07-16 03:22:47+05:30,1,SHIP_1044,22.677995,75.976925,18.364251,73.803089,1269,HIGH,2026-07-21 14:19:17+05:30,8437.930439883334
ASN_0044,38.8,t,47.8,21.281515,75.250409,2026-07-15 18:54:03+05:30,LOW_SPEED,0.76,2026-07-16 00:14:29+05:30,OFF_DUTY,VEH_008,MP08H2970,3500,21.273195,75.252409,"[{""lat"": 22.667324, ""lon"": 75.986361}, {""lat"": 21.182746, ""lon"": 75.228369}, {""lat"": 19.737614, ""lon"": 74.576777}, {""lat"": 18.351153, ""lon"": 73.831222}]",647.49,2026-07-16 03:41:12+05:30,2026-07-16 03:22:47+05:30,2,SHIP_1044,22.677995,75.976925,18.364251,73.803089,1269,HIGH,2026-07-21 14:19:17+05:30,8365.233117266667
ASN_0044,38.8,t,59.1,20.371129,74.773902,2026-07-15 21:33:39+05:30,LOW_SPEED,0.76,2026-07-16 00:14:29+05:30,OFF_DUTY,VEH_008,MP08H2970,3500,20.357889,74.765305,"[{""lat"": 22.667324, ""lon"": 75.986361}, {""lat"": 21.182746, ""lon"": 75.228369}, {""lat"": 19.737614, ""lon"": 74.576777}, {""lat"": 18.351153, ""lon"": 73.831222}]",647.49,2026-07-16 03:41:12+05:30,2026-07-16 03:22:47+05:30,3,SHIP_1044,22.677995,75.976925,18.364251,73.803089,1269,HIGH,2026-07-21 14:19:17+05:30,8205.637349966668
ASN_0044,38.8,t,50.6,20.116149,74.746043,2026-07-15 22:08:11+05:30,LOW_SPEED,0.76,2026-07-16 00:14:29+05:30,OFF_DUTY,VEH_008,MP08H2970,3500,20.118596,74.739282,"[{""lat"": 22.667324, ""lon"": 75.986361}, {""lat"": 21.182746, ""lon"": 75.228369}, {""lat"": 19.737614, ""lon"": 74.576777}, {""lat"": 18.351153, ""lon"": 73.831222}]",647.49,2026-07-16 03:41:12+05:30,2026-07-16 03:22:47+05:30,4,SHIP_1044,22.677995,75.976925,18.364251,73.803089,1269,HIGH,2026-07-21 14:19:17+05:30,8171.101488283334
ASN_0084,100.0,t,52.6,26.843901,81.584477,2026-07-16 05:22:16+05:30,,,,OFF_DUTY,VEH_008,MP08H2970,3500,26.846105,81.596721,"[{""lat"": 27.075549, ""lon"": 80.99723}, {""lat"": 26.65894, ""lon"": 82.093335}, {""lat"": 26.283378, ""lon"": 83.071317}, {""lat"": 25.872047, ""lon"": 84.07603}, {""lat"": 25.508168, ""lon"": 85.140486}]",593.18,2026-07-16 14:11:07+05:30,2026-07-16 14:50:51+05:30,1,SHIP_1084,27.041937,81.037803,25.505379,85.067733,4485,MEDIUM,2026-07-21 11:25:19+05:30,7563.035932700001
ASN_0084,100.0,t,51.7,26.335962,82.886403,2026-07-16 08:52:56+05:30,,,,OFF_DUTY,VEH_008,MP08H2970,3500,26.352269,82.897062,"[{""lat"": 27.075549, ""lon"": 80.99723}, {""lat"": 26.65894, ""lon"": 82.093335}, {""lat"": 26.283378, ""lon"": 83.071317}, {""lat"": 25.872047, ""lon"": 84.07603}, {""lat"": 25.508168, ""lon"": 85.140486}]",593.18,2026-07-16 14:11:07+05:30,2026-07-16 14:50:51+05:30,2,SHIP_1084,27.041937,81.037803,25.505379,85.067733,4485,MEDIUM,2026-07-21 11:25:19+05:30,7352.383846116666
ASN_0084,100.0,t,49.3,26.318083,82.903334,2026-07-16 08:59:58+05:30,,,,OFF_DUTY,VEH_008,MP08H2970,3500,26.323877,82.89612,"[{""lat"": 27.075549, ""lon"": 80.99723}, {""lat"": 26.65894, ""lon"": 82.093335}, {""lat"": 26.283378, ""lon"": 83.071317}, {""lat"": 25.872047, ""lon"": 84.07603}, {""lat"": 25.508168, ""lon"": 85.140486}]",593.18,2026-07-16 14:11:07+05:30,2026-07-16 14:50:51+05:30,3,SHIP_1084,27.041937,81.037803,25.505379,85.067733,4485,MEDIUM,2026-07-21 11:25:19+05:30,7345.345506083334
ASN_0084,100.0,t,60.1,26.213815,83.263752,2026-07-16 09:53:23+05:30,,,,OFF_DUTY,VEH_008,MP08H2970,3500,26.220349,83.268738,"[{""lat"": 27.075549, ""lon"": 80.99723}, {""lat"": 26.65894, ""lon"": 82.093335}, {""lat"": 26.283378, ""lon"": 83.071317}, {""lat"": 25.872047, ""lon"": 84.07603}, {""lat"": 25.508168, ""lon"": 85.140486}]",593.18,2026-07-16 14:11:07+05:30,2026-07-16 14:50:51+05:30,4,SHIP_1084,27.041937,81.037803,25.505379,85.067733,4485,MEDIUM,2026-07-21 11:25:19+05:30,7291.9274561
ASN_0084,100.0,t,80.6,26.126836,83.386463,2026-07-16 10:15:48+05:30,,,,OFF_DUTY,VEH_008,MP08H2970,3500,26.114758,83.381718,"[{""lat"": 27.075549, ""lon"": 80.99723}, {""lat"": 26.65894, ""lon"": 82.093335}, {""lat"": 26.283378, ""lon"": 83.071317}, {""lat"": 25.872047, ""lon"": 84.07603}, {""lat"": 25.508168, ""lon"": 85.140486}]",593.18,2026-07-16 14:11:07+05:30,2026-07-16 14:50:51+05:30,5,SHIP_1084,27.041937,81.037803,25.505379,85.067733,4485,MEDIUM,2026-07-21 11:25:19+05:30,7269.516579733333
ASN_0084,100.0,t,49.1,26.128877,83.485199,2026-07-16 10:31:28+05:30,,,,OFF_DUTY,VEH_008,MP08H2970,3500,26.115646,83.490559,"[{""lat"": 27.075549, ""lon"": 80.99723}, {""lat"": 26.65894, ""lon"": 82.093335}, {""lat"": 26.283378, ""lon"": 83.071317}, {""lat"": 25.872047, ""lon"": 84.07603}, {""lat"": 25.508168, ""lon"": 85.140486}]",593.18,2026-07-16 14:11:07+05:30,2026-07-16 14:50:51+05:30,6,SHIP_1084,27.041937,81.037803,25.505379,85.067733,4485,MEDIUM,2026-07-21 11:25:19+05:30,7253.848043116666
ASN_0084,100.0,t,57.7,25.65281,84.762563,2026-07-16 13:56:08+05:30,,,,OFF_DUTY,VEH_008,MP08H2970,3500,25.663259,84.752233,"[{""lat"": 27.075549, ""lon"": 80.99723}, {""lat"": 26.65894, ""lon"": 82.093335}, {""lat"": 26.283378, ""lon"": 83.071317}, {""lat"": 25.872047, ""lon"": 84.07603}, {""lat"": 25.508168, ""lon"": 85.140486}]",593.18,2026-07-16 14:11:07+05:30,2026-07-16 14:50:51+05:30,7,SHIP_1084,27.041937,81.037803,25.505379,85.067733,4485,MEDIUM,2026-07-21 11:25:19+05:30,7049.1833243500005
ASN_0124,100.0,t,42.5,18.950296,73.032942,2026-07-16 15:32:27+05:30,,,,OFF_DUTY,VEH_008,MP08H2970,3500,18.945798,73.032005,"[{""lat"": 18.896981, ""lon"": 73.01174}, {""lat"": 20.13051, ""lon"": 75.995681}, {""lat"": 21.353452, ""lon"": 79.072441}]",829.43,2026-07-17 07:34:08+05:30,2026-07-17 07:31:48+05:30,1,SHIP_1124,18.946476,72.948366,21.361982,79.145569,7600,MEDIUM,2026-07-17 13:43:28+05:30,1331.02244265
ASN_0124,100.0,t,35.4,19.957575,75.4997,2026-07-16 22:04:50+05:30,,,,OFF_DUTY,VEH_008,MP08H2970,3500,19.954555,75.504444,"[{""lat"": 18.896981, ""lon"": 73.01174}, {""lat"": 20.13051, ""lon"": 75.995681}, {""lat"": 21.353452, ""lon"": 79.072441}]",829.43,2026-07-17 07:34:08+05:30,2026-07-17 07:31:48+05:30,2,SHIP_1124,18.946476,72.948366,21.361982,79.145569,7600,MEDIUM,2026-07-17 13:43:28+05:30,938.6295978833333
ASN_0124,100.0,t,64.1,20.163247,76.069476,2026-07-16 23:26:17+05:30,,,,OFF_DUTY,VEH_008,MP08H2970,3500,20.168212,76.069277,"[{""lat"": 18.896981, ""lon"": 73.01174}, {""lat"": 20.13051, ""lon"": 75.995681}, {""lat"": 21.353452, ""lon"": 79.072441}]",829.43,2026-07-17 07:34:08+05:30,2026-07-17 07:31:48+05:30,3,SHIP_1124,18.946476,72.948366,21.361982,79.145569,7600,MEDIUM,2026-07-17 13:43:28+05:30,857.1886922166667
ASN_0124,100.0,t,46.4,20.487297,76.935487,2026-07-17 01:47:57+05:30,,,,OFF_DUTY,VEH_008,MP08H2970,3500,20.489972,76.937695,"[{""lat"": 18.896981, ""lon"": 73.01174}, {""lat"": 20.13051, ""lon"": 75.995681}, {""lat"": 21.353452, ""lon"": 79.072441}]",829.43,2026-07-17 07:34:08+05:30,2026-07-17 07:31:48+05:30,4,SHIP_1124,18.946476,72.948366,21.361982,79.145569,7600,MEDIUM,2026-07-17 13:43:28+05:30,715.5204119166666
ASN_0124,100.0,t,57.4,20.718676,77.491837,2026-07-17 03:12:46+05:30,,,,OFF_DUTY,VEH_008,MP08H2970,3500,20.72076,77.494815,"[{""lat"": 18.896981, ""lon"": 73.01174}, {""lat"": 20.13051, ""lon"": 75.995681}, {""lat"": 21.353452, ""lon"": 79.072441}]",829.43,2026-07-17 07:34:08+05:30,2026-07-17 07:31:48+05:30,5,SHIP_1124,18.946476,72.948366,21.361982,79.145569,7600,MEDIUM,2026-07-17 13:43:28+05:30,630.7063708833334
ASN_0164,11.9,t,57.0,19.526146,73.396884,2026-07-17 09:29:56+05:30,,,,OFF_DUTY,VEH_008,MP08H2970,3500,19.53573,73.395326,"[{""lat"": 19.090906, ""lon"": 72.848295}, {""lat"": 26.536446, ""lon"": 80.388881}]",1319.18,2026-07-18 07:24:15+05:30,2026-07-18 07:33:05+05:30,1,SHIP_1164,18.976026,72.859297,26.557233,80.274959,498,HIGH,2026-07-19 00:03:50+05:30,2313.896212116667
ASN_0164,11.9,t,65.0,19.870714,73.74476,2026-07-17 10:38:38+05:30,,,,OFF_DUTY,VEH_008,MP08H2970,3500,19.874018,73.751506,"[{""lat"": 19.090906, ""lon"": 72.848295}, {""lat"": 26.536446, ""lon"": 80.388881}]",1319.18,2026-07-18 07:24:15+05:30,2026-07-18 07:33:05+05:30,2,SHIP_1164,18.976026,72.859297,26.557233,80.274959,498,HIGH,2026-07-19 00:03:50+05:30,2245.2059446666667
ASN_0164,11.9,t,79.3,20.051515,73.97476,2026-07-17 11:18:36+05:30,,,,OFF_DUTY,VEH_008,MP08H2970,3500,20.064864,73.971584,"[{""lat"": 19.090906, ""lon"": 72.848295}, {""lat"": 26.536446, ""lon"": 80.388881}]",1319.18,2026-07-18 07:24:15+05:30,2026-07-18 07:33:05+05:30,3,SHIP_1164,18.976026,72.859297,26.557233,80.274959,498,HIGH,2026-07-19 00:03:50+05:30,2205.2268200333333
ASN_0164,11.9,t,46.1,20.992554,74.853939,2026-07-17 14:10:58+05:30,,,,OFF_DUTY,VEH_008,MP08H2970,3500,20.99981,74.848685,"[{""lat"": 19.090906, ""lon"": 72.848295}, {""lat"": 26.536446, ""lon"": 80.388881}]",1319.18,2026-07-18 07:24:15+05:30,2026-07-18 07:33:05+05:30,4,SHIP_1164,18.976026,72.859297,26.557233,80.274959,498,HIGH,2026-07-19 00:03:50+05:30,2032.8711584500002
ASN_0164,11.9,t,35.6,21.035604,74.882351,2026-07-17 14:12:15+05:30,,,,OFF_DUTY,VEH_008,MP08H2970,3500,21.038532,74.875368,"[{""lat"": 19.090906, ""lon"": 72.848295}, {""lat"": 26.536446, ""lon"": 80.388881}]",1319.18,2026-07-18 07:24:15+05:30,2026-07-18 07:33:05+05:30,5,SHIP_1164,18.976026,72.859297,26.557233,80.274959,498,HIGH,2026-07-19 00:03:50+05:30,2031.5809141
ASN_0164,11.9,t,53.7,24.128989,77.914972,2026-07-18 00:02:15+05:30,,,,OFF_DUTY,VEH_008,MP08H2970,3500,24.139326,77.899758,"[{""lat"": 19.090906, ""lon"": 72.848295}, {""lat"": 26.536446, ""lon"": 80.388881}]",1319.18,2026-07-18 07:24:15+05:30,2026-07-18 07:33:05+05:30,6,SHIP_1164,18.976026,72.859297,26.557233,80.274959,498,HIGH,2026-07-19 00:03:50+05:30,1441.5881610833335
ASN_0030,98.6,t,39.1,17.437238,78.579222,2026-07-15 02:38:41+05:30,SPEEDING,0.42,2026-07-15 14:53:46+05:30,ON_DUTY,VEH_009,KA78H9067,7000,17.440726,78.586283,"[{""lat"": 17.345409, ""lon"": 78.374203}, {""lat"": 19.068246, ""lon"": 81.837488}, {""lat"": 20.781053, ""lon"": 85.084376}, {""lat"": 22.535758, ""lon"": 88.349874}]",1409.45,2026-07-16 06:22:08+05:30,2026-07-16 06:31:58+05:30,1,SHIP_1030,17.318668,78.355002,22.457662,88.417134,6944,HIGH,2026-07-15 18:30:31+05:30,951.8232546
ASN_0030,98.6,t,61.9,19.072071,81.811104,2026-07-15 11:44:54+05:30,SPEEDING,0.42,2026-07-15 14:53:46+05:30,ON_DUTY,VEH_009,KA78H9067,7000,19.063815,81.812349,"[{""lat"": 17.345409, ""lon"": 78.374203}, {""lat"": 19.068246, ""lon"": 81.837488}, {""lat"": 20.781053, ""lon"": 85.084376}, {""lat"": 22.535758, ""lon"": 88.349874}]",1409.45,2026-07-16 06:22:08+05:30,2026-07-16 06:31:58+05:30,2,SHIP_1030,17.318668,78.355002,22.457662,88.417134,6944,HIGH,2026-07-15 18:30:31+05:30,405.6148422333333
ASN_0030,98.6,t,41.1,19.422792,82.51918,2026-07-15 13:48:30+05:30,SPEEDING,0.42,2026-07-15 14:53:46+05:30,ON_DUTY,VEH_009,KA78H9067,7000,19.432025,82.523062,"[{""lat"": 17.345409, ""lon"": 78.374203}, {""lat"": 19.068246, ""lon"": 81.837488}, {""lat"": 20.781053, ""lon"": 85.084376}, {""lat"": 22.535758, ""lon"": 88.349874}]",1409.45,2026-07-16 06:22:08+05:30,2026-07-16 06:31:58+05:30,3,SHIP_1030,17.318668,78.355002,22.457662,88.417134,6944,HIGH,2026-07-15 18:30:31+05:30,282.012651
ASN_0030,98.6,t,35.2,20.863787,85.255414,2026-07-15 21:35:35+05:30,SPEEDING,0.42,2026-07-15 14:53:46+05:30,ON_DUTY,VEH_009,KA78H9067,7000,20.881446,85.253689,"[{""lat"": 17.345409, ""lon"": 78.374203}, {""lat"": 19.068246, ""lon"": 81.837488}, {""lat"": 20.781053, ""lon"": 85.084376}, {""lat"": 22.535758, ""lon"": 88.349874}]",1409.45,2026-07-16 06:22:08+05:30,2026-07-16 06:31:58+05:30,4,SHIP_1030,17.318668,78.355002,22.457662,88.417134,6944,HIGH,2026-07-15 18:30:31+05:30,0.0
ASN_0030,98.6,t,56.5,21.675661,86.840673,2026-07-16 02:02:49+05:30,SPEEDING,0.42,2026-07-15 14:53:46+05:30,ON_DUTY,VEH_009,KA78H9067,7000,21.693959,86.844075,"[{""lat"": 17.345409, ""lon"": 78.374203}, {""lat"": 19.068246, ""lon"": 81.837488}, {""lat"": 20.781053, ""lon"": 85.084376}, {""lat"": 22.535758, ""lon"": 88.349874}]",1409.45,2026-07-16 06:22:08+05:30,2026-07-16 06:31:58+05:30,5,SHIP_1030,17.318668,78.355002,22.457662,88.417134,6944,HIGH,2026-07-15 18:30:31+05:30,0.0
ASN_0070,100.0,t,62.3,22.221121,73.304784,2026-07-16 07:24:37+05:30,LONG_STOP,0.73,2026-07-16 14:46:31+05:30,ON_DUTY,VEH_009,KA78H9067,7000,22.206917,73.307838,"[{""lat"": 22.378443, ""lon"": 73.294672}, {""lat"": 18.650365, ""lon"": 73.945685}]",588.15,2026-07-16 16:29:05+05:30,2026-07-16 16:24:44+05:30,1,SHIP_1070,22.378008,73.277346,18.567507,74.038371,7725,MEDIUM,2026-07-17 09:12:52+05:30,1548.2501258500001
ASN_0070,100.0,t,73.0,22.142493,73.316694,2026-07-16 07:35:50+05:30,LONG_STOP,0.73,2026-07-16 14:46:31+05:30,ON_DUTY,VEH_009,KA78H9067,7000,22.12176,73.298181,"[{""lat"": 22.378443, ""lon"": 73.294672}, {""lat"": 18.650365, ""lon"": 73.945685}]",588.15,2026-07-16 16:29:05+05:30,2026-07-16 16:24:44+05:30,2,SHIP_1070,22.378008,73.277346,18.567507,74.038371,7725,MEDIUM,2026-07-17 09:12:52+05:30,1537.0330727833332
ASN_0070,100.0,t,62.0,21.427845,73.451869,2026-07-16 09:15:24+05:30,LONG_STOP,0.73,2026-07-16 14:46:31+05:30,ON_DUTY,VEH_009,KA78H9067,7000,21.427056,73.451198,"[{""lat"": 22.378443, ""lon"": 73.294672}, {""lat"": 18.650365, ""lon"": 73.945685}]",588.15,2026-07-16 16:29:05+05:30,2026-07-16 16:24:44+05:30,3,SHIP_1070,22.378008,73.277346,18.567507,74.038371,7725,MEDIUM,2026-07-17 09:12:52+05:30,1437.4705576833333
ASN_0070,100.0,t,49.2,20.718178,73.602291,2026-07-16 11:07:11+05:30,LONG_STOP,0.73,2026-07-16 14:46:31+05:30,ON_DUTY,VEH_009,KA78H9067,7000,20.70574,73.623418,"[{""lat"": 22.378443, ""lon"": 73.294672}, {""lat"": 18.650365, ""lon"": 73.945685}]",588.15,2026-07-16 16:29:05+05:30,2026-07-16 16:24:44+05:30,4,SHIP_1070,22.378008,73.277346,18.567507,74.038371,7725,MEDIUM,2026-07-17 09:12:52+05:30,1325.6966976166666
ASN_0070,100.0,t,76.4,20.432767,73.652923,2026-07-16 11:40:28+05:30,LONG_STOP,0.73,2026-07-16 14:46:31+05:30,ON_DUTY,VEH_009,KA78H9067,7000,20.437601,73.644628,"[{""lat"": 22.378443, ""lon"": 73.294672}, {""lat"": 18.650365, ""lon"": 73.945685}]",588.15,2026-07-16 16:29:05+05:30,2026-07-16 16:24:44+05:30,5,SHIP_1070,22.378008,73.277346,18.567507,74.038371,7725,MEDIUM,2026-07-17 09:12:52+05:30,1292.4134242
ASN_0070,100.0,t,73.9,19.043922,73.960509,2026-07-16 15:13:55+05:30,LONG_STOP,0.73,2026-07-16 14:46:31+05:30,ON_DUTY,VEH_009,KA78H9067,7000,19.034929,73.968114,"[{""lat"": 22.378443, ""lon"": 73.294672}, {""lat"": 18.650365, ""lon"": 73.945685}]",588.15,2026-07-16 16:29:05+05:30,2026-07-16 16:24:44+05:30,6,SHIP_1070,22.378008,73.277346,18.567507,74.038371,7725,MEDIUM,2026-07-17 09:12:52+05:30,1078.9557391833334
ASN_0110,64.0,t,61.3,26.821445,75.782268,2026-07-16 17:00:41+05:30,,,,ON_DUTY,VEH_009,KA78H9067,7000,26.831834,75.780524,"[{""lat"": 27.052429, ""lon"": 75.916156}, {""lat"": 25.551006, ""lon"": 75.262943}, {""lat"": 24.063397, ""lon"": 74.449054}, {""lat"": 22.662776, ""lon"": 73.6674}, {""lat"": 21.27168, ""lon"": 73.001664}]",834.86,2026-07-17 05:32:01+05:30,2026-07-17 05:25:50+05:30,1,SHIP_1110,26.963598,75.881877,21.267198,72.925932,4738,MEDIUM,2026-07-15 23:45:10+05:30,0.0
ASN_0110,64.0,t,61.4,25.686939,75.223474,2026-07-16 19:33:40+05:30,,,,ON_DUTY,VEH_009,KA78H9067,7000,25.671342,75.233328,"[{""lat"": 27.052429, ""lon"": 75.916156}, {""lat"": 25.551006, ""lon"": 75.262943}, {""lat"": 24.063397, ""lon"": 74.449054}, {""lat"": 22.662776, ""lon"": 73.6674}, {""lat"": 21.27168, ""lon"": 73.001664}]",834.86,2026-07-17 05:32:01+05:30,2026-07-17 05:25:50+05:30,2,SHIP_1110,26.963598,75.881877,21.267198,72.925932,4738,MEDIUM,2026-07-15 23:45:10+05:30,0.0
ASN_0110,64.0,t,44.8,24.395269,74.567028,2026-07-16 22:26:00+05:30,,,,ON_DUTY,VEH_009,KA78H9067,7000,24.378723,74.545601,"[{""lat"": 27.052429, ""lon"": 75.916156}, {""lat"": 25.551006, ""lon"": 75.262943}, {""lat"": 24.063397, ""lon"": 74.449054}, {""lat"": 22.662776, ""lon"": 73.6674}, {""lat"": 21.27168, ""lon"": 73.001664}]",834.86,2026-07-17 05:32:01+05:30,2026-07-17 05:25:50+05:30,3,SHIP_1110,26.963598,75.881877,21.267198,72.925932,4738,MEDIUM,2026-07-15 23:45:10+05:30,0.0
ASN_0110,64.0,t,70.6,22.974988,73.842068,2026-07-17 01:34:01+05:30,,,,ON_DUTY,VEH_009,KA78H9067,7000,22.974646,73.843381,"[{""lat"": 27.052429, ""lon"": 75.916156}, {""lat"": 25.551006, ""lon"": 75.262943}, {""lat"": 24.063397, ""lon"": 74.449054}, {""lat"": 22.662776, ""lon"": 73.6674}, {""lat"": 21.27168, ""lon"": 73.001664}]",834.86,2026-07-17 05:32:01+05:30,2026-07-17 05:25:50+05:30,4,SHIP_1110,26.963598,75.881877,21.267198,72.925932,4738,MEDIUM,2026-07-15 23:45:10+05:30,0.0
ASN_0150,5.7,t,38.6,26.617448,80.68737,2026-07-17 07:12:09+05:30,LOW_SPEED,0.39,2026-07-17 09:21:11+05:30,ON_DUTY,VEH_009,KA78H9067,7000,26.603051,80.676255,"[{""lat"": 27.131078, ""lon"": 80.828524}, {""lat"": 25.114906, ""lon"": 80.276547}, {""lat"": 23.15675, ""lon"": 79.821663}, {""lat"": 21.226497, ""lon"": 79.172938}]",913.38,2026-07-17 23:48:50+05:30,2026-07-17 23:51:22+05:30,1,SHIP_1150,27.063141,80.848317,21.239902,79.224036,869,MEDIUM,2026-07-18 04:43:05+05:30,1290.9438048333332
ASN_0150,5.7,t,39.1,25.692566,80.434447,2026-07-17 10:05:00+05:30,LOW_SPEED,0.39,2026-07-17 09:21:11+05:30,ON_DUTY,VEH_009,KA78H9067,7000,25.683049,80.436402,"[{""lat"": 27.131078, ""lon"": 80.828524}, {""lat"": 25.114906, ""lon"": 80.276547}, {""lat"": 23.15675, ""lon"": 79.821663}, {""lat"": 21.226497, ""lon"": 79.172938}]",913.38,2026-07-17 23:48:50+05:30,2026-07-17 23:51:22+05:30,2,SHIP_1150,27.063141,80.848317,21.239902,79.224036,869,MEDIUM,2026-07-18 04:43:05+05:30,1118.0801973999999
ASN_0150,5.7,t,43.5,24.321693,80.102784,2026-07-17 14:15:53+05:30,LOW_SPEED,0.39,2026-07-17 09:21:11+05:30,ON_DUTY,VEH_009,KA78H9067,7000,24.308799,80.097743,"[{""lat"": 27.131078, ""lon"": 80.828524}, {""lat"": 25.114906, ""lon"": 80.276547}, {""lat"": 23.15675, ""lon"": 79.821663}, {""lat"": 21.226497, ""lon"": 79.172938}]",913.38,2026-07-17 23:48:50+05:30,2026-07-17 23:51:22+05:30,3,SHIP_1150,27.063141,80.848317,21.239902,79.224036,869,MEDIUM,2026-07-18 04:43:05+05:30,867.19686315
ASN_0150,5.7,t,53.4,23.246073,79.764742,2026-07-17 17:37:42+05:30,LOW_SPEED,0.39,2026-07-17 09:21:11+05:30,ON_DUTY,VEH_009,KA78H9067,7000,23.264187,79.75886,"[{""lat"": 27.131078, ""lon"": 80.828524}, {""lat"": 25.114906, ""lon"": 80.276547}, {""lat"": 23.15675, ""lon"": 79.821663}, {""lat"": 21.226497, ""lon"": 79.172938}]",913.38,2026-07-17 23:48:50+05:30,2026-07-17 23:51:22+05:30,4,SHIP_1150,27.063141,80.848317,21.239902,79.224036,869,MEDIUM,2026-07-18 04:43:05+05:30,665.3896019666666
ASN_0150,5.7,t,44.0,22.785671,79.681862,2026-07-17 19:03:29+05:30,LOW_SPEED,0.39,2026-07-17 09:21:11+05:30,ON_DUTY,VEH_009,KA78H9067,7000,22.777091,79.670807,"[{""lat"": 27.131078, ""lon"": 80.828524}, {""lat"": 25.114906, ""lon"": 80.276547}, {""lat"": 23.15675, ""lon"": 79.821663}, {""lat"": 21.226497, ""lon"": 79.172938}]",913.38,2026-07-17 23:48:50+05:30,2026-07-17 23:51:22+05:30,5,SHIP_1150,27.063141,80.848317,21.239902,79.224036,869,MEDIUM,2026-07-18 04:43:05+05:30,579.6013486166667
ASN_0150,5.7,t,49.0,21.289548,79.24575,2026-07-17 23:43:33+05:30,LOW_SPEED,0.39,2026-07-17 09:21:11+05:30,ON_DUTY,VEH_009,KA78H9067,7000,21.289813,79.258321,"[{""lat"": 27.131078, ""lon"": 80.828524}, {""lat"": 25.114906, ""lon"": 80.276547}, {""lat"": 23.15675, ""lon"": 79.821663}, {""lat"": 21.226497, ""lon"": 79.172938}]",913.38,2026-07-17 23:48:50+05:30,2026-07-17 23:51:22+05:30,6,SHIP_1150,27.063141,80.848317,21.239902,79.224036,869,MEDIUM,2026-07-18 04:43:05+05:30,299.54023636666665
ASN_0190,100.0,f,46.3,17.691866,77.827406,2026-07-18 02:40:05+05:30,,,,ON_DUTY,VEH_009,KA78H9067,7000,17.686461,77.832845,"[{""lat"": 17.199914, ""lon"": 78.535254}, {""lat"": 18.488095, ""lon"": 76.557828}, {""lat"": 19.809648, ""lon"": 74.696116}, {""lat"": 21.134182, ""lon"": 72.753852}]",1008.5,2026-07-18 19:51:16+05:30,2026-07-18 19:52:47+05:30,1,SHIP_1190,17.212237,78.568724,21.112265,72.806615,6914,MEDIUM,2026-07-21 20:06:29+05:30,5366.409286216667
ASN_0190,100.0,f,59.4,18.291033,76.974706,2026-07-18 05:40:26+05:30,,,,ON_DUTY,VEH_009,KA78H9067,7000,18.292533,76.979665,"[{""lat"": 17.199914, ""lon"": 78.535254}, {""lat"": 18.488095, ""lon"": 76.557828}, {""lat"": 19.809648, ""lon"": 74.696116}, {""lat"": 21.134182, ""lon"": 72.753852}]",1008.5,2026-07-18 19:51:16+05:30,2026-07-18 19:52:47+05:30,2,SHIP_1190,17.212237,78.568724,21.112265,72.806615,6914,MEDIUM,2026-07-21 20:06:29+05:30,5186.047633183333
ASN_0190,100.0,f,48.1,18.367935,76.880451,2026-07-18 06:00:08+05:30,,,,ON_DUTY,VEH_009,KA78H9067,7000,18.370771,76.875848,"[{""lat"": 17.199914, ""lon"": 78.535254}, {""lat"": 18.488095, ""lon"": 76.557828}, {""lat"": 19.809648, ""lon"": 74.696116}, {""lat"": 21.134182, ""lon"": 72.753852}]",1008.5,2026-07-18 19:51:16+05:30,2026-07-18 19:52:47+05:30,3,SHIP_1190,17.212237,78.568724,21.112265,72.806615,6914,MEDIUM,2026-07-21 20:06:29+05:30,5166.359314516667
ASN_0190,100.0,f,59.6,20.435204,73.838343,2026-07-18 16:26:22+05:30,,,,ON_DUTY,VEH_009,KA78H9067,7000,20.430946,73.825058,"[{""lat"": 17.199914, ""lon"": 78.535254}, {""lat"": 18.488095, ""lon"": 76.557828}, {""lat"": 19.809648, ""lon"": 74.696116}, {""lat"": 21.134182, ""lon"": 72.753852}]",1008.5,2026-07-18 19:51:16+05:30,2026-07-18 19:52:47+05:30,4,SHIP_1190,17.212237,78.568724,21.112265,72.806615,6914,MEDIUM,2026-07-21 20:06:29+05:30,4540.124974416667
ASN_0190,100.0,f,62.1,20.507767,73.693332,2026-07-18 16:50:57+05:30,,,,ON_DUTY,VEH_009,KA78H9067,7000,20.503487,73.690785,"[{""lat"": 17.199914, ""lon"": 78.535254}, {""lat"": 18.488095, ""lon"": 76.557828}, {""lat"": 19.809648, ""lon"": 74.696116}, {""lat"": 21.134182, ""lon"": 72.753852}]",1008.5,2026-07-18 19:51:16+05:30,2026-07-18 19:52:47+05:30,5,SHIP_1190,17.212237,78.568724,21.112265,72.806615,6914,MEDIUM,2026-07-21 20:06:29+05:30,4515.54212
ASN_0035,100.0,t,57.4,18.170506,73.413128,2026-07-15 06:48:06+05:30,,,,AVAILABLE,VEH_010,BR75H4369,3500,18.172689,73.405096,"[{""lat"": 19.15036, ""lon"": 72.943498}, {""lat"": 17.0039, ""lon"": 73.976551}, {""lat"": 14.988488, ""lon"": 74.978286}, {""lat"": 12.89305, ""lon"": 75.985264}, {""lat"": 10.843064, ""lon"": 77.0202}]",1406.45,2026-07-16 02:12:28+05:30,2026-07-16 02:42:25+05:30,1,SHIP_1035,19.121276,72.932443,10.854619,77.006817,6988,MEDIUM,2026-07-21 10:00:12+05:30,8832.099656816667
ASN_0035,100.0,t,54.8,16.526638,74.167788,2026-07-15 11:10:23+05:30,,,,AVAILABLE,VEH_010,BR75H4369,3500,16.540334,74.153925,"[{""lat"": 19.15036, ""lon"": 72.943498}, {""lat"": 17.0039, ""lon"": 73.976551}, {""lat"": 14.988488, ""lon"": 74.978286}, {""lat"": 12.89305, ""lon"": 75.985264}, {""lat"": 10.843064, ""lon"": 77.0202}]",1406.45,2026-07-16 02:12:28+05:30,2026-07-16 02:42:25+05:30,2,SHIP_1035,19.121276,72.932443,10.854619,77.006817,6988,MEDIUM,2026-07-21 10:00:12+05:30,8569.822662033333
ASN_0035,100.0,t,61.6,15.296508,74.854835,2026-07-15 14:40:10+05:30,,,,AVAILABLE,VEH_010,BR75H4369,3500,15.295528,74.848225,"[{""lat"": 19.15036, ""lon"": 72.943498}, {""lat"": 17.0039, ""lon"": 73.976551}, {""lat"": 14.988488, ""lon"": 74.978286}, {""lat"": 12.89305, ""lon"": 75.985264}, {""lat"": 10.843064, ""lon"": 77.0202}]",1406.45,2026-07-16 02:12:28+05:30,2026-07-16 02:42:25+05:30,3,SHIP_1035,19.121276,72.932443,10.854619,77.006817,6988,MEDIUM,2026-07-21 10:00:12+05:30,8360.032794466668
ASN_0035,100.0,t,63.5,14.489892,75.226521,2026-07-15 16:47:53+05:30,,,,AVAILABLE,VEH_010,BR75H4369,3500,14.49934,75.237858,"[{""lat"": 19.15036, ""lon"": 72.943498}, {""lat"": 17.0039, ""lon"": 73.976551}, {""lat"": 14.988488, ""lon"": 74.978286}, {""lat"": 12.89305, ""lon"": 75.985264}, {""lat"": 10.843064, ""lon"": 77.0202}]",1406.45,2026-07-16 02:12:28+05:30,2026-07-16 02:42:25+05:30,4,SHIP_1035,19.121276,72.932443,10.854619,77.006817,6988,MEDIUM,2026-07-21 10:00:12+05:30,8232.309263333333
ASN_0075,38.8,t,65.4,19.505222,74.691906,2026-07-16 05:42:41+05:30,ROUTE_DEVIATION,0.55,2026-07-16 06:37:59+05:30,AVAILABLE,VEH_010,BR75H4369,3500,19.512548,74.693553,"[{""lat"": 20.007703, ""lon"": 73.843354}, {""lat"": 19.314342, ""lon"": 75.096409}, {""lat"": 18.67877, ""lon"": 76.101586}, {""lat"": 18.111056, ""lon"": 77.204187}, {""lat"": 17.427566, ""lon"": 78.380689}]",689.04,2026-07-16 16:44:42+05:30,2026-07-16 16:50:00+05:30,1,SHIP_1075,19.990037,73.835685,17.469671,78.459385,1244,LOW,2026-07-15 14:04:07+05:30,0.0
ASN_0075,38.8,t,36.5,18.857701,75.955015,2026-07-16 09:21:55+05:30,ROUTE_DEVIATION,0.55,2026-07-16 06:37:59+05:30,AVAILABLE,VEH_010,BR75H4369,3500,18.856217,75.942691,"[{""lat"": 20.007703, ""lon"": 73.843354}, {""lat"": 19.314342, ""lon"": 75.096409}, {""lat"": 18.67877, ""lon"": 76.101586}, {""lat"": 18.111056, ""lon"": 77.204187}, {""lat"": 17.427566, ""lon"": 78.380689}]",689.04,2026-07-16 16:44:42+05:30,2026-07-16 16:50:00+05:30,2,SHIP_1075,19.990037,73.835685,17.469671,78.459385,1244,LOW,2026-07-15 14:04:07+05:30,0.0
ASN_0075,38.8,t,63.6,18.63273,76.313676,2026-07-16 10:31:10+05:30,ROUTE_DEVIATION,0.55,2026-07-16 06:37:59+05:30,AVAILABLE,VEH_010,BR75H4369,3500,18.637358,76.305016,"[{""lat"": 20.007703, ""lon"": 73.843354}, {""lat"": 19.314342, ""lon"": 75.096409}, {""lat"": 18.67877, ""lon"": 76.101586}, {""lat"": 18.111056, ""lon"": 77.204187}, {""lat"": 17.427566, ""lon"": 78.380689}]",689.04,2026-07-16 16:44:42+05:30,2026-07-16 16:50:00+05:30,3,SHIP_1075,19.990037,73.835685,17.469671,78.459385,1244,LOW,2026-07-15 14:04:07+05:30,0.0
ASN_0075,38.8,t,50.5,18.454316,76.625009,2026-07-16 11:28:26+05:30,ROUTE_DEVIATION,0.55,2026-07-16 06:37:59+05:30,AVAILABLE,VEH_010,BR75H4369,3500,18.459227,76.627083,"[{""lat"": 20.007703, ""lon"": 73.843354}, {""lat"": 19.314342, ""lon"": 75.096409}, {""lat"": 18.67877, ""lon"": 76.101586}, {""lat"": 18.111056, ""lon"": 77.204187}, {""lat"": 17.427566, ""lon"": 78.380689}]",689.04,2026-07-16 16:44:42+05:30,2026-07-16 16:50:00+05:30,4,SHIP_1075,19.990037,73.835685,17.469671,78.459385,1244,LOW,2026-07-15 14:04:07+05:30,0.0
ASN_0075,38.8,t,55.2,18.415204,76.644183,2026-07-16 11:28:44+05:30,ROUTE_DEVIATION,0.55,2026-07-16 06:37:59+05:30,AVAILABLE,VEH_010,BR75H4369,3500,18.417701,76.655204,"[{""lat"": 20.007703, ""lon"": 73.843354}, {""lat"": 19.314342, ""lon"": 75.096409}, {""lat"": 18.67877, ""lon"": 76.101586}, {""lat"": 18.111056, ""lon"": 77.204187}, {""lat"": 17.427566, ""lon"": 78.380689}]",689.04,2026-07-16 16:44:42+05:30,2026-07-16 16:50:00+05:30,5,SHIP_1075,19.990037,73.835685,17.469671,78.459385,1244,LOW,2026-07-15 14:04:07+05:30,0.0
ASN_0115,100.0,t,50.8,24.05156,77.021135,2026-07-16 20:12:44+05:30,,,,AVAILABLE,VEH_010,BR75H4369,3500,24.054916,77.024712,"[{""lat"": 23.154392, ""lon"": 77.43328}, {""lat"": 24.387499, ""lon"": 76.790106}, {""lat"": 25.736288, ""lon"": 76.294444}, {""lat"": 26.890291, ""lon"": 75.691236}]",562.54,2026-07-17 05:23:47+05:30,2026-07-17 05:26:17+05:30,1,SHIP_1115,23.186064,77.426887,26.974062,75.736592,5597,LOW,2026-07-20 16:09:20+05:30,5516.612384766666
ASN_0115,100.0,t,60.8,24.369553,76.930165,2026-07-16 21:07:47+05:30,,,,AVAILABLE,VEH_010,BR75H4369,3500,24.368033,76.919788,"[{""lat"": 23.154392, ""lon"": 77.43328}, {""lat"": 24.387499, ""lon"": 76.790106}, {""lat"": 25.736288, ""lon"": 76.294444}, {""lat"": 26.890291, ""lon"": 75.691236}]",562.54,2026-07-17 05:23:47+05:30,2026-07-17 05:26:17+05:30,2,SHIP_1115,23.186064,77.426887,26.974062,75.736592,5597,LOW,2026-07-20 16:09:20+05:30,5461.563336
ASN_0115,100.0,t,58.0,25.848413,76.244469,2026-07-17 01:42:42+05:30,,,,AVAILABLE,VEH_010,BR75H4369,3500,25.866915,76.234453,"[{""lat"": 23.154392, ""lon"": 77.43328}, {""lat"": 24.387499, ""lon"": 76.790106}, {""lat"": 25.736288, ""lon"": 76.294444}, {""lat"": 26.890291, ""lon"": 75.691236}]",562.54,2026-07-17 05:23:47+05:30,2026-07-17 05:26:17+05:30,3,SHIP_1115,23.186064,77.426887,26.974062,75.736592,5597,LOW,2026-07-20 16:09:20+05:30,5186.6458691
ASN_0155,42.7,t,70.8,26.404813,80.684967,2026-07-17 06:45:18+05:30,,,,AVAILABLE,VEH_010,BR75H4369,3500,26.389171,80.684137,"[{""lat"": 26.412198, ""lon"": 80.394693}, {""lat"": 26.184539, ""lon"": 81.551}, {""lat"": 26.095535, ""lon"": 82.759067}, {""lat"": 25.74469, ""lon"": 84.033154}, {""lat"": 25.501794, ""lon"": 85.156362}]",626.12,2026-07-17 15:53:16+05:30,2026-07-17 15:57:59+05:30,1,SHIP_1155,26.415559,80.341338,25.55756,85.264733,1371,HIGH,2026-07-21 14:54:14+05:30,6248.934031833333
ASN_0155,42.7,t,61.1,26.090132,82.080428,2026-07-17 09:33:07+05:30,,,,AVAILABLE,VEH_010,BR75H4369,3500,26.089925,82.078954,"[{""lat"": 26.412198, ""lon"": 80.394693}, {""lat"": 26.184539, ""lon"": 81.551}, {""lat"": 26.095535, ""lon"": 82.759067}, {""lat"": 25.74469, ""lon"": 84.033154}, {""lat"": 25.501794, ""lon"": 85.156362}]",626.12,2026-07-17 15:53:16+05:30,2026-07-17 15:57:59+05:30,2,SHIP_1155,26.415559,80.341338,25.55756,85.264733,1371,HIGH,2026-07-21 14:54:14+05:30,6081.111041283333
ASN_0155,42.7,t,69.1,26.018961,82.511774,2026-07-17 10:30:32+05:30,,,,AVAILABLE,VEH_010,BR75H4369,3500,26.004542,82.499377,"[{""lat"": 26.412198, ""lon"": 80.394693}, {""lat"": 26.184539, ""lon"": 81.551}, {""lat"": 26.095535, ""lon"": 82.759067}, {""lat"": 25.74469, ""lon"": 84.033154}, {""lat"": 25.501794, ""lon"": 85.156362}]",626.12,2026-07-17 15:53:16+05:30,2026-07-17 15:57:59+05:30,3,SHIP_1155,26.415559,80.341338,25.55756,85.264733,1371,HIGH,2026-07-21 14:54:14+05:30,6023.68995485
ASN_0155,42.7,t,66.0,25.753933,84.081674,2026-07-17 13:37:29+05:30,,,,AVAILABLE,VEH_010,BR75H4369,3500,25.763448,84.083573,"[{""lat"": 26.412198, ""lon"": 80.394693}, {""lat"": 26.184539, ""lon"": 81.551}, {""lat"": 26.095535, ""lon"": 82.759067}, {""lat"": 25.74469, ""lon"": 84.033154}, {""lat"": 25.501794, ""lon"": 85.156362}]",626.12,2026-07-17 15:53:16+05:30,2026-07-17 15:57:59+05:30,4,SHIP_1155,26.415559,80.341338,25.55756,85.264733,1371,HIGH,2026-07-21 14:54:14+05:30,5836.7534946
ASN_0155,42.7,t,71.9,25.69575,84.486903,2026-07-17 14:24:29+05:30,,,,AVAILABLE,VEH_010,BR75H4369,3500,25.676702,84.489985,"[{""lat"": 26.412198, ""lon"": 80.394693}, {""lat"": 26.184539, ""lon"": 81.551}, {""lat"": 26.095535, ""lon"": 82.759067}, {""lat"": 25.74469, ""lon"": 84.033154}, {""lat"": 25.501794, ""lon"": 85.156362}]",626.12,2026-07-17 15:53:16+05:30,2026-07-17 15:57:59+05:30,5,SHIP_1155,26.415559,80.341338,25.55756,85.264733,1371,HIGH,2026-07-21 14:54:14+05:30,5789.749520033333
ASN_0155,42.7,t,63.4,25.56407,85.087713,2026-07-17 15:39:48+05:30,,,,AVAILABLE,VEH_010,BR75H4369,3500,25.559607,85.092956,"[{""lat"": 26.412198, ""lon"": 80.394693}, {""lat"": 26.184539, ""lon"": 81.551}, {""lat"": 26.095535, ""lon"": 82.759067}, {""lat"": 25.74469, ""lon"": 84.033154}, {""lat"": 25.501794, ""lon"": 85.156362}]",626.12,2026-07-17 15:53:16+05:30,2026-07-17 15:57:59+05:30,6,SHIP_1155,26.415559,80.341338,25.55756,85.264733,1371,HIGH,2026-07-21 14:54:14+05:30,5714.433920383333
ASN_0195,30.9,f,31.7,23.6296,77.777426,2026-07-17 17:19:32+05:30,,,,AVAILABLE,VEH_010,BR75H4369,3500,23.638582,77.773097,"[{""lat"": 23.352305, ""lon"": 77.434364}, {""lat"": 25.016317, ""lon"": 79.23516}, {""lat"": 26.845858, ""lon"": 80.856444}]",637.37,2026-07-18 03:57:33+05:30,2026-07-18 04:31:44+05:30,1,SHIP_1195,23.350165,77.509078,26.800863,80.895968,1118,MEDIUM,2026-07-18 22:54:44+05:30,1775.1882892666665
ASN_0195,30.9,f,55.9,23.706709,77.81971,2026-07-17 17:23:45+05:30,,,,AVAILABLE,VEH_010,BR75H4369,3500,23.688063,77.834128,"[{""lat"": 23.352305, ""lon"": 77.434364}, {""lat"": 25.016317, ""lon"": 79.23516}, {""lat"": 26.845858, ""lon"": 80.856444}]",637.37,2026-07-18 03:57:33+05:30,2026-07-18 04:31:44+05:30,2,SHIP_1195,23.350165,77.509078,26.800863,80.895968,1118,MEDIUM,2026-07-18 22:54:44+05:30,1770.9738637833332
ASN_0195,30.9,f,32.0,24.174571,78.322121,2026-07-17 19:14:47+05:30,,,,AVAILABLE,VEH_010,BR75H4369,3500,24.183255,78.33143,"[{""lat"": 23.352305, ""lon"": 77.434364}, {""lat"": 25.016317, ""lon"": 79.23516}, {""lat"": 26.845858, ""lon"": 80.856444}]",637.37,2026-07-18 03:57:33+05:30,2026-07-18 04:31:44+05:30,3,SHIP_1195,23.350165,77.509078,26.800863,80.895968,1118,MEDIUM,2026-07-18 22:54:44+05:30,1659.9395871333334
ASN_0195,30.9,f,58.0,25.521419,79.653916,2026-07-18 00:02:22+05:30,,,,AVAILABLE,VEH_010,BR75H4369,3500,25.530476,79.654391,"[{""lat"": 23.352305, ""lon"": 77.434364}, {""lat"": 25.016317, ""lon"": 79.23516}, {""lat"": 26.845858, ""lon"": 80.856444}]",637.37,2026-07-18 03:57:33+05:30,2026-07-18 04:31:44+05:30,4,SHIP_1195,23.350165,77.509078,26.800863,80.895968,1118,MEDIUM,2026-07-18 22:54:44+05:30,1372.36819225
ASN_0195,30.9,f,48.0,26.443376,80.506406,2026-07-18 03:08:36+05:30,,,,AVAILABLE,VEH_010,BR75H4369,3500,26.438143,80.480464,"[{""lat"": 23.352305, ""lon"": 77.434364}, {""lat"": 25.016317, ""lon"": 79.23516}, {""lat"": 26.845858, ""lon"": 80.856444}]",637.37,2026-07-18 03:57:33+05:30,2026-07-18 04:31:44+05:30,5,SHIP_1195,23.350165,77.509078,26.800863,80.895968,1118,MEDIUM,2026-07-18 22:54:44+05:30,1186.1347073
ASN_0195,30.9,f,56.7,26.517739,80.65404,2026-07-18 03:35:10+05:30,,,,AVAILABLE,VEH_010,BR75H4369,3500,26.508994,80.656982,"[{""lat"": 23.352305, ""lon"": 77.434364}, {""lat"": 25.016317, ""lon"": 79.23516}, {""lat"": 26.845858, ""lon"": 80.856444}]",637.37,2026-07-18 03:57:33+05:30,2026-07-18 04:31:44+05:30,6,SHIP_1195,23.350165,77.509078,26.800863,80.895968,1118,MEDIUM,2026-07-18 22:54:44+05:30,1159.5531259166667
ASN_0195,30.9,f,59.3,26.693943,80.824937,2026-07-18 04:17:49+05:30,,,,AVAILABLE,VEH_010,BR75H4369,3500,26.700374,80.816643,"[{""lat"": 23.352305, ""lon"": 77.434364}, {""lat"": 25.016317, ""lon"": 79.23516}, {""lat"": 26.845858, ""lon"": 80.856444}]",637.37,2026-07-18 03:57:33+05:30,2026-07-18 04:31:44+05:30,7,SHIP_1195,23.350165,77.509078,26.800863,80.895968,1118,MEDIUM,2026-07-18 22:54:44+05:30,1116.9144691333333
ASN_0009,100.0,f,46.0,22.402302,72.909817,2026-07-15 06:42:00+05:30,LOW_SPEED,0.63,2026-07-15 23:29:55+05:30,OFF_DUTY,VEH_011,BR73B5675,5000,22.405272,72.901807,"[{""lat"": 22.992259, ""lon"": 72.495037}, {""lat"": 20.496492, ""lon"": 74.396558}, {""lat"": 17.996679, ""lon"": 76.399087}, {""lat"": 15.622153, ""lon"": 78.280536}, {""lat"": 12.978556, ""lon"": 80.287923}]",1695.87,2026-07-16 16:52:52+05:30,2026-07-16 17:05:13+05:30,1,SHIP_1009,22.96432,72.495563,13.063718,80.226799,6576,MEDIUM,2026-07-20 11:45:35+05:30,7503.588435116666
ASN_0009,100.0,f,41.8,20.483577,74.436644,2026-07-15 13:55:32+05:30,LOW_SPEED,0.63,2026-07-15 23:29:55+05:30,OFF_DUTY,VEH_011,BR73B5675,5000,20.485449,74.423616,"[{""lat"": 22.992259, ""lon"": 72.495037}, {""lat"": 20.496492, ""lon"": 74.396558}, {""lat"": 17.996679, ""lon"": 76.399087}, {""lat"": 15.622153, ""lon"": 78.280536}, {""lat"": 12.978556, ""lon"": 80.287923}]",1695.87,2026-07-16 16:52:52+05:30,2026-07-16 17:05:13+05:30,2,SHIP_1009,22.96432,72.495563,13.063718,80.226799,6576,MEDIUM,2026-07-20 11:45:35+05:30,7070.046340183334
ASN_0009,100.0,f,43.4,18.38234,76.09332,2026-07-15 21:34:01+05:30,LOW_SPEED,0.63,2026-07-15 23:29:55+05:30,OFF_DUTY,VEH_011,BR73B5675,5000,18.400928,76.093626,"[{""lat"": 22.992259, ""lon"": 72.495037}, {""lat"": 20.496492, ""lon"": 74.396558}, {""lat"": 17.996679, ""lon"": 76.399087}, {""lat"": 15.622153, ""lon"": 78.280536}, {""lat"": 12.978556, ""lon"": 80.287923}]",1695.87,2026-07-16 16:52:52+05:30,2026-07-16 17:05:13+05:30,3,SHIP_1009,22.96432,72.495563,13.063718,80.226799,6576,MEDIUM,2026-07-20 11:45:35+05:30,6611.55605405
ASN_0049,100.0,t,60.4,21.234553,73.851305,2026-07-16 23:33:47+05:30,,,,OFF_DUTY,VEH_011,BR73B5675,5000,21.238325,73.848355,"[{""lat"": 19.149551, ""lon"": 72.947599}, {""lat"": 22.209732, ""lon"": 74.29577}, {""lat"": 25.394545, ""lon"": 75.862994}, {""lat"": 28.614438, ""lon"": 77.213475}]",1387.59,2026-07-17 19:49:11+05:30,2026-07-17 19:36:54+05:30,1,SHIP_1049,19.174896,72.911699,28.645265,77.241789,6458,LOW,2026-07-17 00:28:06+05:30,54.32701136666667
ASN_0049,100.0,t,60.3,22.355962,74.355123,2026-07-17 02:35:11+05:30,,,,OFF_DUTY,VEH_011,BR73B5675,5000,22.364818,74.354683,"[{""lat"": 19.149551, ""lon"": 72.947599}, {""lat"": 22.209732, ""lon"": 74.29577}, {""lat"": 25.394545, ""lon"": 75.862994}, {""lat"": 28.614438, ""lon"": 77.213475}]",1387.59,2026-07-17 19:49:11+05:30,2026-07-17 19:36:54+05:30,2,SHIP_1049,19.174896,72.911699,28.645265,77.241789,6458,LOW,2026-07-17 00:28:06+05:30,0.0
ASN_0049,100.0,t,50.9,22.910417,74.571128,2026-07-17 03:59:17+05:30,,,,OFF_DUTY,VEH_011,BR73B5675,5000,22.927068,74.566418,"[{""lat"": 19.149551, ""lon"": 72.947599}, {""lat"": 22.209732, ""lon"": 74.29577}, {""lat"": 25.394545, ""lon"": 75.862994}, {""lat"": 28.614438, ""lon"": 77.213475}]",1387.59,2026-07-17 19:49:11+05:30,2026-07-17 19:36:54+05:30,3,SHIP_1049,19.174896,72.911699,28.645265,77.241789,6458,LOW,2026-07-17 00:28:06+05:30,0.0
ASN_0049,100.0,t,58.7,24.143883,75.225737,2026-07-17 07:30:59+05:30,,,,OFF_DUTY,VEH_011,BR73B5675,5000,24.131435,75.233019,"[{""lat"": 19.149551, ""lon"": 72.947599}, {""lat"": 22.209732, ""lon"": 74.29577}, {""lat"": 25.394545, ""lon"": 75.862994}, {""lat"": 28.614438, ""lon"": 77.213475}]",1387.59,2026-07-17 19:49:11+05:30,2026-07-17 19:36:54+05:30,4,SHIP_1049,19.174896,72.911699,28.645265,77.241789,6458,LOW,2026-07-17 00:28:06+05:30,0.0
ASN_0049,100.0,t,51.7,24.893121,75.508203,2026-07-17 09:30:50+05:30,,,,OFF_DUTY,VEH_011,BR73B5675,5000,24.887823,75.496722,"[{""lat"": 19.149551, ""lon"": 72.947599}, {""lat"": 22.209732, ""lon"": 74.29577}, {""lat"": 25.394545, ""lon"": 75.862994}, {""lat"": 28.614438, ""lon"": 77.213475}]",1387.59,2026-07-17 19:49:11+05:30,2026-07-17 19:36:54+05:30,5,SHIP_1049,19.174896,72.911699,28.645265,77.241789,6458,LOW,2026-07-17 00:28:06+05:30,0.0
ASN_0049,100.0,t,53.8,26.934216,76.442152,2026-07-17 15:00:17+05:30,,,,OFF_DUTY,VEH_011,BR73B5675,5000,26.933508,76.449144,"[{""lat"": 19.149551, ""lon"": 72.947599}, {""lat"": 22.209732, ""lon"": 74.29577}, {""lat"": 25.394545, ""lon"": 75.862994}, {""lat"": 28.614438, ""lon"": 77.213475}]",1387.59,2026-07-17 19:49:11+05:30,2026-07-17 19:36:54+05:30,6,SHIP_1049,19.174896,72.911699,28.645265,77.241789,6458,LOW,2026-07-17 00:28:06+05:30,0.0
ASN_0049,100.0,t,40.0,28.220992,77.024756,2026-07-17 18:29:37+05:30,,,,OFF_DUTY,VEH_011,BR73B5675,5000,28.218053,77.03968,"[{""lat"": 19.149551, ""lon"": 72.947599}, {""lat"": 22.209732, ""lon"": 74.29577}, {""lat"": 25.394545, ""lon"": 75.862994}, {""lat"": 28.614438, ""lon"": 77.213475}]",1387.59,2026-07-17 19:49:11+05:30,2026-07-17 19:36:54+05:30,7,SHIP_1049,19.174896,72.911699,28.645265,77.241789,6458,LOW,2026-07-17 00:28:06+05:30,0.0
ASN_0089,100.0,t,45.7,18.602449,81.258197,2026-07-18 03:18:08+05:30,LONG_STOP,0.48,2026-07-18 08:27:55+05:30,OFF_DUTY,VEH_011,BR73B5675,5000,18.612604,81.241121,"[{""lat"": 17.454395, ""lon"": 78.351724}, {""lat"": 20.324939, ""lon"": 85.75108}]",1035.61,2026-07-18 14:34:32+05:30,2026-07-18 14:12:45+05:30,1,SHIP_1089,17.475951,78.31555,20.296087,85.767333,7626,HIGH,2026-07-16 11:00:15+05:30,0.0
ASN_0089,100.0,t,43.8,19.563646,83.883218,2026-07-18 09:38:22+05:30,LONG_STOP,0.48,2026-07-18 08:27:55+05:30,OFF_DUTY,VEH_011,BR73B5675,5000,19.578629,83.893716,"[{""lat"": 17.454395, ""lon"": 78.351724}, {""lat"": 20.324939, ""lon"": 85.75108}]",1035.61,2026-07-18 14:34:32+05:30,2026-07-18 14:12:45+05:30,2,SHIP_1089,17.475951,78.31555,20.296087,85.767333,7626,HIGH,2026-07-16 11:00:15+05:30,0.0
ASN_0089,100.0,t,42.6,19.64748,84.073987,2026-07-18 10:08:43+05:30,LONG_STOP,0.48,2026-07-18 08:27:55+05:30,OFF_DUTY,VEH_011,BR73B5675,5000,19.63297,84.077965,"[{""lat"": 17.454395, ""lon"": 78.351724}, {""lat"": 20.324939, ""lon"": 85.75108}]",1035.61,2026-07-18 14:34:32+05:30,2026-07-18 14:12:45+05:30,3,SHIP_1089,17.475951,78.31555,20.296087,85.767333,7626,HIGH,2026-07-16 11:00:15+05:30,0.0
ASN_0129,100.0,t,59.3,23.951916,84.129304,2026-07-19 01:01:35+05:30,,,,OFF_DUTY,VEH_011,BR73B5675,5000,23.975303,84.133164,"[{""lat"": 22.465351, ""lon"": 88.462386}, {""lat"": 27.000878, ""lon"": 75.652015}]",1854.65,2026-07-19 20:41:28+05:30,2026-07-19 20:30:31+05:30,1,SHIP_1129,22.467245,88.390756,26.936819,75.677564,6821,LOW,2026-07-16 17:25:20+05:30,0.0
ASN_0129,100.0,t,73.0,24.013754,83.973966,2026-07-19 01:20:23+05:30,,,,OFF_DUTY,VEH_011,BR73B5675,5000,24.020118,83.962642,"[{""lat"": 22.465351, ""lon"": 88.462386}, {""lat"": 27.000878, ""lon"": 75.652015}]",1854.65,2026-07-19 20:41:28+05:30,2026-07-19 20:30:31+05:30,2,SHIP_1129,22.467245,88.390756,26.936819,75.677564,6821,LOW,2026-07-16 17:25:20+05:30,0.0
ASN_0129,100.0,t,54.8,25.625028,79.390835,2026-07-19 11:52:22+05:30,,,,OFF_DUTY,VEH_011,BR73B5675,5000,25.611578,79.377072,"[{""lat"": 22.465351, ""lon"": 88.462386}, {""lat"": 27.000878, ""lon"": 75.652015}]",1854.65,2026-07-19 20:41:28+05:30,2026-07-19 20:30:31+05:30,3,SHIP_1129,22.467245,88.390756,26.936819,75.677564,6821,LOW,2026-07-16 17:25:20+05:30,0.0
ASN_0129,100.0,t,67.7,25.709617,79.105824,2026-07-19 12:32:51+05:30,,,,OFF_DUTY,VEH_011,BR73B5675,5000,25.717167,79.102975,"[{""lat"": 22.465351, ""lon"": 88.462386}, {""lat"": 27.000878, ""lon"": 75.652015}]",1854.65,2026-07-19 20:41:28+05:30,2026-07-19 20:30:31+05:30,4,SHIP_1129,22.467245,88.390756,26.936819,75.677564,6821,LOW,2026-07-16 17:25:20+05:30,0.0
ASN_0129,100.0,t,42.0,25.856281,78.699799,2026-07-19 13:34:02+05:30,,,,OFF_DUTY,VEH_011,BR73B5675,5000,25.836439,78.706654,"[{""lat"": 22.465351, ""lon"": 88.462386}, {""lat"": 27.000878, ""lon"": 75.652015}]",1854.65,2026-07-19 20:41:28+05:30,2026-07-19 20:30:31+05:30,5,SHIP_1129,22.467245,88.390756,26.936819,75.677564,6821,LOW,2026-07-16 17:25:20+05:30,0.0
ASN_0129,100.0,t,60.2,26.832287,76.028497,2026-07-19 19:44:30+05:30,,,,OFF_DUTY,VEH_011,BR73B5675,5000,26.819172,76.022934,"[{""lat"": 22.465351, ""lon"": 88.462386}, {""lat"": 27.000878, ""lon"": 75.652015}]",1854.65,2026-07-19 20:41:28+05:30,2026-07-19 20:30:31+05:30,6,SHIP_1129,22.467245,88.390756,26.936819,75.677564,6821,LOW,2026-07-16 17:25:20+05:30,0.0
ASN_0169,100.0,f,41.0,27.32313,76.168765,2026-07-19 23:04:41+05:30,,,,OFF_DUTY,VEH_011,BR73B5675,5000,27.327896,76.170289,"[{""lat"": 26.849291, ""lon"": 75.659797}, {""lat"": 27.353335, ""lon"": 76.244142}, {""lat"": 28.016201, ""lon"": 76.767946}, {""lat"": 28.561319, ""lon"": 77.273165}]",333.16,2026-07-20 04:21:14+05:30,2026-07-20 03:55:13+05:30,1,SHIP_1169,26.82871,75.720357,28.572023,77.383106,7677,MEDIUM,2026-07-16 14:05:09+05:30,0.0
ASN_0169,100.0,f,40.6,27.686243,76.532872,2026-07-20 00:26:41+05:30,,,,OFF_DUTY,VEH_011,BR73B5675,5000,27.684608,76.531829,"[{""lat"": 26.849291, ""lon"": 75.659797}, {""lat"": 27.353335, ""lon"": 76.244142}, {""lat"": 28.016201, ""lon"": 76.767946}, {""lat"": 28.561319, ""lon"": 77.273165}]",333.16,2026-07-20 04:21:14+05:30,2026-07-20 03:55:13+05:30,2,SHIP_1169,26.82871,75.720357,28.572023,77.383106,7677,MEDIUM,2026-07-16 14:05:09+05:30,0.0
ASN_0169,100.0,f,56.2,28.297303,77.12747,2026-07-20 02:58:32+05:30,,,,OFF_DUTY,VEH_011,BR73B5675,5000,28.280931,77.137023,"[{""lat"": 26.849291, ""lon"": 75.659797}, {""lat"": 27.353335, ""lon"": 76.244142}, {""lat"": 28.016201, ""lon"": 76.767946}, {""lat"": 28.561319, ""lon"": 77.273165}]",333.16,2026-07-20 04:21:14+05:30,2026-07-20 03:55:13+05:30,3,SHIP_1169,26.82871,75.720357,28.572023,77.383106,7677,MEDIUM,2026-07-16 14:05:09+05:30,0.0
ASN_0169,100.0,f,51.8,28.46411,77.271887,2026-07-20 03:29:17+05:30,,,,OFF_DUTY,VEH_011,BR73B5675,5000,28.468462,77.283594,"[{""lat"": 26.849291, ""lon"": 75.659797}, {""lat"": 27.353335, ""lon"": 76.244142}, {""lat"": 28.016201, ""lon"": 76.767946}, {""lat"": 28.561319, ""lon"": 77.273165}]",333.16,2026-07-20 04:21:14+05:30,2026-07-20 03:55:13+05:30,4,SHIP_1169,26.82871,75.720357,28.572023,77.383106,7677,MEDIUM,2026-07-16 14:05:09+05:30,0.0
ASN_0026,36.1,t,44.8,21.449569,86.392995,2026-07-15 10:00:19+05:30,ROUTE_DEVIATION,0.13,2026-07-15 13:05:31+05:30,AVAILABLE,VEH_012,TN54F3789,7000,21.462352,86.388859,"[{""lat"": 22.51573, ""lon"": 88.408711}, {""lat"": 17.364404, ""lon"": 78.583078}]",1403.13,2026-07-16 04:14:28+05:30,2026-07-16 04:47:43+05:30,1,SHIP_1026,22.534564,88.446215,17.365803,78.574415,2735,MEDIUM,2026-07-15 21:50:17+05:30,709.9768165166666
ASN_0026,36.1,t,72.4,21.21158,85.870851,2026-07-15 11:14:04+05:30,ROUTE_DEVIATION,0.13,2026-07-15 13:05:31+05:30,AVAILABLE,VEH_012,TN54F3789,7000,21.21688,85.881364,"[{""lat"": 22.51573, ""lon"": 88.408711}, {""lat"": 17.364404, ""lon"": 78.583078}]",1403.13,2026-07-16 04:14:28+05:30,2026-07-16 04:47:43+05:30,2,SHIP_1026,22.534564,88.446215,17.365803,78.574415,2735,MEDIUM,2026-07-15 21:50:17+05:30,636.22020715
ASN_0026,36.1,t,66.8,19.059015,81.790118,2026-07-15 21:00:21+05:30,ROUTE_DEVIATION,0.13,2026-07-15 13:05:31+05:30,AVAILABLE,VEH_012,TN54F3789,7000,19.065782,81.810805,"[{""lat"": 22.51573, ""lon"": 88.408711}, {""lat"": 17.364404, ""lon"": 78.583078}]",1403.13,2026-07-16 04:14:28+05:30,2026-07-16 04:47:43+05:30,3,SHIP_1026,22.534564,88.446215,17.365803,78.574415,2735,MEDIUM,2026-07-15 21:50:17+05:30,49.93145393333334
ASN_0066,47.5,t,42.8,20.358057,74.24635,2026-07-16 11:09:28+05:30,ROUTE_DEVIATION,0.57,2026-07-16 09:15:38+05:30,AVAILABLE,VEH_012,TN54F3789,7000,20.333703,74.242701,"[{""lat"": 19.143857, ""lon"": 72.890481}, {""lat"": 26.785836, ""lon"": 81.111141}]",1608.98,2026-07-17 16:01:25+05:30,2026-07-17 15:38:10+05:30,1,SHIP_1066,19.039431,72.821177,26.831616,81.041328,3813,HIGH,2026-07-19 13:18:19+05:30,4448.841024083334
ASN_0066,47.5,t,46.8,21.731995,75.663459,2026-07-16 17:11:16+05:30,ROUTE_DEVIATION,0.57,2026-07-16 09:15:38+05:30,AVAILABLE,VEH_012,TN54F3789,7000,21.723465,75.678143,"[{""lat"": 19.143857, ""lon"": 72.890481}, {""lat"": 26.785836, ""lon"": 81.111141}]",1608.98,2026-07-17 16:01:25+05:30,2026-07-17 15:38:10+05:30,2,SHIP_1066,19.039431,72.821177,26.831616,81.041328,3813,HIGH,2026-07-19 13:18:19+05:30,4087.0425093166664
ASN_0066,47.5,t,43.3,26.464195,80.68204,2026-07-17 14:04:53+05:30,ROUTE_DEVIATION,0.57,2026-07-16 09:15:38+05:30,AVAILABLE,VEH_012,TN54F3789,7000,26.451925,80.69592,"[{""lat"": 19.143857, ""lon"": 72.890481}, {""lat"": 26.785836, ""lon"": 81.111141}]",1608.98,2026-07-17 16:01:25+05:30,2026-07-17 15:38:10+05:30,3,SHIP_1066,19.039431,72.821177,26.831616,81.041328,3813,HIGH,2026-07-19 13:18:19+05:30,2833.4327905833334
ASN_0106,100.0,t,64.1,17.513137,78.816187,2026-07-17 17:36:25+05:30,ROUTE_DEVIATION,0.15,2026-07-18 09:00:27+05:30,AVAILABLE,VEH_012,TN54F3789,7000,17.525136,78.839746,"[{""lat"": 17.314832, ""lon"": 78.4543}, {""lat"": 18.048062, ""lon"": 80.207146}, {""lat"": 18.726441, ""lon"": 82.046535}, {""lat"": 19.534676, ""lon"": 83.98107}, {""lat"": 20.223837, ""lon"": 85.786734}]",1154.98,2026-07-18 12:50:49+05:30,2026-07-18 12:43:55+05:30,1,SHIP_1106,17.33876,78.347379,20.224856,85.82286,8495,MEDIUM,2026-07-21 10:50:23+05:30,5353.964174216667
ASN_0106,100.0,t,55.8,18.034725,80.16738,2026-07-17 21:19:24+05:30,ROUTE_DEVIATION,0.15,2026-07-18 09:00:27+05:30,AVAILABLE,VEH_012,TN54F3789,7000,17.999458,80.15331,"[{""lat"": 17.314832, ""lon"": 78.4543}, {""lat"": 18.048062, ""lon"": 80.207146}, {""lat"": 18.726441, ""lon"": 82.046535}, {""lat"": 19.534676, ""lon"": 83.98107}, {""lat"": 20.223837, ""lon"": 85.786734}]",1154.98,2026-07-18 12:50:49+05:30,2026-07-18 12:43:55+05:30,2,SHIP_1106,17.33876,78.347379,20.224856,85.82286,8495,MEDIUM,2026-07-21 10:50:23+05:30,5130.979747916667
ASN_0106,100.0,t,50.6,18.182099,80.543785,2026-07-17 22:19:39+05:30,ROUTE_DEVIATION,0.15,2026-07-18 09:00:27+05:30,AVAILABLE,VEH_012,TN54F3789,7000,18.193376,80.556551,"[{""lat"": 17.314832, ""lon"": 78.4543}, {""lat"": 18.048062, ""lon"": 80.207146}, {""lat"": 18.726441, ""lon"": 82.046535}, {""lat"": 19.534676, ""lon"": 83.98107}, {""lat"": 20.223837, ""lon"": 85.786734}]",1154.98,2026-07-18 12:50:49+05:30,2026-07-18 12:43:55+05:30,3,SHIP_1106,17.33876,78.347379,20.224856,85.82286,8495,MEDIUM,2026-07-21 10:50:23+05:30,5070.73417115
ASN_0106,100.0,t,73.9,18.456648,81.293019,2026-07-18 00:19:26+05:30,ROUTE_DEVIATION,0.15,2026-07-18 09:00:27+05:30,AVAILABLE,VEH_012,TN54F3789,7000,18.461238,81.283155,"[{""lat"": 17.314832, ""lon"": 78.4543}, {""lat"": 18.048062, ""lon"": 80.207146}, {""lat"": 18.726441, ""lon"": 82.046535}, {""lat"": 19.534676, ""lon"": 83.98107}, {""lat"": 20.223837, ""lon"": 85.786734}]",1154.98,2026-07-18 12:50:49+05:30,2026-07-18 12:43:55+05:30,4,SHIP_1106,17.33876,78.347379,20.224856,85.82286,8495,MEDIUM,2026-07-21 10:50:23+05:30,4950.9534951
ASN_0106,100.0,t,52.6,18.579377,81.48159,2026-07-18 00:55:24+05:30,ROUTE_DEVIATION,0.15,2026-07-18 09:00:27+05:30,AVAILABLE,VEH_012,TN54F3789,7000,18.580512,81.476188,"[{""lat"": 17.314832, ""lon"": 78.4543}, {""lat"": 18.048062, ""lon"": 80.207146}, {""lat"": 18.726441, ""lon"": 82.046535}, {""lat"": 19.534676, ""lon"": 83.98107}, {""lat"": 20.223837, ""lon"": 85.786734}]",1154.98,2026-07-18 12:50:49+05:30,2026-07-18 12:43:55+05:30,5,SHIP_1106,17.33876,78.347379,20.224856,85.82286,8495,MEDIUM,2026-07-21 10:50:23+05:30,4914.975099883333
ASN_0106,100.0,t,68.6,19.044396,82.72533,2026-07-18 04:15:28+05:30,ROUTE_DEVIATION,0.15,2026-07-18 09:00:27+05:30,AVAILABLE,VEH_012,TN54F3789,7000,19.0502,82.717383,"[{""lat"": 17.314832, ""lon"": 78.4543}, {""lat"": 18.048062, ""lon"": 80.207146}, {""lat"": 18.726441, ""lon"": 82.046535}, {""lat"": 19.534676, ""lon"": 83.98107}, {""lat"": 20.223837, ""lon"": 85.786734}]",1154.98,2026-07-18 12:50:49+05:30,2026-07-18 12:43:55+05:30,6,SHIP_1106,17.33876,78.347379,20.224856,85.82286,8495,MEDIUM,2026-07-21 10:50:23+05:30,4714.917915266667
ASN_0106,100.0,t,52.4,19.984654,85.226472,2026-07-18 11:03:39+05:30,ROUTE_DEVIATION,0.15,2026-07-18 09:00:27+05:30,AVAILABLE,VEH_012,TN54F3789,7000,20.013854,85.224049,"[{""lat"": 17.314832, ""lon"": 78.4543}, {""lat"": 18.048062, ""lon"": 80.207146}, {""lat"": 18.726441, ""lon"": 82.046535}, {""lat"": 19.534676, ""lon"": 83.98107}, {""lat"": 20.223837, ""lon"": 85.786734}]",1154.98,2026-07-18 12:50:49+05:30,2026-07-18 12:43:55+05:30,7,SHIP_1106,17.33876,78.347379,20.224856,85.82286,8495,MEDIUM,2026-07-21 10:50:23+05:30,4306.73415525
ASN_0146,97.0,f,44.0,17.603367,77.838734,2026-07-18 14:30:03+05:30,,,,AVAILABLE,VEH_012,TN54F3789,7000,17.607116,77.83486,"[{""lat"": 17.458513, ""lon"": 78.482283}, {""lat"": 17.727984, ""lon"": 77.285118}, {""lat"": 17.964105, ""lon"": 76.202094}, {""lat"": 18.233419, ""lon"": 74.865275}, {""lat"": 18.403319, ""lon"": 73.840494}]",673.24,2026-07-18 23:33:24+05:30,2026-07-18 23:32:54+05:30,1,SHIP_1146,17.437188,78.440506,18.447832,73.879287,6865,HIGH,2026-07-19 14:48:59+05:30,1458.9316861500001
ASN_0146,97.0,f,69.1,17.838751,76.638988,2026-07-18 17:16:46+05:30,,,,AVAILABLE,VEH_012,TN54F3789,7000,17.836111,76.647908,"[{""lat"": 17.458513, ""lon"": 78.482283}, {""lat"": 17.727984, ""lon"": 77.285118}, {""lat"": 17.964105, ""lon"": 76.202094}, {""lat"": 18.233419, ""lon"": 74.865275}, {""lat"": 18.403319, ""lon"": 73.840494}]",673.24,2026-07-18 23:33:24+05:30,2026-07-18 23:32:54+05:30,2,SHIP_1146,17.437188,78.440506,18.447832,73.879287,6865,HIGH,2026-07-19 14:48:59+05:30,1292.2193254000001
ASN_0146,97.0,f,67.4,18.024745,75.830146,2026-07-18 19:05:15+05:30,,,,AVAILABLE,VEH_012,TN54F3789,7000,18.027276,75.82675,"[{""lat"": 17.458513, ""lon"": 78.482283}, {""lat"": 17.727984, ""lon"": 77.285118}, {""lat"": 17.964105, ""lon"": 76.202094}, {""lat"": 18.233419, ""lon"": 74.865275}, {""lat"": 18.403319, ""lon"": 73.840494}]",673.24,2026-07-18 23:33:24+05:30,2026-07-18 23:32:54+05:30,3,SHIP_1146,17.437188,78.440506,18.447832,73.879287,6865,HIGH,2026-07-19 14:48:59+05:30,1183.72936995
ASN_0146,97.0,f,54.9,18.058425,75.595814,2026-07-18 19:37:13+05:30,,,,AVAILABLE,VEH_012,TN54F3789,7000,18.045836,75.608823,"[{""lat"": 17.458513, ""lon"": 78.482283}, {""lat"": 17.727984, ""lon"": 77.285118}, {""lat"": 17.964105, ""lon"": 76.202094}, {""lat"": 18.233419, ""lon"": 74.865275}, {""lat"": 18.403319, ""lon"": 73.840494}]",673.24,2026-07-18 23:33:24+05:30,2026-07-18 23:32:54+05:30,4,SHIP_1146,17.437188,78.440506,18.447832,73.879287,6865,HIGH,2026-07-19 14:48:59+05:30,1151.7654531
ASN_0146,97.0,f,63.1,18.128332,75.299131,2026-07-18 20:17:50+05:30,,,,AVAILABLE,VEH_012,TN54F3789,7000,18.128566,75.299358,"[{""lat"": 17.458513, ""lon"": 78.482283}, {""lat"": 17.727984, ""lon"": 77.285118}, {""lat"": 17.964105, ""lon"": 76.202094}, {""lat"": 18.233419, ""lon"": 74.865275}, {""lat"": 18.403319, ""lon"": 73.840494}]",673.24,2026-07-18 23:33:24+05:30,2026-07-18 23:32:54+05:30,5,SHIP_1146,17.437188,78.440506,18.447832,73.879287,6865,HIGH,2026-07-19 14:48:59+05:30,1111.1534035500001
ASN_0146,97.0,f,73.8,18.1836,75.061591,2026-07-18 20:48:19+05:30,,,,AVAILABLE,VEH_012,TN54F3789,7000,18.176679,75.07194,"[{""lat"": 17.458513, ""lon"": 78.482283}, {""lat"": 17.727984, ""lon"": 77.285118}, {""lat"": 17.964105, ""lon"": 76.202094}, {""lat"": 18.233419, ""lon"": 74.865275}, {""lat"": 18.403319, ""lon"": 73.840494}]",673.24,2026-07-18 23:33:24+05:30,2026-07-18 23:32:54+05:30,6,SHIP_1146,17.437188,78.440506,18.447832,73.879287,6865,HIGH,2026-07-19 14:48:59+05:30,1080.6742455666667
ASN_0146,97.0,f,74.4,18.158405,74.99109,2026-07-18 20:57:17+05:30,,,,AVAILABLE,VEH_012,TN54F3789,7000,18.156924,74.98438,"[{""lat"": 17.458513, ""lon"": 78.482283}, {""lat"": 17.727984, ""lon"": 77.285118}, {""lat"": 17.964105, ""lon"": 76.202094}, {""lat"": 18.233419, ""lon"": 74.865275}, {""lat"": 18.403319, ""lon"": 73.840494}]",673.24,2026-07-18 23:33:24+05:30,2026-07-18 23:32:54+05:30,7,SHIP_1146,17.437188,78.440506,18.447832,73.879287,6865,HIGH,2026-07-19 14:48:59+05:30,1071.6963669
ASN_0186,100.0,t,55.4,21.739537,74.49947,2026-07-19 03:52:13+05:30,,,,AVAILABLE,VEH_012,TN54F3789,7000,21.737166,74.515142,"[{""lat"": 21.143642, ""lon"": 72.806847}, {""lat"": 22.713855, ""lon"": 76.904417}, {""lat"": 24.244444, ""lon"": 81.084821}, {""lat"": 25.555135, ""lon"": 85.162716}]",1669.54,2026-07-20 04:21:53+05:30,2026-07-20 03:42:00+05:30,1,SHIP_1186,21.176134,72.779866,25.657931,85.281701,8268,MEDIUM,2026-07-21 12:48:51+05:30,3416.6279169166664
ASN_0186,100.0,t,59.0,21.943638,74.958728,2026-07-19 04:52:11+05:30,,,,AVAILABLE,VEH_012,TN54F3789,7000,21.936118,74.963801,"[{""lat"": 21.143642, ""lon"": 72.806847}, {""lat"": 22.713855, ""lon"": 76.904417}, {""lat"": 24.244444, ""lon"": 81.084821}, {""lat"": 25.555135, ""lon"": 85.162716}]",1669.54,2026-07-20 04:21:53+05:30,2026-07-20 03:42:00+05:30,2,SHIP_1186,21.176134,72.779866,25.657931,85.281701,8268,MEDIUM,2026-07-21 12:48:51+05:30,3356.663549483333
ASN_0186,100.0,t,68.7,23.517048,79.36785,2026-07-19 14:35:46+05:30,,,,AVAILABLE,VEH_012,TN54F3789,7000,23.517675,79.373949,"[{""lat"": 21.143642, ""lon"": 72.806847}, {""lat"": 22.713855, ""lon"": 76.904417}, {""lat"": 24.244444, ""lon"": 81.084821}, {""lat"": 25.555135, ""lon"": 85.162716}]",1669.54,2026-07-20 04:21:53+05:30,2026-07-20 03:42:00+05:30,3,SHIP_1186,21.176134,72.779866,25.657931,85.281701,8268,MEDIUM,2026-07-21 12:48:51+05:30,2773.0765604999997
ASN_0186,100.0,t,68.0,23.85658,80.219876,2026-07-19 16:32:33+05:30,,,,AVAILABLE,VEH_012,TN54F3789,7000,23.854307,80.226038,"[{""lat"": 21.143642, ""lon"": 72.806847}, {""lat"": 22.713855, ""lon"": 76.904417}, {""lat"": 24.244444, ""lon"": 81.084821}, {""lat"": 25.555135, ""lon"": 85.162716}]",1669.54,2026-07-20 04:21:53+05:30,2026-07-20 03:42:00+05:30,4,SHIP_1186,21.176134,72.779866,25.657931,85.281701,8268,MEDIUM,2026-07-21 12:48:51+05:30,2656.28701585
ASN_0186,100.0,t,63.3,24.121353,81.050523,2026-07-19 18:21:32+05:30,,,,AVAILABLE,VEH_012,TN54F3789,7000,24.113468,81.04638,"[{""lat"": 21.143642, ""lon"": 72.806847}, {""lat"": 22.713855, ""lon"": 76.904417}, {""lat"": 24.244444, ""lon"": 81.084821}, {""lat"": 25.555135, ""lon"": 85.162716}]",1669.54,2026-07-20 04:21:53+05:30,2026-07-20 03:42:00+05:30,5,SHIP_1186,21.176134,72.779866,25.657931,85.281701,8268,MEDIUM,2026-07-21 12:48:51+05:30,2547.3103446500004
ASN_0186,100.0,t,51.9,24.975531,83.422407,2026-07-19 23:33:54+05:30,,,,AVAILABLE,VEH_012,TN54F3789,7000,24.979948,83.437695,"[{""lat"": 21.143642, ""lon"": 72.806847}, {""lat"": 22.713855, ""lon"": 76.904417}, {""lat"": 24.244444, ""lon"": 81.084821}, {""lat"": 25.555135, ""lon"": 85.162716}]",1669.54,2026-07-20 04:21:53+05:30,2026-07-20 03:42:00+05:30,6,SHIP_1186,21.176134,72.779866,25.657931,85.281701,8268,MEDIUM,2026-07-21 12:48:51+05:30,2234.9402766
ASN_0186,100.0,t,60.4,25.088304,83.640458,2026-07-20 00:08:58+05:30,,,,AVAILABLE,VEH_012,TN54F3789,7000,25.09877,83.637657,"[{""lat"": 21.143642, ""lon"": 72.806847}, {""lat"": 22.713855, ""lon"": 76.904417}, {""lat"": 24.244444, ""lon"": 81.084821}, {""lat"": 25.555135, ""lon"": 85.162716}]",1669.54,2026-07-20 04:21:53+05:30,2026-07-20 03:42:00+05:30,7,SHIP_1186,21.176134,72.779866,25.657931,85.281701,8268,MEDIUM,2026-07-21 12:48:51+05:30,2199.8808386166666
ASN_0029,100.0,f,60.9,26.201947,75.37059,2026-07-15 05:50:20+05:30,LOW_SPEED,0.58,2026-07-15 08:37:59+05:30,AVAILABLE,VEH_013,MH50E4584,7000,26.204862,75.354301,"[{""lat"": 26.905057, ""lon"": 75.808381}, {""lat"": 22.456472, ""lon"": 73.192732}]",735.52,2026-07-15 17:18:37+05:30,2026-07-15 17:14:03+05:30,1,SHIP_1029,26.917458,75.804808,22.429877,73.171245,7396,LOW,2026-07-15 23:25:19+05:30,1054.99464665
ASN_0029,100.0,f,71.2,26.161068,75.338357,2026-07-15 05:58:43+05:30,LOW_SPEED,0.58,2026-07-15 08:37:59+05:30,AVAILABLE,VEH_013,MH50E4584,7000,26.156662,75.334571,"[{""lat"": 26.905057, ""lon"": 75.808381}, {""lat"": 22.456472, ""lon"": 73.192732}]",735.52,2026-07-15 17:18:37+05:30,2026-07-15 17:14:03+05:30,2,SHIP_1029,26.917458,75.804808,22.429877,73.171245,7396,LOW,2026-07-15 23:25:19+05:30,1046.60681875
ASN_0029,100.0,f,53.6,25.960897,75.238592,2026-07-15 06:35:13+05:30,LOW_SPEED,0.58,2026-07-15 08:37:59+05:30,AVAILABLE,VEH_013,MH50E4584,7000,25.976531,75.241015,"[{""lat"": 26.905057, ""lon"": 75.808381}, {""lat"": 22.456472, ""lon"": 73.192732}]",735.52,2026-07-15 17:18:37+05:30,2026-07-15 17:14:03+05:30,3,SHIP_1029,26.917458,75.804808,22.429877,73.171245,7396,LOW,2026-07-15 23:25:19+05:30,1010.1110602666666
ASN_0029,100.0,f,44.4,23.908754,74.052017,2026-07-15 12:49:25+05:30,LOW_SPEED,0.58,2026-07-15 08:37:59+05:30,AVAILABLE,VEH_013,MH50E4584,7000,23.925815,74.05907,"[{""lat"": 26.905057, ""lon"": 75.808381}, {""lat"": 22.456472, ""lon"": 73.192732}]",735.52,2026-07-15 17:18:37+05:30,2026-07-15 17:14:03+05:30,4,SHIP_1029,26.917458,75.804808,22.429877,73.171245,7396,LOW,2026-07-15 23:25:19+05:30,635.900461
ASN_0069,5.0,t,58.0,26.393215,80.825298,2026-07-15 18:49:22+05:30,,,,AVAILABLE,VEH_013,MH50E4584,7000,26.407843,80.832026,"[{""lat"": 26.836572, ""lon"": 80.940504}, {""lat"": 17.398005, ""lon"": 78.487897}]",1355.89,2026-07-16 17:39:16+05:30,2026-07-16 17:47:01+05:30,1,SHIP_1069,26.807328,80.951563,17.387388,78.441461,352,LOW,2026-07-19 18:27:42+05:30,5738.34408965
ASN_0069,5.0,t,67.3,26.181891,80.784897,2026-07-15 19:19:57+05:30,,,,AVAILABLE,VEH_013,MH50E4584,7000,26.176776,80.784129,"[{""lat"": 26.836572, ""lon"": 80.940504}, {""lat"": 17.398005, ""lon"": 78.487897}]",1355.89,2026-07-16 17:39:16+05:30,2026-07-16 17:47:01+05:30,2,SHIP_1069,26.807328,80.951563,17.387388,78.441461,352,LOW,2026-07-19 18:27:42+05:30,5707.760480316666
ASN_0069,5.0,t,64.8,24.561537,80.315375,2026-07-15 23:31:41+05:30,,,,AVAILABLE,VEH_013,MH50E4584,7000,24.56516,80.32126,"[{""lat"": 26.836572, ""lon"": 80.940504}, {""lat"": 17.398005, ""lon"": 78.487897}]",1355.89,2026-07-16 17:39:16+05:30,2026-07-16 17:47:01+05:30,3,SHIP_1069,26.807328,80.951563,17.387388,78.441461,352,LOW,2026-07-19 18:27:42+05:30,5456.017150483333
ASN_0069,5.0,t,51.1,23.683177,80.109229,2026-07-16 01:42:00+05:30,,,,AVAILABLE,VEH_013,MH50E4584,7000,23.685883,80.110133,"[{""lat"": 26.836572, ""lon"": 80.940504}, {""lat"": 17.398005, ""lon"": 78.487897}]",1355.89,2026-07-16 17:39:16+05:30,2026-07-16 17:47:01+05:30,4,SHIP_1069,26.807328,80.951563,17.387388,78.441461,352,LOW,2026-07-19 18:27:42+05:30,5325.711161466666
ASN_0109,100.0,t,43.3,15.987575,78.397334,2026-07-17 02:50:32+05:30,GEOFENCE_BREACH,0.46,2026-07-18 01:56:09+05:30,AVAILABLE,VEH_013,MH50E4584,7000,15.98986,78.386428,"[{""lat"": 12.835137, ""lon"": 77.716833}, {""lat"": 16.455303, ""lon"": 78.438403}, {""lat"": 19.886284, ""lon"": 79.287292}, {""lat"": 23.380956, ""lon"": 80.051887}, {""lat"": 26.92847, ""lon"": 80.961045}]",1948.51,2026-07-18 08:12:41+05:30,2026-07-18 08:00:06+05:30,1,SHIP_1109,12.849986,77.646891,26.94753,80.91741,7649,HIGH,2026-07-16 14:45:50+05:30,0.0
ASN_0109,100.0,t,54.1,21.573335,79.670355,2026-07-17 17:41:30+05:30,GEOFENCE_BREACH,0.46,2026-07-18 01:56:09+05:30,AVAILABLE,VEH_013,MH50E4584,7000,21.587191,79.675262,"[{""lat"": 12.835137, ""lon"": 77.716833}, {""lat"": 16.455303, ""lon"": 78.438403}, {""lat"": 19.886284, ""lon"": 79.287292}, {""lat"": 23.380956, ""lon"": 80.051887}, {""lat"": 26.92847, ""lon"": 80.961045}]",1948.51,2026-07-18 08:12:41+05:30,2026-07-18 08:00:06+05:30,2,SHIP_1109,12.849986,77.646891,26.94753,80.91741,7649,HIGH,2026-07-16 14:45:50+05:30,0.0
ASN_0109,100.0,t,39.9,23.180608,80.05025,2026-07-17 21:55:07+05:30,GEOFENCE_BREACH,0.46,2026-07-18 01:56:09+05:30,AVAILABLE,VEH_013,MH50E4584,7000,23.183416,80.055339,"[{""lat"": 12.835137, ""lon"": 77.716833}, {""lat"": 16.455303, ""lon"": 78.438403}, {""lat"": 19.886284, ""lon"": 79.287292}, {""lat"": 23.380956, ""lon"": 80.051887}, {""lat"": 26.92847, ""lon"": 80.961045}]",1948.51,2026-07-18 08:12:41+05:30,2026-07-18 08:00:06+05:30,3,SHIP_1109,12.849986,77.646891,26.94753,80.91741,7649,HIGH,2026-07-16 14:45:50+05:30,0.0
ASN_0109,100.0,t,52.6,24.387458,80.357169,2026-07-18 01:16:27+05:30,GEOFENCE_BREACH,0.46,2026-07-18 01:56:09+05:30,AVAILABLE,VEH_013,MH50E4584,7000,24.391333,80.348397,"[{""lat"": 12.835137, ""lon"": 77.716833}, {""lat"": 16.455303, ""lon"": 78.438403}, {""lat"": 19.886284, ""lon"": 79.287292}, {""lat"": 23.380956, ""lon"": 80.051887}, {""lat"": 26.92847, ""lon"": 80.961045}]",1948.51,2026-07-18 08:12:41+05:30,2026-07-18 08:00:06+05:30,4,SHIP_1109,12.849986,77.646891,26.94753,80.91741,7649,HIGH,2026-07-16 14:45:50+05:30,0.0
ASN_0109,100.0,t,48.7,24.894277,80.447029,2026-07-18 02:32:25+05:30,GEOFENCE_BREACH,0.46,2026-07-18 01:56:09+05:30,AVAILABLE,VEH_013,MH50E4584,7000,24.895276,80.426025,"[{""lat"": 12.835137, ""lon"": 77.716833}, {""lat"": 16.455303, ""lon"": 78.438403}, {""lat"": 19.886284, ""lon"": 79.287292}, {""lat"": 23.380956, ""lon"": 80.051887}, {""lat"": 26.92847, ""lon"": 80.961045}]",1948.51,2026-07-18 08:12:41+05:30,2026-07-18 08:00:06+05:30,5,SHIP_1109,12.849986,77.646891,26.94753,80.91741,7649,HIGH,2026-07-16 14:45:50+05:30,0.0
ASN_0149,77.9,t,56.4,20.723592,79.04431,2026-07-18 10:13:38+05:30,,,,AVAILABLE,VEH_013,MH50E4584,7000,20.707822,79.033116,"[{""lat"": 21.305496, ""lon"": 79.08401}, {""lat"": 13.129859, ""lon"": 77.611307}]",1105.57,2026-07-19 07:07:42+05:30,2026-07-19 06:50:45+05:30,1,SHIP_1149,21.277366,79.128759,13.11471,77.658351,5908,MEDIUM,2026-07-20 03:54:20+05:30,2500.686163166667
ASN_0149,77.9,t,42.3,18.338703,78.573795,2026-07-18 16:39:45+05:30,,,,AVAILABLE,VEH_013,MH50E4584,7000,18.329262,78.559502,"[{""lat"": 21.305496, ""lon"": 79.08401}, {""lat"": 13.129859, ""lon"": 77.611307}]",1105.57,2026-07-19 07:07:42+05:30,2026-07-19 06:50:45+05:30,2,SHIP_1149,21.277366,79.128759,13.11471,77.658351,5908,MEDIUM,2026-07-20 03:54:20+05:30,2114.5722517333334
ASN_0149,77.9,t,36.5,13.250584,77.693635,2026-07-19 06:29:05+05:30,,,,AVAILABLE,VEH_013,MH50E4584,7000,13.24516,77.693858,"[{""lat"": 21.305496, ""lon"": 79.08401}, {""lat"": 13.129859, ""lon"": 77.611307}]",1105.57,2026-07-19 07:07:42+05:30,2026-07-19 06:50:45+05:30,3,SHIP_1149,21.277366,79.128759,13.11471,77.658351,5908,MEDIUM,2026-07-20 03:54:20+05:30,1285.2479833333334
ASN_0189,44.0,t,72.0,22.269772,75.704256,2026-07-19 14:39:56+05:30,,,,AVAILABLE,VEH_013,MH50E4584,7000,22.280014,75.713519,"[{""lat"": 21.232168, ""lon"": 72.96751}, {""lat"": 22.438227, ""lon"": 75.904588}, {""lat"": 23.453808, ""lon"": 79.040599}, {""lat"": 24.528462, ""lon"": 82.057604}, {""lat"": 25.679362, ""lon"": 85.05901}]",1845.96,2026-07-20 14:35:59+05:30,2026-07-20 14:51:28+05:30,1,SHIP_1189,21.241955,72.86757,25.676505,85.093634,2530,MEDIUM,2026-07-21 15:26:09+05:30,2926.2182036500003
ASN_0189,44.0,t,53.9,22.712284,76.979868,2026-07-19 17:58:28+05:30,,,,AVAILABLE,VEH_013,MH50E4584,7000,22.700545,76.968518,"[{""lat"": 21.232168, ""lon"": 72.96751}, {""lat"": 22.438227, ""lon"": 75.904588}, {""lat"": 23.453808, ""lon"": 79.040599}, {""lat"": 24.528462, ""lon"": 82.057604}, {""lat"": 25.679362, ""lon"": 85.05901}]",1845.96,2026-07-20 14:35:59+05:30,2026-07-20 14:51:28+05:30,2,SHIP_1189,21.241955,72.86757,25.676505,85.093634,2530,MEDIUM,2026-07-21 15:26:09+05:30,2727.676668766667
ASN_0189,44.0,t,45.6,23.861554,80.087066,2026-07-20 01:55:53+05:30,,,,AVAILABLE,VEH_013,MH50E4584,7000,23.879061,80.101807,"[{""lat"": 21.232168, ""lon"": 72.96751}, {""lat"": 22.438227, ""lon"": 75.904588}, {""lat"": 23.453808, ""lon"": 79.040599}, {""lat"": 24.528462, ""lon"": 82.057604}, {""lat"": 25.679362, ""lon"": 85.05901}]",1845.96,2026-07-20 14:35:59+05:30,2026-07-20 14:51:28+05:30,3,SHIP_1189,21.241955,72.86757,25.676505,85.093634,2530,MEDIUM,2026-07-21 15:26:09+05:30,2250.27578515
ASN_0189,44.0,t,58.5,24.797472,82.681695,2026-07-20 08:40:49+05:30,,,,AVAILABLE,VEH_013,MH50E4584,7000,24.807323,82.677899,"[{""lat"": 21.232168, ""lon"": 72.96751}, {""lat"": 22.438227, ""lon"": 75.904588}, {""lat"": 23.453808, ""lon"": 79.040599}, {""lat"": 24.528462, ""lon"": 82.057604}, {""lat"": 25.679362, ""lon"": 85.05901}]",1845.96,2026-07-20 14:35:59+05:30,2026-07-20 14:51:28+05:30,4,SHIP_1189,21.241955,72.86757,25.676505,85.093634,2530,MEDIUM,2026-07-21 15:26:09+05:30,1845.34121565
ASN_0189,44.0,t,38.6,25.010889,83.326285,2026-07-20 10:17:46+05:30,,,,AVAILABLE,VEH_013,MH50E4584,7000,25.012318,83.337893,"[{""lat"": 21.232168, ""lon"": 72.96751}, {""lat"": 22.438227, ""lon"": 75.904588}, {""lat"": 23.453808, ""lon"": 79.040599}, {""lat"": 24.528462, ""lon"": 82.057604}, {""lat"": 25.679362, ""lon"": 85.05901}]",1845.96,2026-07-20 14:35:59+05:30,2026-07-20 14:51:28+05:30,5,SHIP_1189,21.241955,72.86757,25.676505,85.093634,2530,MEDIUM,2026-07-21 15:26:09+05:30,1748.3893530666667
ASN_0036,33.9,t,61.4,22.724658,75.314648,2026-07-15 06:09:13+05:30,LONG_STOP,0.35,2026-07-15 11:51:46+05:30,ON_DUTY,VEH_014,KA24H8327,10200,22.72415,75.315682,"[{""lat"": 22.65084, ""lon"": 75.711244}, {""lat"": 23.048267, ""lon"": 72.575032}]",460.77,2026-07-15 12:57:37+05:30,2026-07-15 13:10:44+05:30,1,SHIP_1036,22.692297,75.722461,23.05193,72.512089,2959,HIGH,2026-07-16 14:43:10+05:30,1953.9506411666666
ASN_0036,33.9,t,75.4,22.870308,74.431286,2026-07-15 08:19:46+05:30,LONG_STOP,0.35,2026-07-15 11:51:46+05:30,ON_DUTY,VEH_014,KA24H8327,10200,22.882731,74.431809,"[{""lat"": 22.65084, ""lon"": 75.711244}, {""lat"": 23.048267, ""lon"": 72.575032}]",460.77,2026-07-15 12:57:37+05:30,2026-07-15 13:10:44+05:30,2,SHIP_1036,22.692297,75.722461,23.05193,72.512089,2959,HIGH,2026-07-16 14:43:10+05:30,1823.4043760333334
ASN_0036,33.9,t,50.2,22.868946,74.30088,2026-07-15 08:39:37+05:30,LONG_STOP,0.35,2026-07-15 11:51:46+05:30,ON_DUTY,VEH_014,KA24H8327,10200,22.866267,74.291807,"[{""lat"": 22.65084, ""lon"": 75.711244}, {""lat"": 23.048267, ""lon"": 72.575032}]",460.77,2026-07-15 12:57:37+05:30,2026-07-15 13:10:44+05:30,3,SHIP_1036,22.692297,75.722461,23.05193,72.512089,2959,HIGH,2026-07-16 14:43:10+05:30,1803.5557972833333
ASN_0036,33.9,t,64.2,23.027556,72.821277,2026-07-15 12:23:59+05:30,LONG_STOP,0.35,2026-07-15 11:51:46+05:30,ON_DUTY,VEH_014,KA24H8327,10200,23.035823,72.790075,"[{""lat"": 22.65084, ""lon"": 75.711244}, {""lat"": 23.048267, ""lon"": 72.575032}]",460.77,2026-07-15 12:57:37+05:30,2026-07-15 13:10:44+05:30,4,SHIP_1036,22.692297,75.722461,23.05193,72.512089,2959,HIGH,2026-07-16 14:43:10+05:30,1579.1886531999999
ASN_0076,11.0,t,51.3,15.699258,78.154646,2026-07-15 17:48:50+05:30,,,,ON_DUTY,VEH_014,KA24H8327,10200,15.691102,78.150799,"[{""lat"": 17.227577, ""lon"": 78.578473}, {""lat"": 15.199646, ""lon"": 77.948948}, {""lat"": 13.126566, ""lon"": 77.519888}, {""lat"": 10.95933, ""lon"": 76.956706}]",1006.0,2026-07-16 05:23:45+05:30,2026-07-16 05:07:57+05:30,1,SHIP_1076,17.312967,78.56894,10.984767,76.992795,1315,LOW,2026-07-16 20:04:32+05:30,1575.69696675
ASN_0076,11.0,t,61.6,14.007791,77.751194,2026-07-15 21:53:56+05:30,,,,ON_DUTY,VEH_014,KA24H8327,10200,14.007988,77.753345,"[{""lat"": 17.227577, ""lon"": 78.578473}, {""lat"": 15.199646, ""lon"": 77.948948}, {""lat"": 13.126566, ""lon"": 77.519888}, {""lat"": 10.95933, ""lon"": 76.956706}]",1006.0,2026-07-16 05:23:45+05:30,2026-07-16 05:07:57+05:30,2,SHIP_1076,17.312967,78.56894,10.984767,76.992795,1315,LOW,2026-07-16 20:04:32+05:30,1330.5929870333334
ASN_0076,11.0,t,69.6,13.690655,77.644234,2026-07-15 22:43:10+05:30,,,,ON_DUTY,VEH_014,KA24H8327,10200,13.697918,77.634704,"[{""lat"": 17.227577, ""lon"": 78.578473}, {""lat"": 15.199646, ""lon"": 77.948948}, {""lat"": 13.126566, ""lon"": 77.519888}, {""lat"": 10.95933, ""lon"": 76.956706}]",1006.0,2026-07-16 05:23:45+05:30,2026-07-16 05:07:57+05:30,3,SHIP_1076,17.312967,78.56894,10.984767,76.992795,1315,LOW,2026-07-16 20:04:32+05:30,1281.3676339833332
ASN_0076,11.0,t,60.2,13.082315,77.517551,2026-07-16 00:05:39+05:30,,,,ON_DUTY,VEH_014,KA24H8327,10200,13.08799,77.527836,"[{""lat"": 17.227577, ""lon"": 78.578473}, {""lat"": 15.199646, ""lon"": 77.948948}, {""lat"": 13.126566, ""lon"": 77.519888}, {""lat"": 10.95933, ""lon"": 76.956706}]",1006.0,2026-07-16 05:23:45+05:30,2026-07-16 05:07:57+05:30,4,SHIP_1076,17.312967,78.56894,10.984767,76.992795,1315,LOW,2026-07-16 20:04:32+05:30,1198.87504605
ASN_0076,11.0,t,66.8,12.687153,77.407337,2026-07-16 01:05:25+05:30,,,,ON_DUTY,VEH_014,KA24H8327,10200,12.71066,77.396301,"[{""lat"": 17.227577, ""lon"": 78.578473}, {""lat"": 15.199646, ""lon"": 77.948948}, {""lat"": 13.126566, ""lon"": 77.519888}, {""lat"": 10.95933, ""lon"": 76.956706}]",1006.0,2026-07-16 05:23:45+05:30,2026-07-16 05:07:57+05:30,5,SHIP_1076,17.312967,78.56894,10.984767,76.992795,1315,LOW,2026-07-16 20:04:32+05:30,1139.1035529
ASN_0076,11.0,t,66.4,12.085221,77.283576,2026-07-16 02:29:42+05:30,,,,ON_DUTY,VEH_014,KA24H8327,10200,12.091781,77.285303,"[{""lat"": 17.227577, ""lon"": 78.578473}, {""lat"": 15.199646, ""lon"": 77.948948}, {""lat"": 13.126566, ""lon"": 77.519888}, {""lat"": 10.95933, ""lon"": 76.956706}]",1006.0,2026-07-16 05:23:45+05:30,2026-07-16 05:07:57+05:30,6,SHIP_1076,17.312967,78.56894,10.984767,76.992795,1315,LOW,2026-07-16 20:04:32+05:30,1054.8185099333334
ASN_0076,11.0,t,62.7,11.243601,77.07916,2026-07-16 04:32:45+05:30,,,,ON_DUTY,VEH_014,KA24H8327,10200,11.245576,77.078607,"[{""lat"": 17.227577, ""lon"": 78.578473}, {""lat"": 15.199646, ""lon"": 77.948948}, {""lat"": 13.126566, ""lon"": 77.519888}, {""lat"": 10.95933, ""lon"": 76.956706}]",1006.0,2026-07-16 05:23:45+05:30,2026-07-16 05:07:57+05:30,7,SHIP_1076,17.312967,78.56894,10.984767,76.992795,1315,LOW,2026-07-16 20:04:32+05:30,931.7682114166668
ASN_0116,70.5,t,59.4,20.765338,78.259223,2026-07-16 08:04:10+05:30,,,,ON_DUTY,VEH_014,KA24H8327,10200,20.753521,78.248044,"[{""lat"": 21.152908, ""lon"": 79.150727}, {""lat"": 20.660778, ""lon"": 77.58032}, {""lat"": 20.077811, ""lon"": 76.125555}, {""lat"": 19.522543, ""lon"": 74.492468}, {""lat"": 19.085876, ""lon"": 72.859954}]",968.92,2026-07-16 21:14:22+05:30,2026-07-16 21:27:46+05:30,1,SHIP_1116,21.089115,79.198934,19.071812,72.867559,7423,LOW,2026-07-19 22:18:45+05:30,5174.5830073
ASN_0116,70.5,t,46.1,19.467893,74.100947,2026-07-16 18:23:39+05:30,,,,ON_DUTY,VEH_014,KA24H8327,10200,19.462512,74.106136,"[{""lat"": 21.152908, ""lon"": 79.150727}, {""lat"": 20.660778, ""lon"": 77.58032}, {""lat"": 20.077811, ""lon"": 76.125555}, {""lat"": 19.522543, ""lon"": 74.492468}, {""lat"": 19.085876, ""lon"": 72.859954}]",968.92,2026-07-16 21:14:22+05:30,2026-07-16 21:27:46+05:30,2,SHIP_1116,21.089115,79.198934,19.071812,72.867559,7423,LOW,2026-07-19 22:18:45+05:30,4555.086321083333
ASN_0116,70.5,t,78.5,19.24386,73.464782,2026-07-16 19:56:10+05:30,,,,ON_DUTY,VEH_014,KA24H8327,10200,19.257032,73.448572,"[{""lat"": 21.152908, ""lon"": 79.150727}, {""lat"": 20.660778, ""lon"": 77.58032}, {""lat"": 20.077811, ""lon"": 76.125555}, {""lat"": 19.522543, ""lon"": 74.492468}, {""lat"": 19.085876, ""lon"": 72.859954}]",968.92,2026-07-16 21:14:22+05:30,2026-07-16 21:27:46+05:30,3,SHIP_1116,21.089115,79.198934,19.071812,72.867559,7423,LOW,2026-07-19 22:18:45+05:30,4462.575318366667
ASN_0116,70.5,t,50.7,19.158108,73.230747,2026-07-16 20:34:51+05:30,,,,ON_DUTY,VEH_014,KA24H8327,10200,19.15558,73.226234,"[{""lat"": 21.152908, ""lon"": 79.150727}, {""lat"": 20.660778, ""lon"": 77.58032}, {""lat"": 20.077811, ""lon"": 76.125555}, {""lat"": 19.522543, ""lon"": 74.492468}, {""lat"": 19.085876, ""lon"": 72.859954}]",968.92,2026-07-16 21:14:22+05:30,2026-07-16 21:27:46+05:30,4,SHIP_1116,21.089115,79.198934,19.071812,72.867559,7423,LOW,2026-07-19 22:18:45+05:30,4423.888281083333
ASN_0156,56.8,t,64.9,11.071692,76.931737,2026-07-16 21:46:47+05:30,,,,ON_DUTY,VEH_014,KA24H8327,10200,11.06869,76.929301,"[{""lat"": 10.986395, ""lon"": 76.971826}, {""lat"": 11.95088, ""lon"": 77.258349}, {""lat"": 12.742659, ""lon"": 77.61599}]",269.85,2026-07-17 02:05:40+05:30,2026-07-17 01:43:35+05:30,1,SHIP_1156,11.071806,76.947176,12.759187,77.594109,6256,LOW,2026-07-20 21:56:27+05:30,5769.66209355
ASN_0156,56.8,t,71.0,11.367284,77.063092,2026-07-16 22:24:46+05:30,,,,ON_DUTY,VEH_014,KA24H8327,10200,11.351527,77.068675,"[{""lat"": 10.986395, ""lon"": 76.971826}, {""lat"": 11.95088, ""lon"": 77.258349}, {""lat"": 12.742659, ""lon"": 77.61599}]",269.85,2026-07-17 02:05:40+05:30,2026-07-17 01:43:35+05:30,2,SHIP_1156,11.071806,76.947176,12.759187,77.594109,6256,LOW,2026-07-20 21:56:27+05:30,5731.690929183333
ASN_0156,56.8,t,53.8,12.155769,77.35112,2026-07-17 00:20:12+05:30,,,,ON_DUTY,VEH_014,KA24H8327,10200,12.167883,77.359398,"[{""lat"": 10.986395, ""lon"": 76.971826}, {""lat"": 11.95088, ""lon"": 77.258349}, {""lat"": 12.742659, ""lon"": 77.61599}]",269.85,2026-07-17 02:05:40+05:30,2026-07-17 01:43:35+05:30,3,SHIP_1156,11.071806,76.947176,12.759187,77.594109,6256,LOW,2026-07-20 21:56:27+05:30,5616.260404133333
ASN_0196,68.7,t,42.9,14.364873,75.156461,2026-07-17 18:02:34+05:30,,,,ON_DUTY,VEH_014,KA24H8327,10200,14.349536,75.13909,"[{""lat"": 19.029954, ""lon"": 72.701562}, {""lat"": 17.087165, ""lon"": 73.773265}, {""lat"": 15.08948, ""lon"": 74.922584}, {""lat"": 12.999873, ""lon"": 75.843983}, {""lat"": 10.894209, ""lon"": 76.935655}]",1303.63,2026-07-18 05:06:15+05:30,2026-07-18 04:57:58+05:30,1,SHIP_1196,19.121447,72.71435,10.982171,76.923485,7010,MEDIUM,2026-07-15 19:44:52+05:30,0.0
ASN_0196,68.7,t,68.8,12.093734,76.368805,2026-07-18 01:23:13+05:30,,,,ON_DUTY,VEH_014,KA24H8327,10200,12.093182,76.366436,"[{""lat"": 19.029954, ""lon"": 72.701562}, {""lat"": 17.087165, ""lon"": 73.773265}, {""lat"": 15.08948, ""lon"": 74.922584}, {""lat"": 12.999873, ""lon"": 75.843983}, {""lat"": 10.894209, ""lon"": 76.935655}]",1303.63,2026-07-18 05:06:15+05:30,2026-07-18 04:57:58+05:30,2,SHIP_1196,19.121447,72.71435,10.982171,76.923485,7010,MEDIUM,2026-07-15 19:44:52+05:30,0.0
ASN_0196,68.7,t,53.1,11.966123,76.422921,2026-07-18 01:42:39+05:30,,,,ON_DUTY,VEH_014,KA24H8327,10200,11.960171,76.429806,"[{""lat"": 19.029954, ""lon"": 72.701562}, {""lat"": 17.087165, ""lon"": 73.773265}, {""lat"": 15.08948, ""lon"": 74.922584}, {""lat"": 12.999873, ""lon"": 75.843983}, {""lat"": 10.894209, ""lon"": 76.935655}]",1303.63,2026-07-18 05:06:15+05:30,2026-07-18 04:57:58+05:30,3,SHIP_1196,19.121447,72.71435,10.982171,76.923485,7010,MEDIUM,2026-07-15 19:44:52+05:30,0.0
ASN_0196,68.7,t,56.7,11.819868,76.458686,2026-07-18 02:17:32+05:30,,,,ON_DUTY,VEH_014,KA24H8327,10200,11.821229,76.454771,"[{""lat"": 19.029954, ""lon"": 72.701562}, {""lat"": 17.087165, ""lon"": 73.773265}, {""lat"": 15.08948, ""lon"": 74.922584}, {""lat"": 12.999873, ""lon"": 75.843983}, {""lat"": 10.894209, ""lon"": 76.935655}]",1303.63,2026-07-18 05:06:15+05:30,2026-07-18 04:57:58+05:30,4,SHIP_1196,19.121447,72.71435,10.982171,76.923485,7010,MEDIUM,2026-07-15 19:44:52+05:30,0.0
ASN_0028,34.9,t,57.9,27.722766,76.699763,2026-07-15 06:27:34+05:30,LONG_STOP,0.42,2026-07-15 08:54:46+05:30,AVAILABLE,VEH_015,MP09B6351,3500,27.7093,76.710585,"[{""lat"": 28.57357, ""lon"": 77.249542}, {""lat"": 26.798426, ""lon"": 76.100268}, {""lat"": 24.839289, ""lon"": 74.948904}, {""lat"": 23.090102, ""lon"": 73.970676}, {""lat"": 21.142521, ""lon"": 72.806927}]",1098.24,2026-07-16 00:54:45+05:30,2026-07-16 00:52:19+05:30,1,SHIP_1028,28.631003,77.282267,21.119596,72.795966,1236,MEDIUM,2026-07-19 08:47:27+05:30,5899.881154649999
ASN_0028,34.9,t,55.5,27.365287,76.507526,2026-07-15 07:23:30+05:30,LONG_STOP,0.42,2026-07-15 08:54:46+05:30,AVAILABLE,VEH_015,MP09B6351,3500,27.36954,76.508593,"[{""lat"": 28.57357, ""lon"": 77.249542}, {""lat"": 26.798426, ""lon"": 76.100268}, {""lat"": 24.839289, ""lon"": 74.948904}, {""lat"": 23.090102, ""lon"": 73.970676}, {""lat"": 21.142521, ""lon"": 72.806927}]",1098.24,2026-07-16 00:54:45+05:30,2026-07-16 00:52:19+05:30,2,SHIP_1028,28.631003,77.282267,21.119596,72.795966,1236,MEDIUM,2026-07-19 08:47:27+05:30,5843.943645233333
ASN_0028,34.9,t,37.8,27.356336,76.553219,2026-07-15 07:26:07+05:30,LONG_STOP,0.42,2026-07-15 08:54:46+05:30,AVAILABLE,VEH_015,MP09B6351,3500,27.351693,76.545338,"[{""lat"": 28.57357, ""lon"": 77.249542}, {""lat"": 26.798426, ""lon"": 76.100268}, {""lat"": 24.839289, ""lon"": 74.948904}, {""lat"": 23.090102, ""lon"": 73.970676}, {""lat"": 21.142521, ""lon"": 72.806927}]",1098.24,2026-07-16 00:54:45+05:30,2026-07-16 00:52:19+05:30,3,SHIP_1028,28.631003,77.282267,21.119596,72.795966,1236,MEDIUM,2026-07-19 08:47:27+05:30,5841.320815566666
ASN_0028,34.9,t,46.1,26.507318,76.035431,2026-07-15 09:50:47+05:30,LONG_STOP,0.42,2026-07-15 08:54:46+05:30,AVAILABLE,VEH_015,MP09B6351,3500,26.512962,76.042372,"[{""lat"": 28.57357, ""lon"": 77.249542}, {""lat"": 26.798426, ""lon"": 76.100268}, {""lat"": 24.839289, ""lon"": 74.948904}, {""lat"": 23.090102, ""lon"": 73.970676}, {""lat"": 21.142521, ""lon"": 72.806927}]",1098.24,2026-07-16 00:54:45+05:30,2026-07-16 00:52:19+05:30,4,SHIP_1028,28.631003,77.282267,21.119596,72.795966,1236,MEDIUM,2026-07-19 08:47:27+05:30,5696.65927505
ASN_0028,34.9,t,48.6,22.664636,73.715872,2026-07-15 20:28:26+05:30,LONG_STOP,0.42,2026-07-15 08:54:46+05:30,AVAILABLE,VEH_015,MP09B6351,3500,22.658715,73.718948,"[{""lat"": 28.57357, ""lon"": 77.249542}, {""lat"": 26.798426, ""lon"": 76.100268}, {""lat"": 24.839289, ""lon"": 74.948904}, {""lat"": 23.090102, ""lon"": 73.970676}, {""lat"": 21.142521, ""lon"": 72.806927}]",1098.24,2026-07-16 00:54:45+05:30,2026-07-16 00:52:19+05:30,5,SHIP_1028,28.631003,77.282267,21.119596,72.795966,1236,MEDIUM,2026-07-19 08:47:27+05:30,5059.015901766667
ASN_0028,34.9,t,59.8,21.316588,72.951109,2026-07-16 00:12:57+05:30,LONG_STOP,0.42,2026-07-15 08:54:46+05:30,AVAILABLE,VEH_015,MP09B6351,3500,21.314905,72.937278,"[{""lat"": 28.57357, ""lon"": 77.249542}, {""lat"": 26.798426, ""lon"": 76.100268}, {""lat"": 24.839289, ""lon"": 74.948904}, {""lat"": 23.090102, ""lon"": 73.970676}, {""lat"": 21.142521, ""lon"": 72.806927}]",1098.24,2026-07-16 00:54:45+05:30,2026-07-16 00:52:19+05:30,6,SHIP_1028,28.631003,77.282267,21.119596,72.795966,1236,MEDIUM,2026-07-19 08:47:27+05:30,4834.4988634
ASN_0068,100.0,t,62.5,20.746209,73.432432,2026-07-16 03:25:26+05:30,LOW_SPEED,0.41,2026-07-16 16:01:37+05:30,AVAILABLE,VEH_015,MP09B6351,3500,20.754416,73.444661,"[{""lat"": 21.114366, ""lon"": 72.935736}, {""lat"": 19.789492, ""lon"": 74.669972}, {""lat"": 18.697969, ""lon"": 76.502409}, {""lat"": 17.478923, ""lon"": 78.374294}]",933.33,2026-07-16 19:06:35+05:30,2026-07-16 19:05:03+05:30,1,SHIP_1068,21.136032,72.863606,17.442127,78.43513,8293,HIGH,2026-07-15 20:50:46+05:30,0.0
ASN_0068,100.0,t,63.8,20.59978,73.707564,2026-07-16 04:17:11+05:30,LOW_SPEED,0.41,2026-07-16 16:01:37+05:30,AVAILABLE,VEH_015,MP09B6351,3500,20.611176,73.707567,"[{""lat"": 21.114366, ""lon"": 72.935736}, {""lat"": 19.789492, ""lon"": 74.669972}, {""lat"": 18.697969, ""lon"": 76.502409}, {""lat"": 17.478923, ""lon"": 78.374294}]",933.33,2026-07-16 19:06:35+05:30,2026-07-16 19:05:03+05:30,2,SHIP_1068,21.136032,72.863606,17.442127,78.43513,8293,HIGH,2026-07-15 20:50:46+05:30,0.0
ASN_0068,100.0,t,47.5,18.763224,76.389856,2026-07-16 12:50:44+05:30,LOW_SPEED,0.41,2026-07-16 16:01:37+05:30,AVAILABLE,VEH_015,MP09B6351,3500,18.781104,76.371988,"[{""lat"": 21.114366, ""lon"": 72.935736}, {""lat"": 19.789492, ""lon"": 74.669972}, {""lat"": 18.697969, ""lon"": 76.502409}, {""lat"": 17.478923, ""lon"": 78.374294}]",933.33,2026-07-16 19:06:35+05:30,2026-07-16 19:05:03+05:30,3,SHIP_1068,21.136032,72.863606,17.442127,78.43513,8293,HIGH,2026-07-15 20:50:46+05:30,0.0
ASN_0108,19.7,t,39.2,13.601901,75.789766,2026-07-17 03:22:30+05:30,LONG_STOP,1.0,2026-07-17 08:40:06+05:30,AVAILABLE,VEH_015,MP09B6351,3500,13.600574,75.79451,"[{""lat"": 11.057194, ""lon"": 76.770329}, {""lat"": 13.534006, ""lon"": 75.899861}, {""lat"": 16.123596, ""lon"": 74.802205}, {""lat"": 18.448847, ""lon"": 73.738322}, {""lat"": 21.120653, ""lon"": 72.699024}]",1506.87,2026-07-18 01:11:26+05:30,2026-07-18 01:40:48+05:30,1,SHIP_1108,11.01421,76.836012,21.101332,72.714448,617,MEDIUM,2026-07-15 19:14:21+05:30,0.0
ASN_0108,19.7,t,58.9,13.912622,75.670887,2026-07-17 04:22:15+05:30,LONG_STOP,1.0,2026-07-17 08:40:06+05:30,AVAILABLE,VEH_015,MP09B6351,3500,13.902714,75.674085,"[{""lat"": 11.057194, ""lon"": 76.770329}, {""lat"": 13.534006, ""lon"": 75.899861}, {""lat"": 16.123596, ""lon"": 74.802205}, {""lat"": 18.448847, ""lon"": 73.738322}, {""lat"": 21.120653, ""lon"": 72.699024}]",1506.87,2026-07-18 01:11:26+05:30,2026-07-18 01:40:48+05:30,2,SHIP_1108,11.01421,76.836012,21.101332,72.714448,617,MEDIUM,2026-07-15 19:14:21+05:30,0.0
ASN_0108,19.7,t,50.6,20.301286,73.088759,2026-07-17 23:11:15+05:30,LONG_STOP,1.0,2026-07-17 08:40:06+05:30,AVAILABLE,VEH_015,MP09B6351,3500,20.310262,73.08202,"[{""lat"": 11.057194, ""lon"": 76.770329}, {""lat"": 13.534006, ""lon"": 75.899861}, {""lat"": 16.123596, ""lon"": 74.802205}, {""lat"": 18.448847, ""lon"": 73.738322}, {""lat"": 21.120653, ""lon"": 72.699024}]",1506.87,2026-07-18 01:11:26+05:30,2026-07-18 01:40:48+05:30,3,SHIP_1108,11.01421,76.836012,21.101332,72.714448,617,MEDIUM,2026-07-15 19:14:21+05:30,0.0
ASN_0108,19.7,t,53.6,20.461215,72.975251,2026-07-17 23:51:58+05:30,LONG_STOP,1.0,2026-07-17 08:40:06+05:30,AVAILABLE,VEH_015,MP09B6351,3500,20.466356,72.975004,"[{""lat"": 11.057194, ""lon"": 76.770329}, {""lat"": 13.534006, ""lon"": 75.899861}, {""lat"": 16.123596, ""lon"": 74.802205}, {""lat"": 18.448847, ""lon"": 73.738322}, {""lat"": 21.120653, ""lon"": 72.699024}]",1506.87,2026-07-18 01:11:26+05:30,2026-07-18 01:40:48+05:30,4,SHIP_1108,11.01421,76.836012,21.101332,72.714448,617,MEDIUM,2026-07-15 19:14:21+05:30,0.0
ASN_0148,24.7,t,70.5,20.991541,79.008807,2026-07-18 02:24:45+05:30,,,,AVAILABLE,VEH_015,MP09B6351,3500,20.996448,79.013216,"[{""lat"": 21.062606, ""lon"": 79.09728}, {""lat"": 10.894081, ""lon"": 76.975987}]",1471.29,2026-07-19 00:52:24+05:30,2026-07-19 01:00:55+05:30,1,SHIP_1148,21.065527,79.056573,10.982629,77.015298,776,MEDIUM,2026-07-18 02:37:28+05:30,12.711819516666667
ASN_0148,24.7,t,49.9,18.625442,78.577982,2026-07-18 07:40:41+05:30,,,,AVAILABLE,VEH_015,MP09B6351,3500,18.640328,78.579334,"[{""lat"": 21.062606, ""lon"": 79.09728}, {""lat"": 10.894081, ""lon"": 76.975987}]",1471.29,2026-07-19 00:52:24+05:30,2026-07-19 01:00:55+05:30,2,SHIP_1148,21.065527,79.056573,10.982629,77.015298,776,MEDIUM,2026-07-18 02:37:28+05:30,0.0
ASN_0148,24.7,t,76.5,16.982378,78.261558,2026-07-18 11:23:33+05:30,,,,AVAILABLE,VEH_015,MP09B6351,3500,16.975874,78.283599,"[{""lat"": 21.062606, ""lon"": 79.09728}, {""lat"": 10.894081, ""lon"": 76.975987}]",1471.29,2026-07-19 00:52:24+05:30,2026-07-19 01:00:55+05:30,3,SHIP_1148,21.065527,79.056573,10.982629,77.015298,776,MEDIUM,2026-07-18 02:37:28+05:30,0.0
ASN_0148,24.7,t,76.7,13.211842,77.476935,2026-07-18 19:55:40+05:30,,,,AVAILABLE,VEH_015,MP09B6351,3500,13.189135,77.48695,"[{""lat"": 21.062606, ""lon"": 79.09728}, {""lat"": 10.894081, ""lon"": 76.975987}]",1471.29,2026-07-19 00:52:24+05:30,2026-07-19 01:00:55+05:30,4,SHIP_1148,21.065527,79.056573,10.982629,77.015298,776,MEDIUM,2026-07-18 02:37:28+05:30,0.0
ASN_0188,71.1,t,49.9,26.076578,77.319328,2026-07-19 08:56:16+05:30,SPEEDING,0.66,2026-07-19 12:37:18+05:30,AVAILABLE,VEH_015,MP09B6351,3500,26.055986,77.340758,"[{""lat"": 28.505024, ""lon"": 77.210315}, {""lat"": 20.705544, ""lon"": 77.538305}, {""lat"": 12.913939, ""lon"": 77.648897}]",2373.69,2026-07-20 21:09:39+05:30,2026-07-20 21:15:37+05:30,1,SHIP_1188,28.553447,77.232701,12.980375,77.686636,2622,MEDIUM,2026-07-20 00:08:31+05:30,912.2393214833334
ASN_0188,71.1,t,58.4,17.883627,77.549533,2026-07-20 07:41:48+05:30,SPEEDING,0.66,2026-07-19 12:37:18+05:30,AVAILABLE,VEH_015,MP09B6351,3500,17.878411,77.539523,"[{""lat"": 28.505024, ""lon"": 77.210315}, {""lat"": 20.705544, ""lon"": 77.538305}, {""lat"": 12.913939, ""lon"": 77.648897}]",2373.69,2026-07-20 21:09:39+05:30,2026-07-20 21:15:37+05:30,2,SHIP_1188,28.553447,77.232701,12.980375,77.686636,2622,MEDIUM,2026-07-20 00:08:31+05:30,0.0
ASN_0188,71.1,t,48.8,16.786239,77.571057,2026-07-20 10:40:22+05:30,SPEEDING,0.66,2026-07-19 12:37:18+05:30,AVAILABLE,VEH_015,MP09B6351,3500,16.771667,77.567931,"[{""lat"": 28.505024, ""lon"": 77.210315}, {""lat"": 20.705544, ""lon"": 77.538305}, {""lat"": 12.913939, ""lon"": 77.648897}]",2373.69,2026-07-20 21:09:39+05:30,2026-07-20 21:15:37+05:30,3,SHIP_1188,28.553447,77.232701,12.980375,77.686636,2622,MEDIUM,2026-07-20 00:08:31+05:30,0.0
ASN_0011,26.0,t,58.5,20.852262,79.012332,2026-07-15 06:22:40+05:30,,,,AVAILABLE,VEH_016,MP60D3109,5000,20.856804,79.020035,"[{""lat"": 21.071854, ""lon"": 78.967778}, {""lat"": 19.105888, ""lon"": 78.629328}, {""lat"": 17.061853, ""lon"": 78.264355}, {""lat"": 15.020734, ""lon"": 77.883982}, {""lat"": 12.866381, ""lon"": 77.512154}]",1084.4,2026-07-16 04:06:35+05:30,2026-07-16 03:29:19+05:30,1,SHIP_1011,21.133158,79.054255,12.941712,77.516477,1326,LOW,2026-07-15 16:01:24+05:30,578.7291392833333
ASN_0011,26.0,t,48.7,19.611845,78.773437,2026-07-15 09:40:57+05:30,,,,AVAILABLE,VEH_016,MP60D3109,5000,19.613266,78.797485,"[{""lat"": 21.071854, ""lon"": 78.967778}, {""lat"": 19.105888, ""lon"": 78.629328}, {""lat"": 17.061853, ""lon"": 78.264355}, {""lat"": 15.020734, ""lon"": 77.883982}, {""lat"": 12.866381, ""lon"": 77.512154}]",1084.4,2026-07-16 04:06:35+05:30,2026-07-16 03:29:19+05:30,2,SHIP_1011,21.133158,79.054255,12.941712,77.516477,1326,LOW,2026-07-15 16:01:24+05:30,380.4502090166667
ASN_0011,26.0,t,44.5,16.737536,78.224278,2026-07-15 17:19:46+05:30,,,,AVAILABLE,VEH_016,MP60D3109,5000,16.737203,78.22672,"[{""lat"": 21.071854, ""lon"": 78.967778}, {""lat"": 19.105888, ""lon"": 78.629328}, {""lat"": 17.061853, ""lon"": 78.264355}, {""lat"": 15.020734, ""lon"": 77.883982}, {""lat"": 12.866381, ""lon"": 77.512154}]",1084.4,2026-07-16 04:06:35+05:30,2026-07-16 03:29:19+05:30,3,SHIP_1011,21.133158,79.054255,12.941712,77.516477,1326,LOW,2026-07-15 16:01:24+05:30,0.0
ASN_0011,26.0,t,51.0,13.568526,77.598784,2026-07-16 01:45:01+05:30,,,,AVAILABLE,VEH_016,MP60D3109,5000,13.552465,77.601371,"[{""lat"": 21.071854, ""lon"": 78.967778}, {""lat"": 19.105888, ""lon"": 78.629328}, {""lat"": 17.061853, ""lon"": 78.264355}, {""lat"": 15.020734, ""lon"": 77.883982}, {""lat"": 12.866381, ""lon"": 77.512154}]",1084.4,2026-07-16 04:06:35+05:30,2026-07-16 03:29:19+05:30,4,SHIP_1011,21.133158,79.054255,12.941712,77.516477,1326,LOW,2026-07-15 16:01:24+05:30,0.0
ASN_0051,100.0,t,59.2,13.423529,77.166162,2026-07-16 05:20:23+05:30,SPEEDING,0.41,2026-07-16 07:20:13+05:30,AVAILABLE,VEH_016,MP60D3109,5000,13.423683,77.167949,"[{""lat"": 12.924838, ""lon"": 77.539136}, {""lat"": 14.900606, ""lon"": 75.970655}, {""lat"": 17.043119, ""lon"": 74.428872}, {""lat"": 19.066638, ""lon"": 72.831508}]",1030.5,2026-07-17 00:49:02+05:30,2026-07-17 00:55:39+05:30,1,SHIP_1051,12.964426,77.537137,19.083369,72.826406,5986,MEDIUM,2026-07-18 03:04:25+05:30,2744.028551533333
ASN_0051,100.0,t,45.1,13.460663,77.161635,2026-07-16 05:26:40+05:30,SPEEDING,0.41,2026-07-16 07:20:13+05:30,AVAILABLE,VEH_016,MP60D3109,5000,13.465325,77.157587,"[{""lat"": 12.924838, ""lon"": 77.539136}, {""lat"": 14.900606, ""lon"": 75.970655}, {""lat"": 17.043119, ""lon"": 74.428872}, {""lat"": 19.066638, ""lon"": 72.831508}]",1030.5,2026-07-17 00:49:02+05:30,2026-07-17 00:55:39+05:30,2,SHIP_1051,12.964426,77.537137,19.083369,72.826406,5986,MEDIUM,2026-07-18 03:04:25+05:30,2737.752122266667
ASN_0051,100.0,t,34.0,15.122031,75.863735,2026-07-16 11:13:07+05:30,SPEEDING,0.41,2026-07-16 07:20:13+05:30,AVAILABLE,VEH_016,MP60D3109,5000,15.115299,75.858783,"[{""lat"": 12.924838, ""lon"": 77.539136}, {""lat"": 14.900606, ""lon"": 75.970655}, {""lat"": 17.043119, ""lon"": 74.428872}, {""lat"": 19.066638, ""lon"": 72.831508}]",1030.5,2026-07-17 00:49:02+05:30,2026-07-17 00:55:39+05:30,3,SHIP_1051,12.964426,77.537137,19.083369,72.826406,5986,MEDIUM,2026-07-18 03:04:25+05:30,2391.29583915
ASN_0051,100.0,t,32.0,15.309563,75.755625,2026-07-16 11:52:15+05:30,SPEEDING,0.41,2026-07-16 07:20:13+05:30,AVAILABLE,VEH_016,MP60D3109,5000,15.310849,75.733506,"[{""lat"": 12.924838, ""lon"": 77.539136}, {""lat"": 14.900606, ""lon"": 75.970655}, {""lat"": 17.043119, ""lon"": 74.428872}, {""lat"": 19.066638, ""lon"": 72.831508}]",1030.5,2026-07-17 00:49:02+05:30,2026-07-17 00:55:39+05:30,4,SHIP_1051,12.964426,77.537137,19.083369,72.826406,5986,MEDIUM,2026-07-18 03:04:25+05:30,2352.160006333333
ASN_0051,100.0,t,26.4,15.923098,75.233128,2026-07-16 14:04:01+05:30,SPEEDING,0.41,2026-07-16 07:20:13+05:30,AVAILABLE,VEH_016,MP60D3109,5000,15.904521,75.234668,"[{""lat"": 12.924838, ""lon"": 77.539136}, {""lat"": 14.900606, ""lon"": 75.970655}, {""lat"": 17.043119, ""lon"": 74.428872}, {""lat"": 19.066638, ""lon"": 72.831508}]",1030.5,2026-07-17 00:49:02+05:30,2026-07-17 00:55:39+05:30,5,SHIP_1051,12.964426,77.537137,19.083369,72.826406,5986,MEDIUM,2026-07-18 03:04:25+05:30,2220.4050390333337
ASN_0051,100.0,t,40.9,16.117867,75.108349,2026-07-16 14:39:47+05:30,SPEEDING,0.41,2026-07-16 07:20:13+05:30,AVAILABLE,VEH_016,MP60D3109,5000,16.139411,75.106737,"[{""lat"": 12.924838, ""lon"": 77.539136}, {""lat"": 14.900606, ""lon"": 75.970655}, {""lat"": 17.043119, ""lon"": 74.428872}, {""lat"": 19.066638, ""lon"": 72.831508}]",1030.5,2026-07-17 00:49:02+05:30,2026-07-17 00:55:39+05:30,6,SHIP_1051,12.964426,77.537137,19.083369,72.826406,5986,MEDIUM,2026-07-18 03:04:25+05:30,2184.641425983333
ASN_0051,100.0,t,55.1,17.304292,74.21634,2026-07-16 18:49:57+05:30,SPEEDING,0.41,2026-07-16 07:20:13+05:30,AVAILABLE,VEH_016,MP60D3109,5000,17.300583,74.228267,"[{""lat"": 12.924838, ""lon"": 77.539136}, {""lat"": 14.900606, ""lon"": 75.970655}, {""lat"": 17.043119, ""lon"": 74.428872}, {""lat"": 19.066638, ""lon"": 72.831508}]",1030.5,2026-07-17 00:49:02+05:30,2026-07-17 00:55:39+05:30,7,SHIP_1051,12.964426,77.537137,19.083369,72.826406,5986,MEDIUM,2026-07-18 03:04:25+05:30,1934.4730499833333
ASN_0091,73.4,t,81.6,12.40628,77.455609,2026-07-17 04:26:46+05:30,,,,AVAILABLE,VEH_016,MP60D3109,5000,12.423626,77.46344,"[{""lat"": 11.048967, ""lon"": 77.10605}, {""lat"": 11.50114, ""lon"": 77.318228}, {""lat"": 12.019159, ""lon"": 77.386724}, {""lat"": 12.568696, ""lon"": 77.50476}, {""lat"": 12.957982, ""lon"": 77.644155}]",286.37,2026-07-17 06:07:37+05:30,2026-07-17 05:49:06+05:30,1,SHIP_1091,11.040944,77.15652,13.034312,77.612285,4016,LOW,2026-07-20 14:47:25+05:30,4940.653374366667
ASN_0091,73.4,t,55.5,12.5114,77.501352,2026-07-17 04:39:15+05:30,,,,AVAILABLE,VEH_016,MP60D3109,5000,12.522774,77.504616,"[{""lat"": 11.048967, ""lon"": 77.10605}, {""lat"": 11.50114, ""lon"": 77.318228}, {""lat"": 12.019159, ""lon"": 77.386724}, {""lat"": 12.568696, ""lon"": 77.50476}, {""lat"": 12.957982, ""lon"": 77.644155}]",286.37,2026-07-17 06:07:37+05:30,2026-07-17 05:49:06+05:30,2,SHIP_1091,11.040944,77.15652,13.034312,77.612285,4016,LOW,2026-07-20 14:47:25+05:30,4928.159201983333
ASN_0091,73.4,t,77.9,13.031177,77.612769,2026-07-17 05:47:41+05:30,,,,AVAILABLE,VEH_016,MP60D3109,5000,13.0367,77.605811,"[{""lat"": 11.048967, ""lon"": 77.10605}, {""lat"": 11.50114, ""lon"": 77.318228}, {""lat"": 12.019159, ""lon"": 77.386724}, {""lat"": 12.568696, ""lon"": 77.50476}, {""lat"": 12.957982, ""lon"": 77.644155}]",286.37,2026-07-17 06:07:37+05:30,2026-07-17 05:49:06+05:30,3,SHIP_1091,11.040944,77.15652,13.034312,77.612285,4016,LOW,2026-07-20 14:47:25+05:30,4859.730526733333
ASN_0131,100.0,f,44.9,25.052592,79.165285,2026-07-17 10:32:58+05:30,LOW_SPEED,0.42,2026-07-17 10:56:02+05:30,AVAILABLE,VEH_016,MP60D3109,5000,25.057809,79.165066,"[{""lat"": 26.248419, ""lon"": 80.326698}, {""lat"": 24.850314, ""lon"": 79.018764}, {""lat"": 23.379802, ""lon"": 77.590137}]",554.59,2026-07-17 16:18:44+05:30,2026-07-17 16:10:55+05:30,1,SHIP_1131,26.278785,80.309259,23.320067,77.539032,8045,MEDIUM,2026-07-20 05:34:57+05:30,4021.991751716667
ASN_0131,100.0,f,64.5,24.020175,78.199326,2026-07-17 13:55:34+05:30,LOW_SPEED,0.42,2026-07-17 10:56:02+05:30,AVAILABLE,VEH_016,MP60D3109,5000,24.014257,78.198264,"[{""lat"": 26.248419, ""lon"": 80.326698}, {""lat"": 24.850314, ""lon"": 79.018764}, {""lat"": 23.379802, ""lon"": 77.590137}]",554.59,2026-07-17 16:18:44+05:30,2026-07-17 16:10:55+05:30,2,SHIP_1131,26.278785,80.309259,23.320067,77.539032,8045,MEDIUM,2026-07-20 05:34:57+05:30,3819.3963446166667
ASN_0131,100.0,f,37.8,23.944133,78.109064,2026-07-17 14:03:39+05:30,LOW_SPEED,0.42,2026-07-17 10:56:02+05:30,AVAILABLE,VEH_016,MP60D3109,5000,23.959501,78.0908,"[{""lat"": 26.248419, ""lon"": 80.326698}, {""lat"": 24.850314, ""lon"": 79.018764}, {""lat"": 23.379802, ""lon"": 77.590137}]",554.59,2026-07-17 16:18:44+05:30,2026-07-17 16:10:55+05:30,3,SHIP_1131,26.278785,80.309259,23.320067,77.539032,8045,MEDIUM,2026-07-20 05:34:57+05:30,3811.29921215
ASN_0171,65.8,t,44.9,25.638408,84.992571,2026-07-17 17:05:34+05:30,,,,AVAILABLE,VEH_016,MP60D3109,5000,25.626391,84.978545,"[{""lat"": 25.761177, ""lon"": 85.053249}, {""lat"": 23.933367, ""lon"": 79.125103}, {""lat"": 22.274999, ""lon"": 73.110689}]",1581.52,2026-07-19 01:21:50+05:30,2026-07-19 01:51:10+05:30,1,SHIP_1171,25.642547,85.022112,22.297035,73.175684,3407,MEDIUM,2026-07-17 09:13:47+05:30,0.0
ASN_0171,65.8,t,69.8,25.517204,84.636273,2026-07-17 18:06:35+05:30,,,,AVAILABLE,VEH_016,MP60D3109,5000,25.527865,84.65464,"[{""lat"": 25.761177, ""lon"": 85.053249}, {""lat"": 23.933367, ""lon"": 79.125103}, {""lat"": 22.274999, ""lon"": 73.110689}]",1581.52,2026-07-19 01:21:50+05:30,2026-07-19 01:51:10+05:30,2,SHIP_1171,25.642547,85.022112,22.297035,73.175684,3407,MEDIUM,2026-07-17 09:13:47+05:30,0.0
ASN_0171,65.8,t,35.8,24.879904,82.284789,2026-07-18 00:36:19+05:30,,,,AVAILABLE,VEH_016,MP60D3109,5000,24.880086,82.263507,"[{""lat"": 25.761177, ""lon"": 85.053249}, {""lat"": 23.933367, ""lon"": 79.125103}, {""lat"": 22.274999, ""lon"": 73.110689}]",1581.52,2026-07-19 01:21:50+05:30,2026-07-19 01:51:10+05:30,3,SHIP_1171,25.642547,85.022112,22.297035,73.175684,3407,MEDIUM,2026-07-17 09:13:47+05:30,0.0
ASN_0171,65.8,t,52.4,23.272084,76.681308,2026-07-18 16:13:44+05:30,,,,AVAILABLE,VEH_016,MP60D3109,5000,23.283552,76.677677,"[{""lat"": 25.761177, ""lon"": 85.053249}, {""lat"": 23.933367, ""lon"": 79.125103}, {""lat"": 22.274999, ""lon"": 73.110689}]",1581.52,2026-07-19 01:21:50+05:30,2026-07-19 01:51:10+05:30,4,SHIP_1171,25.642547,85.022112,22.297035,73.175684,3407,MEDIUM,2026-07-17 09:13:47+05:30,0.0
ASN_0012,100.0,t,51.7,19.716786,73.522396,2026-07-15 08:58:48+05:30,ROUTE_DEVIATION,0.16,2026-07-15 16:48:00+05:30,AVAILABLE,VEH_017,RJ51F4703,1500,19.738068,73.521685,"[{""lat"": 18.407225, ""lon"": 73.869401}, {""lat"": 19.944404, ""lon"": 73.376029}, {""lat"": 21.503165, ""lon"": 73.017876}, {""lat"": 23.054474, ""lon"": 72.500994}]",624.95,2026-07-15 18:12:25+05:30,2026-07-15 18:34:29+05:30,1,SHIP_1012,18.424069,73.875547,23.033958,72.560075,1569,LOW,2026-07-20 15:37:14+05:30,7598.4362034999995
ASN_0012,100.0,t,60.9,20.511669,73.284175,2026-07-15 11:19:21+05:30,ROUTE_DEVIATION,0.16,2026-07-15 16:48:00+05:30,AVAILABLE,VEH_017,RJ51F4703,1500,20.516992,73.287626,"[{""lat"": 18.407225, ""lon"": 73.869401}, {""lat"": 19.944404, ""lon"": 73.376029}, {""lat"": 21.503165, ""lon"": 73.017876}, {""lat"": 23.054474, ""lon"": 72.500994}]",624.95,2026-07-15 18:12:25+05:30,2026-07-15 18:34:29+05:30,2,SHIP_1012,18.424069,73.875547,23.033958,72.560075,1569,LOW,2026-07-20 15:37:14+05:30,7457.887043433334
ASN_0012,100.0,t,60.7,21.184002,73.092913,2026-07-15 13:17:34+05:30,ROUTE_DEVIATION,0.16,2026-07-15 16:48:00+05:30,AVAILABLE,VEH_017,RJ51F4703,1500,21.163549,73.091939,"[{""lat"": 18.407225, ""lon"": 73.869401}, {""lat"": 19.944404, ""lon"": 73.376029}, {""lat"": 21.503165, ""lon"": 73.017876}, {""lat"": 23.054474, ""lon"": 72.500994}]",624.95,2026-07-15 18:12:25+05:30,2026-07-15 18:34:29+05:30,3,SHIP_1012,18.424069,73.875547,23.033958,72.560075,1569,LOW,2026-07-20 15:37:14+05:30,7339.660824383333
ASN_0012,100.0,t,29.3,21.628613,72.953533,2026-07-15 14:34:29+05:30,ROUTE_DEVIATION,0.16,2026-07-15 16:48:00+05:30,AVAILABLE,VEH_017,RJ51F4703,1500,21.636249,72.945401,"[{""lat"": 18.407225, ""lon"": 73.869401}, {""lat"": 19.944404, ""lon"": 73.376029}, {""lat"": 21.503165, ""lon"": 73.017876}, {""lat"": 23.054474, ""lon"": 72.500994}]",624.95,2026-07-15 18:12:25+05:30,2026-07-15 18:34:29+05:30,4,SHIP_1012,18.424069,73.875547,23.033958,72.560075,1569,LOW,2026-07-20 15:37:14+05:30,7262.75516185
ASN_0012,100.0,t,32.4,22.625206,72.666179,2026-07-15 17:24:58+05:30,ROUTE_DEVIATION,0.16,2026-07-15 16:48:00+05:30,AVAILABLE,VEH_017,RJ51F4703,1500,22.62107,72.648087,"[{""lat"": 18.407225, ""lon"": 73.869401}, {""lat"": 19.944404, ""lon"": 73.376029}, {""lat"": 21.503165, ""lon"": 73.017876}, {""lat"": 23.054474, ""lon"": 72.500994}]",624.95,2026-07-15 18:12:25+05:30,2026-07-15 18:34:29+05:30,5,SHIP_1012,18.424069,73.875547,23.033958,72.560075,1569,LOW,2026-07-20 15:37:14+05:30,7092.273860483333
ASN_0052,100.0,t,57.4,22.58719,74.222388,2026-07-15 21:44:55+05:30,LOW_SPEED,0.44,2026-07-15 23:59:33+05:30,AVAILABLE,VEH_017,RJ51F4703,1500,22.598124,74.242466,"[{""lat"": 22.494041, ""lon"": 73.410354}, {""lat"": 22.590669, ""lon"": 74.687478}, {""lat"": 22.883479, ""lon"": 76.038724}, {""lat"": 23.150776, ""lon"": 77.334328}]",569.24,2026-07-16 05:56:44+05:30,2026-07-16 05:58:19+05:30,1,SHIP_1052,22.385507,73.386934,23.179289,77.375439,2303,MEDIUM,2026-07-20 02:13:36+05:30,6028.685870933333
ASN_0052,100.0,t,60.0,22.603377,74.441591,2026-07-15 22:15:25+05:30,LOW_SPEED,0.44,2026-07-15 23:59:33+05:30,AVAILABLE,VEH_017,RJ51F4703,1500,22.597734,74.424022,"[{""lat"": 22.494041, ""lon"": 73.410354}, {""lat"": 22.590669, ""lon"": 74.687478}, {""lat"": 22.883479, ""lon"": 76.038724}, {""lat"": 23.150776, ""lon"": 77.334328}]",569.24,2026-07-16 05:56:44+05:30,2026-07-16 05:58:19+05:30,2,SHIP_1052,22.385507,73.386934,23.179289,77.375439,2303,MEDIUM,2026-07-20 02:13:36+05:30,5998.175160383334
ASN_0052,100.0,t,66.2,23.127195,77.194169,2026-07-16 05:25:54+05:30,LOW_SPEED,0.44,2026-07-15 23:59:33+05:30,AVAILABLE,VEH_017,RJ51F4703,1500,23.134766,77.184045,"[{""lat"": 22.494041, ""lon"": 73.410354}, {""lat"": 22.590669, ""lon"": 74.687478}, {""lat"": 22.883479, ""lon"": 76.038724}, {""lat"": 23.150776, ""lon"": 77.334328}]",569.24,2026-07-16 05:56:44+05:30,2026-07-16 05:58:19+05:30,3,SHIP_1052,22.385507,73.386934,23.179289,77.375439,2303,MEDIUM,2026-07-20 02:13:36+05:30,5567.695155983333
ASN_0092,45.1,t,40.1,23.795436,74.184105,2026-07-16 10:49:43+05:30,,,,AVAILABLE,VEH_017,RJ51F4703,1500,23.789893,74.185242,"[{""lat"": 22.309418, ""lon"": 73.24719}, {""lat"": 25.421081, ""lon"": 75.217883}, {""lat"": 28.489556, ""lon"": 77.225351}]",976.13,2026-07-17 00:27:31+05:30,2026-07-17 00:02:10+05:30,1,SHIP_1092,22.263142,73.240793,28.582048,77.173708,675,LOW,2026-07-19 08:14:42+05:30,4164.9833016
ASN_0092,45.1,t,62.6,23.91947,74.276679,2026-07-16 11:11:13+05:30,,,,AVAILABLE,VEH_017,RJ51F4703,1500,23.924262,74.279874,"[{""lat"": 22.309418, ""lon"": 73.24719}, {""lat"": 25.421081, ""lon"": 75.217883}, {""lat"": 28.489556, ""lon"": 77.225351}]",976.13,2026-07-17 00:27:31+05:30,2026-07-17 00:02:10+05:30,2,SHIP_1092,22.263142,73.240793,28.582048,77.173708,675,LOW,2026-07-19 08:14:42+05:30,4143.486154933334
ASN_0092,45.1,t,54.8,25.449858,75.220118,2026-07-16 15:21:29+05:30,,,,AVAILABLE,VEH_017,RJ51F4703,1500,25.455008,75.203297,"[{""lat"": 22.309418, ""lon"": 73.24719}, {""lat"": 25.421081, ""lon"": 75.217883}, {""lat"": 28.489556, ""lon"": 77.225351}]",976.13,2026-07-17 00:27:31+05:30,2026-07-17 00:02:10+05:30,3,SHIP_1092,22.263142,73.240793,28.582048,77.173708,675,LOW,2026-07-19 08:14:42+05:30,3893.221355816667
ASN_0092,45.1,t,63.5,27.259007,76.309216,2026-07-16 20:18:55+05:30,,,,AVAILABLE,VEH_017,RJ51F4703,1500,27.259605,76.320769,"[{""lat"": 22.309418, ""lon"": 73.24719}, {""lat"": 25.421081, ""lon"": 75.217883}, {""lat"": 28.489556, ""lon"": 77.225351}]",976.13,2026-07-17 00:27:31+05:30,2026-07-17 00:02:10+05:30,4,SHIP_1092,22.263142,73.240793,28.582048,77.173708,675,LOW,2026-07-19 08:14:42+05:30,3595.7880047666667
ASN_0092,45.1,t,65.9,28.116697,76.865114,2026-07-16 22:44:53+05:30,,,,AVAILABLE,VEH_017,RJ51F4703,1500,28.11903,76.86679,"[{""lat"": 22.309418, ""lon"": 73.24719}, {""lat"": 25.421081, ""lon"": 75.217883}, {""lat"": 28.489556, ""lon"": 77.225351}]",976.13,2026-07-17 00:27:31+05:30,2026-07-17 00:02:10+05:30,5,SHIP_1092,22.263142,73.240793,28.582048,77.173708,675,LOW,2026-07-19 08:14:42+05:30,3449.8169236833332
ASN_0132,100.0,t,55.7,24.525234,83.401298,2026-07-17 05:39:10+05:30,LONG_STOP,0.7,2026-07-17 08:26:56+05:30,AVAILABLE,VEH_017,RJ51F4703,1500,24.518892,83.399089,"[{""lat"": 25.678506, ""lon"": 85.328664}, {""lat"": 23.335274, ""lon"": 81.445126}, {""lat"": 21.018675, ""lon"": 77.654964}, {""lat"": 18.600296, ""lon"": 73.879191}]",1888.5,2026-07-18 08:19:20+05:30,2026-07-18 08:24:23+05:30,1,SHIP_1132,25.670658,85.236336,18.599041,73.868669,5988,MEDIUM,2026-07-17 16:42:13+05:30,663.0480636666667
ASN_0132,100.0,t,58.0,24.065195,82.679239,2026-07-17 07:48:46+05:30,LONG_STOP,0.7,2026-07-17 08:26:56+05:30,AVAILABLE,VEH_017,RJ51F4703,1500,24.059774,82.675232,"[{""lat"": 25.678506, ""lon"": 85.328664}, {""lat"": 23.335274, ""lon"": 81.445126}, {""lat"": 21.018675, ""lon"": 77.654964}, {""lat"": 18.600296, ""lon"": 73.879191}]",1888.5,2026-07-18 08:19:20+05:30,2026-07-18 08:24:23+05:30,2,SHIP_1132,25.670658,85.236336,18.599041,73.868669,5988,MEDIUM,2026-07-17 16:42:13+05:30,533.4445299166666
ASN_0132,100.0,t,69.2,23.1692,81.213405,2026-07-17 11:56:35+05:30,LONG_STOP,0.7,2026-07-17 08:26:56+05:30,AVAILABLE,VEH_017,RJ51F4703,1500,23.176749,81.181004,"[{""lat"": 25.678506, ""lon"": 85.328664}, {""lat"": 23.335274, ""lon"": 81.445126}, {""lat"": 21.018675, ""lon"": 77.654964}, {""lat"": 18.600296, ""lon"": 73.879191}]",1888.5,2026-07-18 08:19:20+05:30,2026-07-18 08:24:23+05:30,3,SHIP_1132,25.670658,85.236336,18.599041,73.868669,5988,MEDIUM,2026-07-17 16:42:13+05:30,285.6234215333333
ASN_0132,100.0,t,62.3,20.877723,77.556882,2026-07-17 22:05:16+05:30,LONG_STOP,0.7,2026-07-17 08:26:56+05:30,AVAILABLE,VEH_017,RJ51F4703,1500,20.862134,77.571692,"[{""lat"": 25.678506, ""lon"": 85.328664}, {""lat"": 23.335274, ""lon"": 81.445126}, {""lat"": 21.018675, ""lon"": 77.654964}, {""lat"": 18.600296, ""lon"": 73.879191}]",1888.5,2026-07-18 08:19:20+05:30,2026-07-18 08:24:23+05:30,4,SHIP_1132,25.670658,85.236336,18.599041,73.868669,5988,MEDIUM,2026-07-17 16:42:13+05:30,0.0
ASN_0132,100.0,t,61.8,20.206929,76.430467,2026-07-18 01:13:04+05:30,LONG_STOP,0.7,2026-07-17 08:26:56+05:30,AVAILABLE,VEH_017,RJ51F4703,1500,20.204059,76.423466,"[{""lat"": 25.678506, ""lon"": 85.328664}, {""lat"": 23.335274, ""lon"": 81.445126}, {""lat"": 21.018675, ""lon"": 77.654964}, {""lat"": 18.600296, ""lon"": 73.879191}]",1888.5,2026-07-18 08:19:20+05:30,2026-07-18 08:24:23+05:30,5,SHIP_1132,25.670658,85.236336,18.599041,73.868669,5988,MEDIUM,2026-07-17 16:42:13+05:30,0.0
ASN_0132,100.0,t,46.1,19.308171,74.982532,2026-07-18 05:16:21+05:30,LONG_STOP,0.7,2026-07-17 08:26:56+05:30,AVAILABLE,VEH_017,RJ51F4703,1500,19.302422,74.98199,"[{""lat"": 25.678506, ""lon"": 85.328664}, {""lat"": 23.335274, ""lon"": 81.445126}, {""lat"": 21.018675, ""lon"": 77.654964}, {""lat"": 18.600296, ""lon"": 73.879191}]",1888.5,2026-07-18 08:19:20+05:30,2026-07-18 08:24:23+05:30,6,SHIP_1132,25.670658,85.236336,18.599041,73.868669,5988,MEDIUM,2026-07-17 16:42:13+05:30,0.0
ASN_0172,100.0,t,69.1,20.914978,79.066325,2026-07-18 23:16:28+05:30,,,,AVAILABLE,VEH_017,RJ51F4703,1500,20.917501,79.078998,"[{""lat"": 26.374937, ""lon"": 80.306461}, {""lat"": 22.625507, ""lon"": 79.450608}, {""lat"": 18.651158, ""lon"": 78.62596}, {""lat"": 14.954703, ""lon"": 77.706069}, {""lat"": 11.027334, ""lon"": 76.941281}]",2391.47,2026-07-19 23:52:09+05:30,2026-07-20 00:24:53+05:30,1,SHIP_1172,26.418928,80.296854,10.996386,76.937554,2088,MEDIUM,2026-07-20 22:59:32+05:30,2863.0690326
ASN_0172,100.0,t,62.3,20.207069,78.964461,2026-07-19 01:00:49+05:30,,,,AVAILABLE,VEH_017,RJ51F4703,1500,20.217498,78.96861,"[{""lat"": 26.374937, ""lon"": 80.306461}, {""lat"": 22.625507, ""lon"": 79.450608}, {""lat"": 18.651158, ""lon"": 78.62596}, {""lat"": 14.954703, ""lon"": 77.706069}, {""lat"": 11.027334, ""lon"": 76.941281}]",2391.47,2026-07-19 23:52:09+05:30,2026-07-20 00:24:53+05:30,2,SHIP_1172,26.418928,80.296854,10.996386,76.937554,2088,MEDIUM,2026-07-20 22:59:32+05:30,2758.7212519
ASN_0172,100.0,t,74.5,19.674607,78.805657,2026-07-19 02:27:32+05:30,,,,AVAILABLE,VEH_017,RJ51F4703,1500,19.679967,78.808138,"[{""lat"": 26.374937, ""lon"": 80.306461}, {""lat"": 22.625507, ""lon"": 79.450608}, {""lat"": 18.651158, ""lon"": 78.62596}, {""lat"": 14.954703, ""lon"": 77.706069}, {""lat"": 11.027334, ""lon"": 76.941281}]",2391.47,2026-07-19 23:52:09+05:30,2026-07-20 00:24:53+05:30,3,SHIP_1172,26.418928,80.296854,10.996386,76.937554,2088,MEDIUM,2026-07-20 22:59:32+05:30,2672.00250325
ASN_0172,100.0,t,47.8,13.690811,77.53699,2026-07-19 17:32:15+05:30,,,,AVAILABLE,VEH_017,RJ51F4703,1500,13.67785,77.544837,"[{""lat"": 26.374937, ""lon"": 80.306461}, {""lat"": 22.625507, ""lon"": 79.450608}, {""lat"": 18.651158, ""lon"": 78.62596}, {""lat"": 14.954703, ""lon"": 77.706069}, {""lat"": 11.027334, ""lon"": 76.941281}]",2391.47,2026-07-19 23:52:09+05:30,2026-07-20 00:24:53+05:30,4,SHIP_1172,26.418928,80.296854,10.996386,76.937554,2088,MEDIUM,2026-07-20 22:59:32+05:30,1767.2789770666668
ASN_0007,45.1,t,55.7,20.828904,73.478101,2026-07-15 01:55:41+05:30,,,,ON_DUTY,VEH_018,OD67A9265,10200,20.812319,73.474139,"[{""lat"": 21.19183, ""lon"": 72.924108}, {""lat"": 19.336075, ""lon"": 75.702479}, {""lat"": 17.590549, ""lon"": 78.53616}]",915.3,2026-07-15 17:54:17+05:30,2026-07-15 18:00:06+05:30,1,SHIP_1007,21.167106,72.934345,17.534339,78.475741,4554,LOW,2026-07-17 11:44:20+05:30,3468.66157715
ASN_0007,45.1,t,44.0,19.14471,76.021236,2026-07-15 10:06:15+05:30,,,,ON_DUTY,VEH_018,OD67A9265,10200,19.141088,76.012379,"[{""lat"": 21.19183, ""lon"": 72.924108}, {""lat"": 19.336075, ""lon"": 75.702479}, {""lat"": 17.590549, ""lon"": 78.53616}]",915.3,2026-07-15 17:54:17+05:30,2026-07-15 18:00:06+05:30,2,SHIP_1007,21.167106,72.934345,17.534339,78.475741,4554,LOW,2026-07-17 11:44:20+05:30,2978.08571665
ASN_0007,45.1,t,62.4,18.871572,76.440026,2026-07-15 11:28:28+05:30,,,,ON_DUTY,VEH_018,OD67A9265,10200,18.880311,76.44244,"[{""lat"": 21.19183, ""lon"": 72.924108}, {""lat"": 19.336075, ""lon"": 75.702479}, {""lat"": 17.590549, ""lon"": 78.53616}]",915.3,2026-07-15 17:54:17+05:30,2026-07-15 18:00:06+05:30,3,SHIP_1007,21.167106,72.934345,17.534339,78.475741,4554,LOW,2026-07-17 11:44:20+05:30,2895.8682714166666
ASN_0007,45.1,t,53.8,18.575059,76.90165,2026-07-15 12:57:00+05:30,,,,ON_DUTY,VEH_018,OD67A9265,10200,18.591296,76.877557,"[{""lat"": 21.19183, ""lon"": 72.924108}, {""lat"": 19.336075, ""lon"": 75.702479}, {""lat"": 17.590549, ""lon"": 78.53616}]",915.3,2026-07-15 17:54:17+05:30,2026-07-15 18:00:06+05:30,4,SHIP_1007,21.167106,72.934345,17.534339,78.475741,4554,LOW,2026-07-17 11:44:20+05:30,2807.3384721833336
ASN_0007,45.1,t,63.9,17.864449,77.976979,2026-07-15 16:22:48+05:30,,,,ON_DUTY,VEH_018,OD67A9265,10200,17.854277,77.981218,"[{""lat"": 21.19183, ""lon"": 72.924108}, {""lat"": 19.336075, ""lon"": 75.702479}, {""lat"": 17.590549, ""lon"": 78.53616}]",915.3,2026-07-15 17:54:17+05:30,2026-07-15 18:00:06+05:30,5,SHIP_1007,21.167106,72.934345,17.534339,78.475741,4554,LOW,2026-07-17 11:44:20+05:30,2601.5456597166663
ASN_0007,45.1,t,33.6,17.769708,78.137991,2026-07-15 16:56:38+05:30,,,,ON_DUTY,VEH_018,OD67A9265,10200,17.766881,78.126754,"[{""lat"": 21.19183, ""lon"": 72.924108}, {""lat"": 19.336075, ""lon"": 75.702479}, {""lat"": 17.590549, ""lon"": 78.53616}]",915.3,2026-07-15 17:54:17+05:30,2026-07-15 18:00:06+05:30,6,SHIP_1007,21.167106,72.934345,17.534339,78.475741,4554,LOW,2026-07-17 11:44:20+05:30,2567.7017563
ASN_0007,45.1,t,70.4,17.604569,78.375348,2026-07-15 17:43:48+05:30,,,,ON_DUTY,VEH_018,OD67A9265,10200,17.606755,78.368065,"[{""lat"": 21.19183, ""lon"": 72.924108}, {""lat"": 19.336075, ""lon"": 75.702479}, {""lat"": 17.590549, ""lon"": 78.53616}]",915.3,2026-07-15 17:54:17+05:30,2026-07-15 18:00:06+05:30,7,SHIP_1007,21.167106,72.934345,17.534339,78.475741,4554,LOW,2026-07-17 11:44:20+05:30,2520.5463028666663
ASN_0047,85.3,f,45.6,22.344783,73.609462,2026-07-15 20:21:58+05:30,,,,ON_DUTY,VEH_018,OD67A9265,10200,22.343879,73.617305,"[{""lat"": 22.341327, ""lon"": 73.015272}, {""lat"": 22.678372, ""lon"": 75.903201}]",382.92,2026-07-16 02:33:30+05:30,2026-07-16 03:01:44+05:30,1,SHIP_1047,22.291228,73.058533,22.659112,75.784149,8433,LOW,2026-07-17 22:10:05+05:30,2988.121198783333
ASN_0047,85.3,f,46.6,22.473817,74.388518,2026-07-15 22:46:31+05:30,,,,ON_DUTY,VEH_018,OD67A9265,10200,22.485824,74.381504,"[{""lat"": 22.341327, ""lon"": 73.015272}, {""lat"": 22.678372, ""lon"": 75.903201}]",382.92,2026-07-16 02:33:30+05:30,2026-07-16 03:01:44+05:30,2,SHIP_1047,22.291228,73.058533,22.659112,75.784149,8433,LOW,2026-07-17 22:10:05+05:30,2843.569922
ASN_0047,85.3,f,41.9,22.6279,75.288152,2026-07-16 01:32:22+05:30,,,,ON_DUTY,VEH_018,OD67A9265,10200,22.635125,75.293419,"[{""lat"": 22.341327, ""lon"": 73.015272}, {""lat"": 22.678372, ""lon"": 75.903201}]",382.92,2026-07-16 02:33:30+05:30,2026-07-16 03:01:44+05:30,3,SHIP_1047,22.291228,73.058533,22.659112,75.784149,8433,LOW,2026-07-17 22:10:05+05:30,2677.7170197333335
ASN_0087,53.0,t,44.6,18.950114,79.425876,2026-07-16 09:21:30+05:30,,,,ON_DUTY,VEH_018,OD67A9265,10200,18.953585,79.401638,"[{""lat"": 21.175944, ""lon"": 79.202302}, {""lat"": 19.15196, ""lon"": 79.534558}, {""lat"": 17.118021, ""lon"": 79.632519}, {""lat"": 15.019462, ""lon"": 79.899338}, {""lat"": 13.032923, ""lon"": 80.197821}]",1137.27,2026-07-17 01:16:36+05:30,2026-07-17 01:03:01+05:30,1,SHIP_1087,21.21534,79.180829,13.022991,80.194436,5198,MEDIUM,2026-07-15 12:55:12+05:30,0.0
ASN_0087,53.0,t,47.0,18.706314,79.500505,2026-07-16 10:00:23+05:30,,,,ON_DUTY,VEH_018,OD67A9265,10200,18.695763,79.518669,"[{""lat"": 21.175944, ""lon"": 79.202302}, {""lat"": 19.15196, ""lon"": 79.534558}, {""lat"": 17.118021, ""lon"": 79.632519}, {""lat"": 15.019462, ""lon"": 79.899338}, {""lat"": 13.032923, ""lon"": 80.197821}]",1137.27,2026-07-17 01:16:36+05:30,2026-07-17 01:03:01+05:30,2,SHIP_1087,21.21534,79.180829,13.022991,80.194436,5198,MEDIUM,2026-07-15 12:55:12+05:30,0.0
ASN_0087,53.0,t,65.8,18.348418,79.53519,2026-07-16 11:03:02+05:30,,,,ON_DUTY,VEH_018,OD67A9265,10200,18.362012,79.524496,"[{""lat"": 21.175944, ""lon"": 79.202302}, {""lat"": 19.15196, ""lon"": 79.534558}, {""lat"": 17.118021, ""lon"": 79.632519}, {""lat"": 15.019462, ""lon"": 79.899338}, {""lat"": 13.032923, ""lon"": 80.197821}]",1137.27,2026-07-17 01:16:36+05:30,2026-07-17 01:03:01+05:30,3,SHIP_1087,21.21534,79.180829,13.022991,80.194436,5198,MEDIUM,2026-07-15 12:55:12+05:30,0.0
ASN_0087,53.0,t,49.9,18.155398,79.548656,2026-07-16 11:37:45+05:30,,,,ON_DUTY,VEH_018,OD67A9265,10200,18.145029,79.550014,"[{""lat"": 21.175944, ""lon"": 79.202302}, {""lat"": 19.15196, ""lon"": 79.534558}, {""lat"": 17.118021, ""lon"": 79.632519}, {""lat"": 15.019462, ""lon"": 79.899338}, {""lat"": 13.032923, ""lon"": 80.197821}]",1137.27,2026-07-17 01:16:36+05:30,2026-07-17 01:03:01+05:30,4,SHIP_1087,21.21534,79.180829,13.022991,80.194436,5198,MEDIUM,2026-07-15 12:55:12+05:30,0.0
ASN_0087,53.0,t,63.4,17.912886,79.587318,2026-07-16 12:03:32+05:30,,,,ON_DUTY,VEH_018,OD67A9265,10200,17.915582,79.585232,"[{""lat"": 21.175944, ""lon"": 79.202302}, {""lat"": 19.15196, ""lon"": 79.534558}, {""lat"": 17.118021, ""lon"": 79.632519}, {""lat"": 15.019462, ""lon"": 79.899338}, {""lat"": 13.032923, ""lon"": 80.197821}]",1137.27,2026-07-17 01:16:36+05:30,2026-07-17 01:03:01+05:30,5,SHIP_1087,21.21534,79.180829,13.022991,80.194436,5198,MEDIUM,2026-07-15 12:55:12+05:30,0.0
ASN_0087,53.0,t,62.2,15.439613,79.882566,2026-07-16 18:44:50+05:30,,,,ON_DUTY,VEH_018,OD67A9265,10200,15.437131,79.885259,"[{""lat"": 21.175944, ""lon"": 79.202302}, {""lat"": 19.15196, ""lon"": 79.534558}, {""lat"": 17.118021, ""lon"": 79.632519}, {""lat"": 15.019462, ""lon"": 79.899338}, {""lat"": 13.032923, ""lon"": 80.197821}]",1137.27,2026-07-17 01:16:36+05:30,2026-07-17 01:03:01+05:30,6,SHIP_1087,21.21534,79.180829,13.022991,80.194436,5198,MEDIUM,2026-07-15 12:55:12+05:30,0.0
ASN_0127,52.8,f,48.8,11.180446,76.705097,2026-07-17 02:34:13+05:30,,,,ON_DUTY,VEH_018,OD67A9265,10200,11.168776,76.71176,"[{""lat"": 10.893173, ""lon"": 76.845079}, {""lat"": 16.824437, ""lon"": 74.684135}, {""lat"": 22.859425, ""lon"": 72.585563}]",1802.68,2026-07-18 08:56:32+05:30,2026-07-18 08:43:23+05:30,1,SHIP_1127,10.868594,76.848003,22.891689,72.585981,5275,MEDIUM,2026-07-16 22:30:47+05:30,0.0
ASN_0127,52.8,f,53.3,12.300421,76.338344,2026-07-17 05:30:50+05:30,,,,ON_DUTY,VEH_018,OD67A9265,10200,12.288389,76.322915,"[{""lat"": 10.893173, ""lon"": 76.845079}, {""lat"": 16.824437, ""lon"": 74.684135}, {""lat"": 22.859425, ""lon"": 72.585563}]",1802.68,2026-07-18 08:56:32+05:30,2026-07-18 08:43:23+05:30,2,SHIP_1127,10.868594,76.848003,22.891689,72.585981,5275,MEDIUM,2026-07-16 22:30:47+05:30,0.0
ASN_0127,52.8,f,65.8,17.846305,74.386297,2026-07-17 19:42:26+05:30,,,,ON_DUTY,VEH_018,OD67A9265,10200,17.864888,74.389275,"[{""lat"": 10.893173, ""lon"": 76.845079}, {""lat"": 16.824437, ""lon"": 74.684135}, {""lat"": 22.859425, ""lon"": 72.585563}]",1802.68,2026-07-18 08:56:32+05:30,2026-07-18 08:43:23+05:30,3,SHIP_1127,10.868594,76.848003,22.891689,72.585981,5275,MEDIUM,2026-07-16 22:30:47+05:30,0.0
ASN_0127,52.8,f,59.1,19.936854,73.63361,2026-07-18 01:05:58+05:30,,,,ON_DUTY,VEH_018,OD67A9265,10200,19.933571,73.624878,"[{""lat"": 10.893173, ""lon"": 76.845079}, {""lat"": 16.824437, ""lon"": 74.684135}, {""lat"": 22.859425, ""lon"": 72.585563}]",1802.68,2026-07-18 08:56:32+05:30,2026-07-18 08:43:23+05:30,4,SHIP_1127,10.868594,76.848003,22.891689,72.585981,5275,MEDIUM,2026-07-16 22:30:47+05:30,0.0
ASN_0167,14.0,t,40.9,25.604674,80.719484,2026-07-18 13:03:32+05:30,,,,ON_DUTY,VEH_018,OD67A9265,10200,25.606393,80.726922,"[{""lat"": 26.810099, ""lon"": 81.071543}, {""lat"": 23.686346, ""lon"": 80.145309}, {""lat"": 20.558307, ""lon"": 79.296558}, {""lat"": 17.384236, ""lon"": 78.468993}]",1304.22,2026-07-19 11:56:48+05:30,2026-07-19 12:05:05+05:30,1,SHIP_1167,26.85741,81.080402,17.411404,78.434462,2258,MEDIUM,2026-07-15 18:01:35+05:30,0.0
ASN_0167,14.0,t,50.3,22.534052,79.853279,2026-07-18 21:46:58+05:30,,,,ON_DUTY,VEH_018,OD67A9265,10200,22.51785,79.831079,"[{""lat"": 26.810099, ""lon"": 81.071543}, {""lat"": 23.686346, ""lon"": 80.145309}, {""lat"": 20.558307, ""lon"": 79.296558}, {""lat"": 17.384236, ""lon"": 78.468993}]",1304.22,2026-07-19 11:56:48+05:30,2026-07-19 12:05:05+05:30,2,SHIP_1167,26.85741,81.080402,17.411404,78.434462,2258,MEDIUM,2026-07-15 18:01:35+05:30,0.0
ASN_0167,14.0,t,33.9,18.366523,78.693447,2026-07-19 09:21:29+05:30,,,,ON_DUTY,VEH_018,OD67A9265,10200,18.348687,78.69868,"[{""lat"": 26.810099, ""lon"": 81.071543}, {""lat"": 23.686346, ""lon"": 80.145309}, {""lat"": 20.558307, ""lon"": 79.296558}, {""lat"": 17.384236, ""lon"": 78.468993}]",1304.22,2026-07-19 11:56:48+05:30,2026-07-19 12:05:05+05:30,3,SHIP_1167,26.85741,81.080402,17.411404,78.434462,2258,MEDIUM,2026-07-15 18:01:35+05:30,0.0
ASN_0167,14.0,t,72.6,18.000227,78.570182,2026-07-19 10:23:18+05:30,,,,ON_DUTY,VEH_018,OD67A9265,10200,18.001817,78.566874,"[{""lat"": 26.810099, ""lon"": 81.071543}, {""lat"": 23.686346, ""lon"": 80.145309}, {""lat"": 20.558307, ""lon"": 79.296558}, {""lat"": 17.384236, ""lon"": 78.468993}]",1304.22,2026-07-19 11:56:48+05:30,2026-07-19 12:05:05+05:30,4,SHIP_1167,26.85741,81.080402,17.411404,78.434462,2258,MEDIUM,2026-07-15 18:01:35+05:30,0.0
ASN_0039,100.0,t,54.5,21.290613,76.200634,2026-07-15 10:07:54+05:30,ROUTE_DEVIATION,0.56,2026-07-15 21:41:41+05:30,AVAILABLE,VEH_019,MP64G9239,2500,21.28386,76.189039,"[{""lat"": 18.536376, ""lon"": 73.808775}, {""lat"": 22.752166, ""lon"": 77.313125}, {""lat"": 26.784011, ""lon"": 80.951022}]",1552.14,2026-07-16 03:42:10+05:30,2026-07-16 03:14:13+05:30,1,SHIP_1039,18.544189,73.847941,26.82161,80.940357,3982,LOW,2026-07-17 08:23:14+05:30,2775.3393445333336
ASN_0039,100.0,t,62.9,24.000195,78.50134,2026-07-15 18:32:13+05:30,ROUTE_DEVIATION,0.56,2026-07-15 21:41:41+05:30,AVAILABLE,VEH_019,MP64G9239,2500,23.983951,78.521533,"[{""lat"": 18.536376, ""lon"": 73.808775}, {""lat"": 22.752166, ""lon"": 77.313125}, {""lat"": 26.784011, ""lon"": 80.951022}]",1552.14,2026-07-16 03:42:10+05:30,2026-07-16 03:14:13+05:30,2,SHIP_1039,18.544189,73.847941,26.82161,80.940357,3982,LOW,2026-07-17 08:23:14+05:30,2271.02165445
ASN_0039,100.0,t,57.0,25.311676,79.639455,2026-07-15 22:27:32+05:30,ROUTE_DEVIATION,0.56,2026-07-15 21:41:41+05:30,AVAILABLE,VEH_019,MP64G9239,2500,25.305414,79.651234,"[{""lat"": 18.536376, ""lon"": 73.808775}, {""lat"": 22.752166, ""lon"": 77.313125}, {""lat"": 26.784011, ""lon"": 80.951022}]",1552.14,2026-07-16 03:42:10+05:30,2026-07-16 03:14:13+05:30,3,SHIP_1039,18.544189,73.847941,26.82161,80.940357,3982,LOW,2026-07-17 08:23:14+05:30,2035.6934726333334
ASN_0079,100.0,t,50.1,20.646647,74.465327,2026-07-16 10:42:49+05:30,,,,AVAILABLE,VEH_019,MP64G9239,2500,20.630764,74.45189,"[{""lat"": 19.06367, ""lon"": 72.822677}, {""lat"": 26.304178, ""lon"": 80.279405}]",1426.59,2026-07-17 11:08:56+05:30,2026-07-17 11:20:16+05:30,1,SHIP_1079,19.105746,72.819615,26.392667,80.314356,8423,LOW,2026-07-16 13:10:41+05:30,147.86205376666666
ASN_0079,100.0,t,38.7,21.379728,75.119224,2026-07-16 13:35:55+05:30,,,,AVAILABLE,VEH_019,MP64G9239,2500,21.385171,75.1154,"[{""lat"": 19.06367, ""lon"": 72.822677}, {""lat"": 26.304178, ""lon"": 80.279405}]",1426.59,2026-07-17 11:08:56+05:30,2026-07-17 11:20:16+05:30,2,SHIP_1079,19.105746,72.819615,26.392667,80.314356,8423,LOW,2026-07-16 13:10:41+05:30,0.0
ASN_0079,100.0,t,48.0,22.261747,76.03859,2026-07-16 17:26:45+05:30,,,,AVAILABLE,VEH_019,MP64G9239,2500,22.272003,76.041303,"[{""lat"": 19.06367, ""lon"": 72.822677}, {""lat"": 26.304178, ""lon"": 80.279405}]",1426.59,2026-07-17 11:08:56+05:30,2026-07-17 11:20:16+05:30,3,SHIP_1079,19.105746,72.819615,26.392667,80.314356,8423,LOW,2026-07-16 13:10:41+05:30,0.0
ASN_0079,100.0,t,45.6,24.290132,78.209813,2026-07-17 02:26:36+05:30,,,,AVAILABLE,VEH_019,MP64G9239,2500,24.280582,78.223154,"[{""lat"": 19.06367, ""lon"": 72.822677}, {""lat"": 26.304178, ""lon"": 80.279405}]",1426.59,2026-07-17 11:08:56+05:30,2026-07-17 11:20:16+05:30,4,SHIP_1079,19.105746,72.819615,26.392667,80.314356,8423,LOW,2026-07-16 13:10:41+05:30,0.0
ASN_0079,100.0,t,38.7,24.614824,78.558883,2026-07-17 03:48:29+05:30,,,,AVAILABLE,VEH_019,MP64G9239,2500,24.629964,78.557905,"[{""lat"": 19.06367, ""lon"": 72.822677}, {""lat"": 26.304178, ""lon"": 80.279405}]",1426.59,2026-07-17 11:08:56+05:30,2026-07-17 11:20:16+05:30,5,SHIP_1079,19.105746,72.819615,26.392667,80.314356,8423,LOW,2026-07-16 13:10:41+05:30,0.0
ASN_0119,100.0,t,46.1,20.902333,72.907252,2026-07-17 12:49:26+05:30,,,,AVAILABLE,VEH_019,MP64G9239,2500,20.893763,72.889225,"[{""lat"": 21.124218, ""lon"": 72.963625}, {""lat"": 19.106622, ""lon"": 72.965593}]",278.15,2026-07-17 18:16:58+05:30,2026-07-17 18:25:42+05:30,1,SHIP_1119,21.102407,72.929647,19.122859,73.014922,6386,HIGH,2026-07-21 11:47:50+05:30,5698.389938433334
ASN_0119,100.0,t,58.8,20.191791,72.964039,2026-07-17 15:01:15+05:30,,,,AVAILABLE,VEH_019,MP64G9239,2500,20.213852,72.96161,"[{""lat"": 21.124218, ""lon"": 72.963625}, {""lat"": 19.106622, ""lon"": 72.965593}]",278.15,2026-07-17 18:16:58+05:30,2026-07-17 18:25:42+05:30,2,SHIP_1119,21.102407,72.929647,19.122859,73.014922,6386,HIGH,2026-07-21 11:47:50+05:30,5566.568865233334
ASN_0119,100.0,t,39.3,19.913147,73.0014,2026-07-17 15:58:03+05:30,,,,AVAILABLE,VEH_019,MP64G9239,2500,19.903962,73.016872,"[{""lat"": 21.124218, ""lon"": 72.963625}, {""lat"": 19.106622, ""lon"": 72.965593}]",278.15,2026-07-17 18:16:58+05:30,2026-07-17 18:25:42+05:30,3,SHIP_1119,21.102407,72.929647,19.122859,73.014922,6386,HIGH,2026-07-21 11:47:50+05:30,5509.771363466667
ASN_0119,100.0,t,41.6,19.288807,73.005783,2026-07-17 17:52:19+05:30,,,,AVAILABLE,VEH_019,MP64G9239,2500,19.286922,72.999212,"[{""lat"": 21.124218, ""lon"": 72.963625}, {""lat"": 19.106622, ""lon"": 72.965593}]",278.15,2026-07-17 18:16:58+05:30,2026-07-17 18:25:42+05:30,4,SHIP_1119,21.102407,72.929647,19.122859,73.014922,6386,HIGH,2026-07-21 11:47:50+05:30,5395.508120533333
ASN_0159,65.2,t,46.6,23.724926,77.717053,2026-07-17 20:07:08+05:30,,,,AVAILABLE,VEH_019,MP64G9239,2500,23.707814,77.725002,"[{""lat"": 23.384145, ""lon"": 77.471625}, {""lat"": 26.86636, ""lon"": 80.922876}]",643.48,2026-07-18 05:50:36+05:30,2026-07-18 05:24:52+05:30,1,SHIP_1159,23.41877,77.413191,26.753667,80.906967,1536,MEDIUM,2026-07-18 09:59:59+05:30,832.8571529666666
ASN_0159,65.2,t,64.4,24.088864,78.104442,2026-07-17 21:19:13+05:30,,,,AVAILABLE,VEH_019,MP64G9239,2500,24.08259,78.084759,"[{""lat"": 23.384145, ""lon"": 77.471625}, {""lat"": 26.86636, ""lon"": 80.922876}]",643.48,2026-07-18 05:50:36+05:30,2026-07-18 05:24:52+05:30,2,SHIP_1159,23.41877,77.413191,26.753667,80.906967,1536,MEDIUM,2026-07-18 09:59:59+05:30,760.77599695
ASN_0159,65.2,t,50.4,24.911014,78.946826,2026-07-17 23:46:03+05:30,,,,AVAILABLE,VEH_019,MP64G9239,2500,24.897184,78.948753,"[{""lat"": 23.384145, ""lon"": 77.471625}, {""lat"": 26.86636, ""lon"": 80.922876}]",643.48,2026-07-18 05:50:36+05:30,2026-07-18 05:24:52+05:30,3,SHIP_1159,23.41877,77.413191,26.753667,80.906967,1536,MEDIUM,2026-07-18 09:59:59+05:30,613.9320737333333
ASN_0199,100.0,f,66.3,25.101175,76.705429,2026-07-18 11:51:51+05:30,ROUTE_DEVIATION,0.28,2026-07-18 10:30:26+05:30,AVAILABLE,VEH_019,MP64G9239,2500,25.098955,76.702297,"[{""lat"": 23.183886, ""lon"": 77.44506}, {""lat"": 26.946322, ""lon"": 76.032163}]",561.22,2026-07-18 17:13:52+05:30,2026-07-18 17:32:13+05:30,1,SHIP_1199,23.284668,77.502516,26.913284,75.882952,4916,MEDIUM,2026-07-19 09:03:26+05:30,1271.5832795166668
ASN_0199,100.0,f,54.9,25.873009,76.371713,2026-07-18 14:14:35+05:30,ROUTE_DEVIATION,0.28,2026-07-18 10:30:26+05:30,AVAILABLE,VEH_019,MP64G9239,2500,25.86499,76.374713,"[{""lat"": 23.183886, ""lon"": 77.44506}, {""lat"": 26.946322, ""lon"": 76.032163}]",561.22,2026-07-18 17:13:52+05:30,2026-07-18 17:32:13+05:30,2,SHIP_1199,23.284668,77.502516,26.913284,75.882952,4916,MEDIUM,2026-07-19 09:03:26+05:30,1128.8626404666668
ASN_0199,100.0,f,36.7,25.956653,76.302756,2026-07-18 14:28:25+05:30,ROUTE_DEVIATION,0.28,2026-07-18 10:30:26+05:30,AVAILABLE,VEH_019,MP64G9239,2500,25.961174,76.305856,"[{""lat"": 23.183886, ""lon"": 77.44506}, {""lat"": 26.946322, ""lon"": 76.032163}]",561.22,2026-07-18 17:13:52+05:30,2026-07-18 17:32:13+05:30,3,SHIP_1199,23.284668,77.502516,26.913284,75.882952,4916,MEDIUM,2026-07-19 09:03:26+05:30,1115.0256035
ASN_0008,29.3,f,55.9,17.16111,78.461196,2026-07-15 02:51:19+05:30,,,,ON_DUTY,VEH_020,GJ21C7359,2500,17.149848,78.467777,"[{""lat"": 17.275849, ""lon"": 78.45144}, {""lat"": 15.819762, ""lon"": 78.255162}, {""lat"": 14.30366, ""lon"": 77.917749}, {""lat"": 12.856247, ""lon"": 77.714525}]",692.5,2026-07-15 14:54:39+05:30,2026-07-15 14:45:51+05:30,1,SHIP_1008,17.325605,78.482008,12.888136,77.643089,760,MEDIUM,2026-07-16 09:21:40+05:30,1830.3510398333335
ASN_0008,29.3,f,54.5,16.443055,78.327566,2026-07-15 04:48:24+05:30,,,,ON_DUTY,VEH_020,GJ21C7359,2500,16.435738,78.317107,"[{""lat"": 17.275849, ""lon"": 78.45144}, {""lat"": 15.819762, ""lon"": 78.255162}, {""lat"": 14.30366, ""lon"": 77.917749}, {""lat"": 12.856247, ""lon"": 77.714525}]",692.5,2026-07-15 14:54:39+05:30,2026-07-15 14:45:51+05:30,2,SHIP_1008,17.325605,78.482008,12.888136,77.643089,760,MEDIUM,2026-07-16 09:21:40+05:30,1713.2742965833334
ASN_0008,29.3,f,51.7,15.670654,78.191465,2026-07-15 07:00:20+05:30,,,,ON_DUTY,VEH_020,GJ21C7359,2500,15.674727,78.204776,"[{""lat"": 17.275849, ""lon"": 78.45144}, {""lat"": 15.819762, ""lon"": 78.255162}, {""lat"": 14.30366, ""lon"": 77.917749}, {""lat"": 12.856247, ""lon"": 77.714525}]",692.5,2026-07-15 14:54:39+05:30,2026-07-15 14:45:51+05:30,3,SHIP_1008,17.325605,78.482008,12.888136,77.643089,760,MEDIUM,2026-07-16 09:21:40+05:30,1581.3417183499998
ASN_0008,29.3,f,43.5,14.681452,77.977785,2026-07-15 09:41:29+05:30,,,,ON_DUTY,VEH_020,GJ21C7359,2500,14.692737,77.979962,"[{""lat"": 17.275849, ""lon"": 78.45144}, {""lat"": 15.819762, ""lon"": 78.255162}, {""lat"": 14.30366, ""lon"": 77.917749}, {""lat"": 12.856247, ""lon"": 77.714525}]",692.5,2026-07-15 14:54:39+05:30,2026-07-15 14:45:51+05:30,4,SHIP_1008,17.325605,78.482008,12.888136,77.643089,760,MEDIUM,2026-07-16 09:21:40+05:30,1420.1905526833332
ASN_0008,29.3,f,52.8,14.287582,77.875799,2026-07-15 10:48:56+05:30,,,,ON_DUTY,VEH_020,GJ21C7359,2500,14.297076,77.872445,"[{""lat"": 17.275849, ""lon"": 78.45144}, {""lat"": 15.819762, ""lon"": 78.255162}, {""lat"": 14.30366, ""lon"": 77.917749}, {""lat"": 12.856247, ""lon"": 77.714525}]",692.5,2026-07-15 14:54:39+05:30,2026-07-15 14:45:51+05:30,5,SHIP_1008,17.325605,78.482008,12.888136,77.643089,760,MEDIUM,2026-07-16 09:21:40+05:30,1352.7352135666665
ASN_0008,29.3,f,42.4,13.540579,77.780097,2026-07-15 12:54:38+05:30,,,,ON_DUTY,VEH_020,GJ21C7359,2500,13.540692,77.785635,"[{""lat"": 17.275849, ""lon"": 78.45144}, {""lat"": 15.819762, ""lon"": 78.255162}, {""lat"": 14.30366, ""lon"": 77.917749}, {""lat"": 12.856247, ""lon"": 77.714525}]",692.5,2026-07-15 14:54:39+05:30,2026-07-15 14:45:51+05:30,6,SHIP_1008,17.325605,78.482008,12.888136,77.643089,760,MEDIUM,2026-07-16 09:21:40+05:30,1227.0431056833334
ASN_0048,100.0,t,49.4,20.754673,78.358472,2026-07-16 17:40:44+05:30,ROUTE_DEVIATION,0.49,2026-07-16 04:10:06+05:30,ON_DUTY,VEH_020,GJ21C7359,2500,20.765709,78.366249,"[{""lat"": 22.422744, ""lon"": 88.428755}, {""lat"": 21.557912, ""lon"": 83.517532}, {""lat"": 20.817564, ""lon"": 78.739219}, {""lat"": 20.053914, ""lon"": 73.77444}]",1985.3,2026-07-17 05:38:32+05:30,2026-07-17 05:36:03+05:30,1,SHIP_1048,22.41441,88.419654,19.988586,73.818347,3568,HIGH,2026-07-16 09:48:41+05:30,0.0
ASN_0048,100.0,t,53.7,20.113507,74.689206,2026-07-17 03:17:57+05:30,ROUTE_DEVIATION,0.49,2026-07-16 04:10:06+05:30,ON_DUTY,VEH_020,GJ21C7359,2500,20.099171,74.697441,"[{""lat"": 22.422744, ""lon"": 88.428755}, {""lat"": 21.557912, ""lon"": 83.517532}, {""lat"": 20.817564, ""lon"": 78.739219}, {""lat"": 20.053914, ""lon"": 73.77444}]",1985.3,2026-07-17 05:38:32+05:30,2026-07-17 05:36:03+05:30,2,SHIP_1048,22.41441,88.419654,19.988586,73.818347,3568,HIGH,2026-07-16 09:48:41+05:30,0.0
ASN_0048,100.0,t,54.8,20.118749,74.617244,2026-07-17 03:30:41+05:30,ROUTE_DEVIATION,0.49,2026-07-16 04:10:06+05:30,ON_DUTY,VEH_020,GJ21C7359,2500,20.136333,74.617287,"[{""lat"": 22.422744, ""lon"": 88.428755}, {""lat"": 21.557912, ""lon"": 83.517532}, {""lat"": 20.817564, ""lon"": 78.739219}, {""lat"": 20.053914, ""lon"": 73.77444}]",1985.3,2026-07-17 05:38:32+05:30,2026-07-17 05:36:03+05:30,3,SHIP_1048,22.41441,88.419654,19.988586,73.818347,3568,HIGH,2026-07-16 09:48:41+05:30,0.0
ASN_0088,100.0,t,54.3,21.76244,87.498217,2026-07-17 08:40:58+05:30,,,,ON_DUTY,VEH_020,GJ21C7359,2500,21.752052,87.511567,"[{""lat"": 22.392101, ""lon"": 88.297153}, {""lat"": 20.281232, ""lon"": 85.798127}]",422.46,2026-07-17 13:39:08+05:30,2026-07-17 13:29:13+05:30,1,SHIP_1088,22.380171,88.275355,20.274535,85.806333,8173,MEDIUM,2026-07-20 13:23:35+05:30,4602.605530883333
ASN_0088,100.0,t,73.3,21.54617,87.341399,2026-07-17 09:12:34+05:30,,,,ON_DUTY,VEH_020,GJ21C7359,2500,21.544501,87.348289,"[{""lat"": 22.392101, ""lon"": 88.297153}, {""lat"": 20.281232, ""lon"": 85.798127}]",422.46,2026-07-17 13:39:08+05:30,2026-07-17 13:29:13+05:30,2,SHIP_1088,22.380171,88.275355,20.274535,85.806333,8173,MEDIUM,2026-07-20 13:23:35+05:30,4571.013662266666
ASN_0088,100.0,t,42.7,20.30446,85.883223,2026-07-17 13:14:51+05:30,,,,ON_DUTY,VEH_020,GJ21C7359,2500,20.305885,85.883038,"[{""lat"": 22.392101, ""lon"": 88.297153}, {""lat"": 20.281232, ""lon"": 85.798127}]",422.46,2026-07-17 13:39:08+05:30,2026-07-17 13:29:13+05:30,3,SHIP_1088,22.380171,88.275355,20.274535,85.806333,8173,MEDIUM,2026-07-20 13:23:35+05:30,4328.721868266667
ASN_0128,100.0,t,51.8,21.471681,81.635036,2026-07-17 20:39:35+05:30,,,,ON_DUTY,VEH_020,GJ21C7359,2500,21.477646,81.630036,"[{""lat"": 21.080936, ""lon"": 79.264653}, {""lat"": 22.518814, ""lon"": 88.357234}]",1311.55,2026-07-18 14:21:13+05:30,2026-07-18 14:11:25+05:30,1,SHIP_1128,21.091432,79.161209,22.555258,88.33774,5375,HIGH,2026-07-20 00:41:21+05:30,3121.766529
ASN_0128,100.0,t,57.4,21.698766,83.210866,2026-07-18 00:48:25+05:30,,,,ON_DUTY,VEH_020,GJ21C7359,2500,21.6928,83.206955,"[{""lat"": 21.080936, ""lon"": 79.264653}, {""lat"": 22.518814, ""lon"": 88.357234}]",1311.55,2026-07-18 14:21:13+05:30,2026-07-18 14:11:25+05:30,2,SHIP_1128,21.091432,79.161209,22.555258,88.33774,5375,HIGH,2026-07-20 00:41:21+05:30,2872.9418636166665
ASN_0128,100.0,t,57.6,21.95494,84.529391,2026-07-18 04:17:46+05:30,,,,ON_DUTY,VEH_020,GJ21C7359,2500,21.952684,84.505847,"[{""lat"": 21.080936, ""lon"": 79.264653}, {""lat"": 22.518814, ""lon"": 88.357234}]",1311.55,2026-07-18 14:21:13+05:30,2026-07-18 14:11:25+05:30,3,SHIP_1128,21.091432,79.161209,22.555258,88.33774,5375,HIGH,2026-07-20 00:41:21+05:30,2663.5974301333335
ASN_0128,100.0,t,46.0,22.067829,85.290725,2026-07-18 06:16:50+05:30,,,,ON_DUTY,VEH_020,GJ21C7359,2500,22.071568,85.285659,"[{""lat"": 21.080936, ""lon"": 79.264653}, {""lat"": 22.518814, ""lon"": 88.357234}]",1311.55,2026-07-18 14:21:13+05:30,2026-07-18 14:11:25+05:30,4,SHIP_1128,21.091432,79.161209,22.555258,88.33774,5375,HIGH,2026-07-20 00:41:21+05:30,2544.5253874833334
ASN_0168,84.0,t,78.0,21.358014,74.882836,2026-07-18 19:07:40+05:30,,,,ON_DUTY,VEH_020,GJ21C7359,2500,21.373191,74.899248,"[{""lat"": 21.178456, ""lon"": 72.860692}, {""lat"": 21.843396, ""lon"": 80.648005}, {""lat"": 22.51727, ""lon"": 88.377607}]",2100.08,2026-07-19 23:32:55+05:30,2026-07-19 23:04:57+05:30,1,SHIP_1168,21.192371,72.901696,22.505564,88.346784,1871,MEDIUM,2026-07-17 19:52:44+05:30,0.0
ASN_0168,84.0,t,73.7,21.402504,75.179594,2026-07-18 19:42:36+05:30,,,,ON_DUTY,VEH_020,GJ21C7359,2500,21.400326,75.185445,"[{""lat"": 21.178456, ""lon"": 72.860692}, {""lat"": 21.843396, ""lon"": 80.648005}, {""lat"": 22.51727, ""lon"": 88.377607}]",2100.08,2026-07-19 23:32:55+05:30,2026-07-19 23:04:57+05:30,2,SHIP_1168,21.192371,72.901696,22.505564,88.346784,1871,MEDIUM,2026-07-17 19:52:44+05:30,0.0
ASN_0168,84.0,t,68.8,21.827511,80.574211,2026-07-19 06:56:14+05:30,,,,ON_DUTY,VEH_020,GJ21C7359,2500,21.844846,80.57378,"[{""lat"": 21.178456, ""lon"": 72.860692}, {""lat"": 21.843396, ""lon"": 80.648005}, {""lat"": 22.51727, ""lon"": 88.377607}]",2100.08,2026-07-19 23:32:55+05:30,2026-07-19 23:04:57+05:30,3,SHIP_1168,21.192371,72.901696,22.505564,88.346784,1871,MEDIUM,2026-07-17 19:52:44+05:30,0.0
ASN_0168,84.0,t,51.6,22.090525,82.999648,2026-07-19 11:50:44+05:30,,,,ON_DUTY,VEH_020,GJ21C7359,2500,22.090078,82.990062,"[{""lat"": 21.178456, ""lon"": 72.860692}, {""lat"": 21.843396, ""lon"": 80.648005}, {""lat"": 22.51727, ""lon"": 88.377607}]",2100.08,2026-07-19 23:32:55+05:30,2026-07-19 23:04:57+05:30,4,SHIP_1168,21.192371,72.901696,22.505564,88.346784,1871,MEDIUM,2026-07-17 19:52:44+05:30,0.0
ASN_0021,100.0,t,51.0,24.878221,83.814793,2026-07-15 04:50:08+05:30,,,,AVAILABLE,VEH_021,MH15C6312,1500,24.84852,83.812491,"[{""lat"": 25.545343, ""lon"": 85.141458}, {""lat"": 20.063517, ""lon"": 73.596533}]",1535.98,2026-07-16 05:44:31+05:30,2026-07-16 06:01:23+05:30,1,SHIP_1021,25.546024,85.13641,20.058044,73.568967,2428,MEDIUM,2026-07-18 20:30:08+05:30,5260.0051450833325
ASN_0021,100.0,t,66.5,24.070124,82.008207,2026-07-15 09:14:28+05:30,,,,AVAILABLE,VEH_021,MH15C6312,1500,24.076126,82.009302,"[{""lat"": 25.545343, ""lon"": 85.141458}, {""lat"": 20.063517, ""lon"": 73.596533}]",1535.98,2026-07-16 05:44:31+05:30,2026-07-16 06:01:23+05:30,2,SHIP_1021,25.546024,85.13641,20.058044,73.568967,2428,MEDIUM,2026-07-18 20:30:08+05:30,4995.671256716667
ASN_0021,100.0,t,56.1,22.245696,78.240697,2026-07-15 18:27:14+05:30,,,,AVAILABLE,VEH_021,MH15C6312,1500,22.252261,78.230404,"[{""lat"": 25.545343, ""lon"": 85.141458}, {""lat"": 20.063517, ""lon"": 73.596533}]",1535.98,2026-07-16 05:44:31+05:30,2026-07-16 06:01:23+05:30,3,SHIP_1021,25.546024,85.13641,20.058044,73.568967,2428,MEDIUM,2026-07-18 20:30:08+05:30,4442.909910166666
ASN_0021,100.0,t,35.4,22.057912,77.819355,2026-07-15 19:34:10+05:30,,,,AVAILABLE,VEH_021,MH15C6312,1500,22.038525,77.816949,"[{""lat"": 25.545343, ""lon"": 85.141458}, {""lat"": 20.063517, ""lon"": 73.596533}]",1535.98,2026-07-16 05:44:31+05:30,2026-07-16 06:01:23+05:30,4,SHIP_1021,25.546024,85.13641,20.058044,73.568967,2428,MEDIUM,2026-07-18 20:30:08+05:30,4375.96629775
ASN_0021,100.0,t,31.6,21.074371,75.691449,2026-07-16 00:46:04+05:30,,,,AVAILABLE,VEH_021,MH15C6312,1500,21.074473,75.678177,"[{""lat"": 25.545343, ""lon"": 85.141458}, {""lat"": 20.063517, ""lon"": 73.596533}]",1535.98,2026-07-16 05:44:31+05:30,2026-07-16 06:01:23+05:30,5,SHIP_1021,25.546024,85.13641,20.058044,73.568967,2428,MEDIUM,2026-07-18 20:30:08+05:30,4064.066358333333
ASN_0061,24.3,f,61.3,25.223741,79.334177,2026-07-16 12:00:41+05:30,,,,AVAILABLE,VEH_021,MH15C6312,1500,25.234135,79.330917,"[{""lat"": 26.897041, ""lon"": 80.873885}, {""lat"": 23.323402, ""lon"": 77.45115}]",708.83,2026-07-16 18:23:37+05:30,2026-07-16 18:34:49+05:30,1,SHIP_1061,26.836133,80.854873,23.258211,77.482772,325,LOW,2026-07-20 18:41:40+05:30,6160.981898266667
ASN_0061,24.3,f,61.5,24.646011,78.759333,2026-07-16 13:58:29+05:30,,,,AVAILABLE,VEH_021,MH15C6312,1500,24.657318,78.767237,"[{""lat"": 26.897041, ""lon"": 80.873885}, {""lat"": 23.323402, ""lon"": 77.45115}]",708.83,2026-07-16 18:23:37+05:30,2026-07-16 18:34:49+05:30,2,SHIP_1061,26.836133,80.854873,23.258211,77.482772,325,LOW,2026-07-20 18:41:40+05:30,6043.175856600001
ASN_0061,24.3,f,50.8,24.138238,78.292877,2026-07-16 15:41:08+05:30,,,,AVAILABLE,VEH_021,MH15C6312,1500,24.137196,78.279515,"[{""lat"": 26.897041, ""lon"": 80.873885}, {""lat"": 23.323402, ""lon"": 77.45115}]",708.83,2026-07-16 18:23:37+05:30,2026-07-16 18:34:49+05:30,3,SHIP_1061,26.836133,80.854873,23.258211,77.482772,325,LOW,2026-07-20 18:41:40+05:30,5940.525554883334
ASN_0101,100.0,t,79.1,20.809351,78.605945,2026-07-17 05:40:47+05:30,ROUTE_DEVIATION,0.49,2026-07-17 23:35:05+05:30,AVAILABLE,VEH_021,MH15C6312,1500,20.822096,78.601466,"[{""lat"": 19.941441, ""lon"": 73.838169}, {""lat"": 20.579224, ""lon"": 77.459988}, {""lat"": 21.254269, ""lon"": 81.064054}, {""lat"": 21.918627, ""lon"": 84.789574}, {""lat"": 22.49528, ""lon"": 88.387092}]",1972.41,2026-07-18 03:03:15+05:30,2026-07-18 03:35:03+05:30,1,SHIP_1101,20.000018,73.830094,22.525128,88.343865,3510,LOW,2026-07-16 01:13:42+05:30,0.0
ASN_0101,100.0,t,63.1,21.40171,81.866311,2026-07-17 12:56:59+05:30,ROUTE_DEVIATION,0.49,2026-07-17 23:35:05+05:30,AVAILABLE,VEH_021,MH15C6312,1500,21.403663,81.871175,"[{""lat"": 19.941441, ""lon"": 73.838169}, {""lat"": 20.579224, ""lon"": 77.459988}, {""lat"": 21.254269, ""lon"": 81.064054}, {""lat"": 21.918627, ""lon"": 84.789574}, {""lat"": 22.49528, ""lon"": 88.387092}]",1972.41,2026-07-18 03:03:15+05:30,2026-07-18 03:35:03+05:30,2,SHIP_1101,20.000018,73.830094,22.525128,88.343865,3510,LOW,2026-07-16 01:13:42+05:30,0.0
ASN_0101,100.0,t,64.7,21.615935,83.274349,2026-07-17 16:13:31+05:30,ROUTE_DEVIATION,0.49,2026-07-17 23:35:05+05:30,AVAILABLE,VEH_021,MH15C6312,1500,21.621222,83.265128,"[{""lat"": 19.941441, ""lon"": 73.838169}, {""lat"": 20.579224, ""lon"": 77.459988}, {""lat"": 21.254269, ""lon"": 81.064054}, {""lat"": 21.918627, ""lon"": 84.789574}, {""lat"": 22.49528, ""lon"": 88.387092}]",1972.41,2026-07-18 03:03:15+05:30,2026-07-18 03:35:03+05:30,3,SHIP_1101,20.000018,73.830094,22.525128,88.343865,3510,LOW,2026-07-16 01:13:42+05:30,0.0
ASN_0101,100.0,t,59.8,21.835805,84.417316,2026-07-17 18:45:50+05:30,ROUTE_DEVIATION,0.49,2026-07-17 23:35:05+05:30,AVAILABLE,VEH_021,MH15C6312,1500,21.842552,84.418245,"[{""lat"": 19.941441, ""lon"": 73.838169}, {""lat"": 20.579224, ""lon"": 77.459988}, {""lat"": 21.254269, ""lon"": 81.064054}, {""lat"": 21.918627, ""lon"": 84.789574}, {""lat"": 22.49528, ""lon"": 88.387092}]",1972.41,2026-07-18 03:03:15+05:30,2026-07-18 03:35:03+05:30,4,SHIP_1101,20.000018,73.830094,22.525128,88.343865,3510,LOW,2026-07-16 01:13:42+05:30,0.0
ASN_0101,100.0,t,50.9,21.88771,84.634381,2026-07-17 19:18:34+05:30,ROUTE_DEVIATION,0.49,2026-07-17 23:35:05+05:30,AVAILABLE,VEH_021,MH15C6312,1500,21.890766,84.618445,"[{""lat"": 19.941441, ""lon"": 73.838169}, {""lat"": 20.579224, ""lon"": 77.459988}, {""lat"": 21.254269, ""lon"": 81.064054}, {""lat"": 21.918627, ""lon"": 84.789574}, {""lat"": 22.49528, ""lon"": 88.387092}]",1972.41,2026-07-18 03:03:15+05:30,2026-07-18 03:35:03+05:30,5,SHIP_1101,20.000018,73.830094,22.525128,88.343865,3510,LOW,2026-07-16 01:13:42+05:30,0.0
ASN_0101,100.0,t,53.3,22.028231,85.445277,2026-07-17 21:05:55+05:30,ROUTE_DEVIATION,0.49,2026-07-17 23:35:05+05:30,AVAILABLE,VEH_021,MH15C6312,1500,22.034509,85.438421,"[{""lat"": 19.941441, ""lon"": 73.838169}, {""lat"": 20.579224, ""lon"": 77.459988}, {""lat"": 21.254269, ""lon"": 81.064054}, {""lat"": 21.918627, ""lon"": 84.789574}, {""lat"": 22.49528, ""lon"": 88.387092}]",1972.41,2026-07-18 03:03:15+05:30,2026-07-18 03:35:03+05:30,6,SHIP_1101,20.000018,73.830094,22.525128,88.343865,3510,LOW,2026-07-16 01:13:42+05:30,0.0
ASN_0141,100.0,t,45.7,26.89138,81.05918,2026-07-18 04:41:47+05:30,GEOFENCE_BREACH,0.66,2026-07-18 06:05:47+05:30,AVAILABLE,VEH_021,MH15C6312,1500,26.889821,81.061093,"[{""lat"": 26.904613, ""lon"": 81.06987}, {""lat"": 26.855671, ""lon"": 80.868746}, {""lat"": 26.588703, ""lon"": 80.758172}, {""lat"": 26.560047, ""lon"": 80.494668}, {""lat"": 26.449103, ""lon"": 80.248555}]",109.73,2026-07-18 06:40:22+05:30,2026-07-18 07:29:08+05:30,1,SHIP_1141,26.906419,81.082709,26.518023,80.303946,3994,MEDIUM,2026-07-18 17:11:20+05:30,749.5532371333334
ASN_0141,100.0,t,68.9,26.851619,80.953899,2026-07-18 04:59:08+05:30,GEOFENCE_BREACH,0.66,2026-07-18 06:05:47+05:30,AVAILABLE,VEH_021,MH15C6312,1500,26.846777,80.961158,"[{""lat"": 26.904613, ""lon"": 81.06987}, {""lat"": 26.855671, ""lon"": 80.868746}, {""lat"": 26.588703, ""lon"": 80.758172}, {""lat"": 26.560047, ""lon"": 80.494668}, {""lat"": 26.449103, ""lon"": 80.248555}]",109.73,2026-07-18 06:40:22+05:30,2026-07-18 07:29:08+05:30,2,SHIP_1141,26.906419,81.082709,26.518023,80.303946,3994,MEDIUM,2026-07-18 17:11:20+05:30,732.1990616333334
ASN_0141,100.0,t,30.1,26.75536,80.796509,2026-07-18 05:43:36+05:30,GEOFENCE_BREACH,0.66,2026-07-18 06:05:47+05:30,AVAILABLE,VEH_021,MH15C6312,1500,26.775462,80.794114,"[{""lat"": 26.904613, ""lon"": 81.06987}, {""lat"": 26.855671, ""lon"": 80.868746}, {""lat"": 26.588703, ""lon"": 80.758172}, {""lat"": 26.560047, ""lon"": 80.494668}, {""lat"": 26.449103, ""lon"": 80.248555}]",109.73,2026-07-18 06:40:22+05:30,2026-07-18 07:29:08+05:30,3,SHIP_1141,26.906419,81.082709,26.518023,80.303946,3994,MEDIUM,2026-07-18 17:11:20+05:30,687.7434238333334
ASN_0181,54.1,f,52.1,21.057854,73.010156,2026-07-18 08:50:50+05:30,LONG_STOP,0.15,2026-07-18 16:17:19+05:30,AVAILABLE,VEH_021,MH15C6312,1500,21.044336,73.009415,"[{""lat"": 21.058575, ""lon"": 72.75164}, {""lat"": 22.146328, ""lon"": 75.870173}, {""lat"": 23.426002, ""lon"": 78.933717}, {""lat"": 24.546663, ""lon"": 81.977978}, {""lat"": 25.604546, ""lon"": 85.124948}]",1588.95,2026-07-19 13:11:09+05:30,2026-07-19 13:19:41+05:30,1,SHIP_1181,20.993681,72.822841,25.645961,85.076564,724,MEDIUM,2026-07-15 14:08:08+05:30,0.0
ASN_0181,54.1,f,54.0,22.255937,76.228257,2026-07-18 16:25:01+05:30,LONG_STOP,0.15,2026-07-18 16:17:19+05:30,AVAILABLE,VEH_021,MH15C6312,1500,22.245328,76.236398,"[{""lat"": 21.058575, ""lon"": 72.75164}, {""lat"": 22.146328, ""lon"": 75.870173}, {""lat"": 23.426002, ""lon"": 78.933717}, {""lat"": 24.546663, ""lon"": 81.977978}, {""lat"": 25.604546, ""lon"": 85.124948}]",1588.95,2026-07-19 13:11:09+05:30,2026-07-19 13:19:41+05:30,2,SHIP_1181,20.993681,72.822841,25.645961,85.076564,724,MEDIUM,2026-07-15 14:08:08+05:30,0.0
ASN_0181,54.1,f,41.3,22.430818,76.534216,2026-07-18 17:04:52+05:30,LONG_STOP,0.15,2026-07-18 16:17:19+05:30,AVAILABLE,VEH_021,MH15C6312,1500,22.443134,76.536057,"[{""lat"": 21.058575, ""lon"": 72.75164}, {""lat"": 22.146328, ""lon"": 75.870173}, {""lat"": 23.426002, ""lon"": 78.933717}, {""lat"": 24.546663, ""lon"": 81.977978}, {""lat"": 25.604546, ""lon"": 85.124948}]",1588.95,2026-07-19 13:11:09+05:30,2026-07-19 13:19:41+05:30,3,SHIP_1181,20.993681,72.822841,25.645961,85.076564,724,MEDIUM,2026-07-15 14:08:08+05:30,0.0
ASN_0181,54.1,f,54.7,23.427946,79.226511,2026-07-18 23:32:00+05:30,LONG_STOP,0.15,2026-07-18 16:17:19+05:30,AVAILABLE,VEH_021,MH15C6312,1500,23.441398,79.23158,"[{""lat"": 21.058575, ""lon"": 72.75164}, {""lat"": 22.146328, ""lon"": 75.870173}, {""lat"": 23.426002, ""lon"": 78.933717}, {""lat"": 24.546663, ""lon"": 81.977978}, {""lat"": 25.604546, ""lon"": 85.124948}]",1588.95,2026-07-19 13:11:09+05:30,2026-07-19 13:19:41+05:30,4,SHIP_1181,20.993681,72.822841,25.645961,85.076564,724,MEDIUM,2026-07-15 14:08:08+05:30,0.0
ASN_0031,17.2,t,64.1,23.665571,87.184223,2026-07-15 04:14:38+05:30,,,,AVAILABLE,VEH_022,MH37C6130,10200,23.6603,87.172879,"[{""lat"": 22.64955, ""lon"": 88.428042}, {""lat"": 23.571906, ""lon"": 87.245072}, {""lat"": 24.609232, ""lon"": 86.117571}, {""lat"": 25.652038, ""lon"": 85.092036}]",556.83,2026-07-15 10:21:53+05:30,2026-07-15 10:09:19+05:30,1,SHIP_1031,22.622131,88.337108,25.633997,85.066395,1473,MEDIUM,2026-07-19 16:56:59+05:30,6522.354116566667
ASN_0031,17.2,t,49.3,24.296026,86.535875,2026-07-15 06:07:03+05:30,,,,AVAILABLE,VEH_022,MH37C6130,10200,24.306159,86.542487,"[{""lat"": 22.64955, ""lon"": 88.428042}, {""lat"": 23.571906, ""lon"": 87.245072}, {""lat"": 24.609232, ""lon"": 86.117571}, {""lat"": 25.652038, ""lon"": 85.092036}]",556.83,2026-07-15 10:21:53+05:30,2026-07-15 10:09:19+05:30,2,SHIP_1031,22.622131,88.337108,25.633997,85.066395,1473,MEDIUM,2026-07-19 16:56:59+05:30,6409.94183405
ASN_0031,17.2,t,59.1,24.629642,86.137211,2026-07-15 07:10:35+05:30,,,,AVAILABLE,VEH_022,MH37C6130,10200,24.635578,86.143471,"[{""lat"": 22.64955, ""lon"": 88.428042}, {""lat"": 23.571906, ""lon"": 87.245072}, {""lat"": 24.609232, ""lon"": 86.117571}, {""lat"": 25.652038, ""lon"": 85.092036}]",556.83,2026-07-15 10:21:53+05:30,2026-07-15 10:09:19+05:30,3,SHIP_1031,22.622131,88.337108,25.633997,85.066395,1473,MEDIUM,2026-07-19 16:56:59+05:30,6346.40387295
ASN_0031,17.2,t,69.7,25.289214,85.384653,2026-07-15 09:11:39+05:30,,,,AVAILABLE,VEH_022,MH37C6130,10200,25.289993,85.388444,"[{""lat"": 22.64955, ""lon"": 88.428042}, {""lat"": 23.571906, ""lon"": 87.245072}, {""lat"": 24.609232, ""lon"": 86.117571}, {""lat"": 25.652038, ""lon"": 85.092036}]",556.83,2026-07-15 10:21:53+05:30,2026-07-15 10:09:19+05:30,4,SHIP_1031,22.622131,88.337108,25.633997,85.066395,1473,MEDIUM,2026-07-19 16:56:59+05:30,6225.337700183333
ASN_0031,17.2,t,47.6,25.467592,85.283196,2026-07-15 09:38:05+05:30,,,,AVAILABLE,VEH_022,MH37C6130,10200,25.478039,85.27475,"[{""lat"": 22.64955, ""lon"": 88.428042}, {""lat"": 23.571906, ""lon"": 87.245072}, {""lat"": 24.609232, ""lon"": 86.117571}, {""lat"": 25.652038, ""lon"": 85.092036}]",556.83,2026-07-15 10:21:53+05:30,2026-07-15 10:09:19+05:30,5,SHIP_1031,22.622131,88.337108,25.633997,85.066395,1473,MEDIUM,2026-07-19 16:56:59+05:30,6198.896310133334
ASN_0071,19.2,t,62.9,23.983248,78.137201,2026-07-15 12:37:56+05:30,,,,AVAILABLE,VEH_022,MH37C6130,10200,23.986789,78.126695,"[{""lat"": 23.392285, ""lon"": 77.549042}, {""lat"": 24.075928, ""lon"": 78.175702}, {""lat"": 24.881788, ""lon"": 78.941614}, {""lat"": 25.542481, ""lon"": 79.504274}, {""lat"": 26.406388, ""lon"": 80.307044}]",544.27,2026-07-15 19:35:29+05:30,2026-07-15 19:42:03+05:30,1,SHIP_1071,23.408363,77.548635,26.293563,80.254391,2584,LOW,2026-07-15 20:28:28+05:30,470.5438051333333
ASN_0071,19.2,t,64.3,24.557591,78.627584,2026-07-15 14:24:04+05:30,,,,AVAILABLE,VEH_022,MH37C6130,10200,24.55463,78.624392,"[{""lat"": 23.392285, ""lon"": 77.549042}, {""lat"": 24.075928, ""lon"": 78.175702}, {""lat"": 24.881788, ""lon"": 78.941614}, {""lat"": 25.542481, ""lon"": 79.504274}, {""lat"": 26.406388, ""lon"": 80.307044}]",544.27,2026-07-15 19:35:29+05:30,2026-07-15 19:42:03+05:30,2,SHIP_1071,23.408363,77.548635,26.293563,80.254391,2584,LOW,2026-07-15 20:28:28+05:30,364.3967217666667
ASN_0071,19.2,t,76.2,26.087612,80.059817,2026-07-15 19:02:54+05:30,,,,AVAILABLE,VEH_022,MH37C6130,10200,26.08533,80.049488,"[{""lat"": 23.392285, ""lon"": 77.549042}, {""lat"": 24.075928, ""lon"": 78.175702}, {""lat"": 24.881788, ""lon"": 78.941614}, {""lat"": 25.542481, ""lon"": 79.504274}, {""lat"": 26.406388, ""lon"": 80.307044}]",544.27,2026-07-15 19:35:29+05:30,2026-07-15 19:42:03+05:30,3,SHIP_1071,23.408363,77.548635,26.293563,80.254391,2584,LOW,2026-07-15 20:28:28+05:30,85.57658981666667
ASN_0111,75.5,t,57.6,17.935603,78.932643,2026-07-15 21:46:32+05:30,SPEEDING,0.68,2026-07-16 13:06:54+05:30,AVAILABLE,VEH_022,MH37C6130,10200,17.917008,78.92858,"[{""lat"": 17.375229, ""lon"": 78.492497}, {""lat"": 25.581701, ""lon"": 85.221461}]",1525.33,2026-07-16 22:05:40+05:30,2026-07-16 22:31:01+05:30,1,SHIP_1111,17.374523,78.511814,25.56345,85.210501,8271,MEDIUM,2026-07-18 21:31:52+05:30,4305.3297013500005
ASN_0111,75.5,t,63.9,18.116456,79.10627,2026-07-15 22:27:54+05:30,SPEEDING,0.68,2026-07-16 13:06:54+05:30,AVAILABLE,VEH_022,MH37C6130,10200,18.108895,79.102329,"[{""lat"": 17.375229, ""lon"": 78.492497}, {""lat"": 25.581701, ""lon"": 85.221461}]",1525.33,2026-07-16 22:05:40+05:30,2026-07-16 22:31:01+05:30,2,SHIP_1111,17.374523,78.511814,25.56345,85.210501,8271,MEDIUM,2026-07-18 21:31:52+05:30,4263.968355166667
ASN_0111,75.5,t,72.1,18.324878,79.278774,2026-07-15 23:06:39+05:30,SPEEDING,0.68,2026-07-16 13:06:54+05:30,AVAILABLE,VEH_022,MH37C6130,10200,18.319695,79.28038,"[{""lat"": 17.375229, ""lon"": 78.492497}, {""lat"": 25.581701, ""lon"": 85.221461}]",1525.33,2026-07-16 22:05:40+05:30,2026-07-16 22:31:01+05:30,3,SHIP_1111,17.374523,78.511814,25.56345,85.210501,8271,MEDIUM,2026-07-18 21:31:52+05:30,4225.2135986
ASN_0111,75.5,t,55.0,21.686692,82.050824,2026-07-16 10:03:24+05:30,SPEEDING,0.68,2026-07-16 13:06:54+05:30,AVAILABLE,VEH_022,MH37C6130,10200,21.68335,82.044757,"[{""lat"": 17.375229, ""lon"": 78.492497}, {""lat"": 25.581701, ""lon"": 85.221461}]",1525.33,2026-07-16 22:05:40+05:30,2026-07-16 22:31:01+05:30,4,SHIP_1111,17.374523,78.511814,25.56345,85.210501,8271,MEDIUM,2026-07-18 21:31:52+05:30,3568.4670894666665
ASN_0151,28.4,t,46.3,13.777662,79.597929,2026-07-17 01:27:01+05:30,GEOFENCE_BREACH,0.08,2026-07-17 12:12:11+05:30,AVAILABLE,VEH_022,MH37C6130,10200,13.774244,79.620869,"[{""lat"": 13.106693, ""lon"": 80.329836}, {""lat"": 15.079578, ""lon"": 78.385555}, {""lat"": 17.055016, ""lon"": 76.548689}, {""lat"": 19.085914, ""lon"": 74.614247}, {""lat"": 21.059306, ""lon"": 72.799521}]",1537.58,2026-07-18 01:11:24+05:30,2026-07-18 01:08:22+05:30,1,SHIP_1151,13.029076,80.304093,21.09916,72.7758,3209,MEDIUM,2026-07-18 23:17:54+05:30,2750.8844937666668
ASN_0151,28.4,t,63.1,14.776724,78.636642,2026-07-17 04:46:02+05:30,GEOFENCE_BREACH,0.08,2026-07-17 12:12:11+05:30,AVAILABLE,VEH_022,MH37C6130,10200,14.778665,78.652596,"[{""lat"": 13.106693, ""lon"": 80.329836}, {""lat"": 15.079578, ""lon"": 78.385555}, {""lat"": 17.055016, ""lon"": 76.548689}, {""lat"": 19.085914, ""lon"": 74.614247}, {""lat"": 21.059306, ""lon"": 72.799521}]",1537.58,2026-07-18 01:11:24+05:30,2026-07-18 01:08:22+05:30,2,SHIP_1151,13.029076,80.304093,21.09916,72.7758,3209,MEDIUM,2026-07-18 23:17:54+05:30,2551.864205216667
ASN_0151,28.4,t,55.5,18.231803,75.394998,2026-07-17 15:57:51+05:30,GEOFENCE_BREACH,0.08,2026-07-17 12:12:11+05:30,AVAILABLE,VEH_022,MH37C6130,10200,18.23521,75.398195,"[{""lat"": 13.106693, ""lon"": 80.329836}, {""lat"": 15.079578, ""lon"": 78.385555}, {""lat"": 17.055016, ""lon"": 76.548689}, {""lat"": 19.085914, ""lon"": 74.614247}, {""lat"": 21.059306, ""lon"": 72.799521}]",1537.58,2026-07-18 01:11:24+05:30,2026-07-18 01:08:22+05:30,3,SHIP_1151,13.029076,80.304093,21.09916,72.7758,3209,MEDIUM,2026-07-18 23:17:54+05:30,1880.0595354
ASN_0191,81.2,t,61.1,25.161414,83.925165,2026-07-18 05:07:03+05:30,,,,AVAILABLE,VEH_022,MH37C6130,10200,25.164205,83.926386,"[{""lat"": 25.587069, ""lon"": 85.14502}, {""lat"": 24.891392, ""lon"": 83.285347}, {""lat"": 24.365707, ""lon"": 81.451496}, {""lat"": 23.688151, ""lon"": 79.474478}, {""lat"": 23.015286, ""lon"": 77.444634}]",972.53,2026-07-18 22:28:46+05:30,2026-07-18 22:25:54+05:30,1,SHIP_1191,25.565248,85.1672,23.076075,77.472774,8310,LOW,2026-07-18 08:28:26+05:30,201.38031386666668
ASN_0191,81.2,t,52.3,24.689124,82.462587,2026-07-18 09:02:43+05:30,,,,AVAILABLE,VEH_022,MH37C6130,10200,24.680971,82.473512,"[{""lat"": 25.587069, ""lon"": 85.14502}, {""lat"": 24.891392, ""lon"": 83.285347}, {""lat"": 24.365707, ""lon"": 81.451496}, {""lat"": 23.688151, ""lon"": 79.474478}, {""lat"": 23.015286, ""lon"": 77.444634}]",972.53,2026-07-18 22:28:46+05:30,2026-07-18 22:25:54+05:30,2,SHIP_1191,25.565248,85.1672,23.076075,77.472774,8310,LOW,2026-07-18 08:28:26+05:30,0.0
ASN_0191,81.2,t,41.9,24.159453,80.750308,2026-07-18 13:41:48+05:30,,,,AVAILABLE,VEH_022,MH37C6130,10200,24.143554,80.745734,"[{""lat"": 25.587069, ""lon"": 85.14502}, {""lat"": 24.891392, ""lon"": 83.285347}, {""lat"": 24.365707, ""lon"": 81.451496}, {""lat"": 23.688151, ""lon"": 79.474478}, {""lat"": 23.015286, ""lon"": 77.444634}]",972.53,2026-07-18 22:28:46+05:30,2026-07-18 22:25:54+05:30,3,SHIP_1191,25.565248,85.1672,23.076075,77.472774,8310,LOW,2026-07-18 08:28:26+05:30,0.0
ASN_0191,81.2,t,44.9,24.013111,80.37744,2026-07-18 14:40:48+05:30,,,,AVAILABLE,VEH_022,MH37C6130,10200,24.009846,80.392047,"[{""lat"": 25.587069, ""lon"": 85.14502}, {""lat"": 24.891392, ""lon"": 83.285347}, {""lat"": 24.365707, ""lon"": 81.451496}, {""lat"": 23.688151, ""lon"": 79.474478}, {""lat"": 23.015286, ""lon"": 77.444634}]",972.53,2026-07-18 22:28:46+05:30,2026-07-18 22:25:54+05:30,4,SHIP_1191,25.565248,85.1672,23.076075,77.472774,8310,LOW,2026-07-18 08:28:26+05:30,0.0
ASN_0191,81.2,t,55.6,23.621633,79.221853,2026-07-18 17:47:35+05:30,,,,AVAILABLE,VEH_022,MH37C6130,10200,23.608313,79.224287,"[{""lat"": 25.587069, ""lon"": 85.14502}, {""lat"": 24.891392, ""lon"": 83.285347}, {""lat"": 24.365707, ""lon"": 81.451496}, {""lat"": 23.688151, ""lon"": 79.474478}, {""lat"": 23.015286, ""lon"": 77.444634}]",972.53,2026-07-18 22:28:46+05:30,2026-07-18 22:25:54+05:30,5,SHIP_1191,25.565248,85.1672,23.076075,77.472774,8310,LOW,2026-07-18 08:28:26+05:30,0.0
ASN_0191,81.2,t,28.6,23.576324,79.035506,2026-07-18 18:11:14+05:30,,,,AVAILABLE,VEH_022,MH37C6130,10200,23.560683,79.039276,"[{""lat"": 25.587069, ""lon"": 85.14502}, {""lat"": 24.891392, ""lon"": 83.285347}, {""lat"": 24.365707, ""lon"": 81.451496}, {""lat"": 23.688151, ""lon"": 79.474478}, {""lat"": 23.015286, ""lon"": 77.444634}]",972.53,2026-07-18 22:28:46+05:30,2026-07-18 22:25:54+05:30,6,SHIP_1191,25.565248,85.1672,23.076075,77.472774,8310,LOW,2026-07-18 08:28:26+05:30,0.0
ASN_0037,100.0,t,59.5,19.13427,72.992819,2026-07-15 05:51:33+05:30,,,,AVAILABLE,VEH_023,GJ43B6496,2500,19.133686,72.985196,"[{""lat"": 18.814112, ""lon"": 72.892173}, {""lat"": 19.486156, ""lon"": 72.967059}, {""lat"": 19.993698, ""lon"": 72.941112}, {""lat"": 20.646657, ""lon"": 73.022016}, {""lat"": 21.145529, ""lon"": 72.948766}]",311.24,2026-07-15 11:43:10+05:30,2026-07-15 11:37:00+05:30,1,SHIP_1037,18.891238,72.975056,21.190468,72.920012,4549,HIGH,2026-07-21 21:12:23+05:30,9560.83005795
ASN_0037,100.0,t,51.7,19.124865,72.967967,2026-07-15 05:54:55+05:30,,,,AVAILABLE,VEH_023,GJ43B6496,2500,19.119856,72.968152,"[{""lat"": 18.814112, ""lon"": 72.892173}, {""lat"": 19.486156, ""lon"": 72.967059}, {""lat"": 19.993698, ""lon"": 72.941112}, {""lat"": 20.646657, ""lon"": 73.022016}, {""lat"": 21.145529, ""lon"": 72.948766}]",311.24,2026-07-15 11:43:10+05:30,2026-07-15 11:37:00+05:30,2,SHIP_1037,18.891238,72.975056,21.190468,72.920012,4549,HIGH,2026-07-21 21:12:23+05:30,9557.469153316666
ASN_0037,100.0,t,70.2,19.404216,72.968967,2026-07-15 06:37:02+05:30,,,,AVAILABLE,VEH_023,GJ43B6496,2500,19.425079,72.957418,"[{""lat"": 18.814112, ""lon"": 72.892173}, {""lat"": 19.486156, ""lon"": 72.967059}, {""lat"": 19.993698, ""lon"": 72.941112}, {""lat"": 20.646657, ""lon"": 73.022016}, {""lat"": 21.145529, ""lon"": 72.948766}]",311.24,2026-07-15 11:43:10+05:30,2026-07-15 11:37:00+05:30,3,SHIP_1037,18.891238,72.975056,21.190468,72.920012,4549,HIGH,2026-07-21 21:12:23+05:30,9515.35425045
ASN_0037,100.0,t,36.3,19.822613,72.926214,2026-07-15 07:51:21+05:30,,,,AVAILABLE,VEH_023,GJ43B6496,2500,19.827677,72.916186,"[{""lat"": 18.814112, ""lon"": 72.892173}, {""lat"": 19.486156, ""lon"": 72.967059}, {""lat"": 19.993698, ""lon"": 72.941112}, {""lat"": 20.646657, ""lon"": 73.022016}, {""lat"": 21.145529, ""lon"": 72.948766}]",311.24,2026-07-15 11:43:10+05:30,2026-07-15 11:37:00+05:30,4,SHIP_1037,18.891238,72.975056,21.190468,72.920012,4549,HIGH,2026-07-21 21:12:23+05:30,9441.027470416668
ASN_0037,100.0,t,55.6,20.315025,72.934583,2026-07-15 09:14:51+05:30,,,,AVAILABLE,VEH_023,GJ43B6496,2500,20.311247,72.930784,"[{""lat"": 18.814112, ""lon"": 72.892173}, {""lat"": 19.486156, ""lon"": 72.967059}, {""lat"": 19.993698, ""lon"": 72.941112}, {""lat"": 20.646657, ""lon"": 73.022016}, {""lat"": 21.145529, ""lon"": 72.948766}]",311.24,2026-07-15 11:43:10+05:30,2026-07-15 11:37:00+05:30,5,SHIP_1037,18.891238,72.975056,21.190468,72.920012,4549,HIGH,2026-07-21 21:12:23+05:30,9357.532826699999
ASN_0037,100.0,t,52.2,20.54479,72.944567,2026-07-15 09:46:40+05:30,,,,AVAILABLE,VEH_023,GJ43B6496,2500,20.553806,72.934337,"[{""lat"": 18.814112, ""lon"": 72.892173}, {""lat"": 19.486156, ""lon"": 72.967059}, {""lat"": 19.993698, ""lon"": 72.941112}, {""lat"": 20.646657, ""lon"": 73.022016}, {""lat"": 21.145529, ""lon"": 72.948766}]",311.24,2026-07-15 11:43:10+05:30,2026-07-15 11:37:00+05:30,6,SHIP_1037,18.891238,72.975056,21.190468,72.920012,4549,HIGH,2026-07-21 21:12:23+05:30,9325.722353633335
ASN_0077,100.0,t,63.2,22.114665,75.592207,2026-07-15 13:45:19+05:30,,,,AVAILABLE,VEH_023,GJ43B6496,2500,22.095964,75.594956,"[{""lat"": 22.750194, ""lon"": 75.960516}, {""lat"": 20.083199, ""lon"": 73.940567}]",481.76,2026-07-15 19:44:48+05:30,2026-07-15 19:58:42+05:30,1,SHIP_1077,22.685945,76.019371,20.027183,73.931954,2602,HIGH,2026-07-20 04:06:42+05:30,6621.3837023999995
ASN_0077,100.0,t,57.1,22.060825,75.498827,2026-07-15 13:55:18+05:30,,,,AVAILABLE,VEH_023,GJ43B6496,2500,22.058278,75.507428,"[{""lat"": 22.750194, ""lon"": 75.960516}, {""lat"": 20.083199, ""lon"": 73.940567}]",481.76,2026-07-15 19:44:48+05:30,2026-07-15 19:58:42+05:30,2,SHIP_1077,22.685945,76.019371,20.027183,73.931954,2602,HIGH,2026-07-20 04:06:42+05:30,6611.407598250001
ASN_0077,100.0,t,77.3,22.000924,75.517944,2026-07-15 14:08:34+05:30,,,,AVAILABLE,VEH_023,GJ43B6496,2500,22.011385,75.530676,"[{""lat"": 22.750194, ""lon"": 75.960516}, {""lat"": 20.083199, ""lon"": 73.940567}]",481.76,2026-07-15 19:44:48+05:30,2026-07-15 19:58:42+05:30,3,SHIP_1077,22.685945,76.019371,20.027183,73.931954,2602,HIGH,2026-07-20 04:06:42+05:30,6598.139773683333
ASN_0077,100.0,t,69.6,20.87964,74.58471,2026-07-15 17:29:22+05:30,,,,AVAILABLE,VEH_023,GJ43B6496,2500,20.888872,74.586763,"[{""lat"": 22.750194, ""lon"": 75.960516}, {""lat"": 20.083199, ""lon"": 73.940567}]",481.76,2026-07-15 19:44:48+05:30,2026-07-15 19:58:42+05:30,4,SHIP_1077,22.685945,76.019371,20.027183,73.931954,2602,HIGH,2026-07-20 04:06:42+05:30,6397.340841033333
ASN_0117,22.0,t,48.6,20.910643,72.953808,2026-07-15 21:30:28+05:30,,,,AVAILABLE,VEH_023,GJ43B6496,2500,20.922026,72.962749,"[{""lat"": 21.199891, ""lon"": 72.817169}, {""lat"": 18.433636, ""lon"": 74.437619}, {""lat"": 15.720238, ""lon"": 75.943632}, {""lat"": 12.912227, ""lon"": 77.657756}]",1255.24,2026-07-16 17:06:45+05:30,2026-07-16 17:12:27+05:30,1,SHIP_1117,21.196492,72.783068,12.928588,77.635372,707,MEDIUM,2026-07-19 18:40:29+05:30,5590.017242666667
ASN_0117,22.0,t,55.0,18.226342,74.488012,2026-07-16 04:11:23+05:30,,,,AVAILABLE,VEH_023,GJ43B6496,2500,18.233434,74.473714,"[{""lat"": 21.199891, ""lon"": 72.817169}, {""lat"": 18.433636, ""lon"": 74.437619}, {""lat"": 15.720238, ""lon"": 75.943632}, {""lat"": 12.912227, ""lon"": 77.657756}]",1255.24,2026-07-16 17:06:45+05:30,2026-07-16 17:12:27+05:30,2,SHIP_1117,21.196492,72.783068,12.928588,77.635372,707,MEDIUM,2026-07-19 18:40:29+05:30,5189.100595733334
ASN_0117,22.0,t,70.5,17.41799,74.994804,2026-07-16 06:08:39+05:30,,,,AVAILABLE,VEH_023,GJ43B6496,2500,17.420476,74.997209,"[{""lat"": 21.199891, ""lon"": 72.817169}, {""lat"": 18.433636, ""lon"": 74.437619}, {""lat"": 15.720238, ""lon"": 75.943632}, {""lat"": 12.912227, ""lon"": 77.657756}]",1255.24,2026-07-16 17:06:45+05:30,2026-07-16 17:12:27+05:30,3,SHIP_1117,21.196492,72.783068,12.928588,77.635372,707,MEDIUM,2026-07-19 18:40:29+05:30,5071.842244533333
ASN_0117,22.0,t,60.3,17.318005,75.05332,2026-07-16 06:22:50+05:30,,,,AVAILABLE,VEH_023,GJ43B6496,2500,17.324889,75.05124,"[{""lat"": 21.199891, ""lon"": 72.817169}, {""lat"": 18.433636, ""lon"": 74.437619}, {""lat"": 15.720238, ""lon"": 75.943632}, {""lat"": 12.912227, ""lon"": 77.657756}]",1255.24,2026-07-16 17:06:45+05:30,2026-07-16 17:12:27+05:30,4,SHIP_1117,21.196492,72.783068,12.928588,77.635372,707,MEDIUM,2026-07-19 18:40:29+05:30,5057.6618954333335
ASN_0117,22.0,t,73.5,16.788012,75.34779,2026-07-16 07:45:24+05:30,,,,AVAILABLE,VEH_023,GJ43B6496,2500,16.78602,75.358624,"[{""lat"": 21.199891, ""lon"": 72.817169}, {""lat"": 18.433636, ""lon"": 74.437619}, {""lat"": 15.720238, ""lon"": 75.943632}, {""lat"": 12.912227, ""lon"": 77.657756}]",1255.24,2026-07-16 17:06:45+05:30,2026-07-16 17:12:27+05:30,5,SHIP_1117,21.196492,72.783068,12.928588,77.635372,707,MEDIUM,2026-07-19 18:40:29+05:30,4975.09202275
ASN_0117,22.0,t,76.4,16.532503,75.537155,2026-07-16 08:20:22+05:30,,,,AVAILABLE,VEH_023,GJ43B6496,2500,16.526714,75.537631,"[{""lat"": 21.199891, ""lon"": 72.817169}, {""lat"": 18.433636, ""lon"": 74.437619}, {""lat"": 15.720238, ""lon"": 75.943632}, {""lat"": 12.912227, ""lon"": 77.657756}]",1255.24,2026-07-16 17:06:45+05:30,2026-07-16 17:12:27+05:30,6,SHIP_1117,21.196492,72.783068,12.928588,77.635372,707,MEDIUM,2026-07-19 18:40:29+05:30,4940.130406733334
ASN_0117,22.0,t,45.7,13.459574,77.324886,2026-07-16 15:53:26+05:30,,,,AVAILABLE,VEH_023,GJ43B6496,2500,13.457564,77.322105,"[{""lat"": 21.199891, ""lon"": 72.817169}, {""lat"": 18.433636, ""lon"": 74.437619}, {""lat"": 15.720238, ""lon"": 75.943632}, {""lat"": 12.912227, ""lon"": 77.657756}]",1255.24,2026-07-16 17:06:45+05:30,2026-07-16 17:12:27+05:30,7,SHIP_1117,21.196492,72.783068,12.928588,77.635372,707,MEDIUM,2026-07-19 18:40:29+05:30,4487.054410683334
ASN_0157,28.7,f,51.0,17.612005,78.927054,2026-07-16 19:43:58+05:30,,,,AVAILABLE,VEH_023,GJ43B6496,2500,17.599337,78.918526,"[{""lat"": 17.384573, ""lon"": 78.35471}, {""lat"": 19.033158, ""lon"": 81.736459}, {""lat"": 20.807714, ""lon"": 85.058313}, {""lat"": 22.65469, ""lon"": 88.355257}]",1408.25,2026-07-17 22:02:29+05:30,2026-07-17 22:26:46+05:30,1,SHIP_1157,17.293114,78.399504,22.691071,88.373436,858,MEDIUM,2026-07-16 23:52:55+05:30,248.95601851666666
ASN_0157,28.7,f,43.8,17.766875,79.216492,2026-07-16 20:30:35+05:30,,,,AVAILABLE,VEH_023,GJ43B6496,2500,17.760966,79.213047,"[{""lat"": 17.384573, ""lon"": 78.35471}, {""lat"": 19.033158, ""lon"": 81.736459}, {""lat"": 20.807714, ""lon"": 85.058313}, {""lat"": 22.65469, ""lon"": 88.355257}]",1408.25,2026-07-17 22:02:29+05:30,2026-07-17 22:26:46+05:30,2,SHIP_1157,17.293114,78.399504,22.691071,88.373436,858,MEDIUM,2026-07-16 23:52:55+05:30,202.3316402
ASN_0157,28.7,f,37.9,17.922406,79.486935,2026-07-16 21:18:42+05:30,,,,AVAILABLE,VEH_023,GJ43B6496,2500,17.927763,79.470804,"[{""lat"": 17.384573, ""lon"": 78.35471}, {""lat"": 19.033158, ""lon"": 81.736459}, {""lat"": 20.807714, ""lon"": 85.058313}, {""lat"": 22.65469, ""lon"": 88.355257}]",1408.25,2026-07-17 22:02:29+05:30,2026-07-17 22:26:46+05:30,3,SHIP_1157,17.293114,78.399504,22.691071,88.373436,858,MEDIUM,2026-07-16 23:52:55+05:30,154.2169392
ASN_0197,100.0,t,50.6,22.52205,73.529007,2026-07-17 23:55:10+05:30,,,,AVAILABLE,VEH_023,GJ43B6496,2500,22.518937,73.524875,"[{""lat"": 22.307031, ""lon"": 73.135607}, {""lat"": 23.369888, ""lon"": 74.990122}, {""lat"": 24.421729, ""lon"": 76.664637}, {""lat"": 25.348724, ""lon"": 78.490801}, {""lat"": 26.306019, ""lon"": 80.198656}]",1136.34,2026-07-18 19:53:27+05:30,2026-07-18 19:44:13+05:30,1,SHIP_1197,22.354281,73.166788,26.397883,80.222554,5960,MEDIUM,2026-07-17 19:23:16+05:30,0.0
ASN_0197,100.0,t,64.9,23.082321,74.441817,2026-07-18 02:44:04+05:30,,,,AVAILABLE,VEH_023,GJ43B6496,2500,23.083739,74.440137,"[{""lat"": 22.307031, ""lon"": 73.135607}, {""lat"": 23.369888, ""lon"": 74.990122}, {""lat"": 24.421729, ""lon"": 76.664637}, {""lat"": 25.348724, ""lon"": 78.490801}, {""lat"": 26.306019, ""lon"": 80.198656}]",1136.34,2026-07-18 19:53:27+05:30,2026-07-18 19:44:13+05:30,2,SHIP_1197,22.354281,73.166788,26.397883,80.222554,5960,MEDIUM,2026-07-17 19:23:16+05:30,0.0
ASN_0197,100.0,t,59.8,24.012649,76.01307,2026-07-18 07:21:25+05:30,,,,AVAILABLE,VEH_023,GJ43B6496,2500,24.012241,76.003659,"[{""lat"": 22.307031, ""lon"": 73.135607}, {""lat"": 23.369888, ""lon"": 74.990122}, {""lat"": 24.421729, ""lon"": 76.664637}, {""lat"": 25.348724, ""lon"": 78.490801}, {""lat"": 26.306019, ""lon"": 80.198656}]",1136.34,2026-07-18 19:53:27+05:30,2026-07-18 19:44:13+05:30,3,SHIP_1197,22.354281,73.166788,26.397883,80.222554,5960,MEDIUM,2026-07-17 19:23:16+05:30,0.0
ASN_0197,100.0,t,59.9,24.106444,76.169472,2026-07-18 07:51:52+05:30,,,,AVAILABLE,VEH_023,GJ43B6496,2500,24.097058,76.172832,"[{""lat"": 22.307031, ""lon"": 73.135607}, {""lat"": 23.369888, ""lon"": 74.990122}, {""lat"": 24.421729, ""lon"": 76.664637}, {""lat"": 25.348724, ""lon"": 78.490801}, {""lat"": 26.306019, ""lon"": 80.198656}]",1136.34,2026-07-18 19:53:27+05:30,2026-07-18 19:44:13+05:30,4,SHIP_1197,22.354281,73.166788,26.397883,80.222554,5960,MEDIUM,2026-07-17 19:23:16+05:30,0.0
ASN_0197,100.0,t,47.5,24.73547,77.28646,2026-07-18 11:02:30+05:30,,,,AVAILABLE,VEH_023,GJ43B6496,2500,24.734485,77.282127,"[{""lat"": 22.307031, ""lon"": 73.135607}, {""lat"": 23.369888, ""lon"": 74.990122}, {""lat"": 24.421729, ""lon"": 76.664637}, {""lat"": 25.348724, ""lon"": 78.490801}, {""lat"": 26.306019, ""lon"": 80.198656}]",1136.34,2026-07-18 19:53:27+05:30,2026-07-18 19:44:13+05:30,5,SHIP_1197,22.354281,73.166788,26.397883,80.222554,5960,MEDIUM,2026-07-17 19:23:16+05:30,0.0
ASN_0197,100.0,t,53.9,24.797755,77.450034,2026-07-18 11:37:19+05:30,,,,AVAILABLE,VEH_023,GJ43B6496,2500,24.802305,77.431905,"[{""lat"": 22.307031, ""lon"": 73.135607}, {""lat"": 23.369888, ""lon"": 74.990122}, {""lat"": 24.421729, ""lon"": 76.664637}, {""lat"": 25.348724, ""lon"": 78.490801}, {""lat"": 26.306019, ""lon"": 80.198656}]",1136.34,2026-07-18 19:53:27+05:30,2026-07-18 19:44:13+05:30,6,SHIP_1197,22.354281,73.166788,26.397883,80.222554,5960,MEDIUM,2026-07-17 19:23:16+05:30,0.0
ASN_0197,100.0,t,54.5,25.942005,79.440656,2026-07-18 17:24:15+05:30,,,,AVAILABLE,VEH_023,GJ43B6496,2500,25.931347,79.450051,"[{""lat"": 22.307031, ""lon"": 73.135607}, {""lat"": 23.369888, ""lon"": 74.990122}, {""lat"": 24.421729, ""lon"": 76.664637}, {""lat"": 25.348724, ""lon"": 78.490801}, {""lat"": 26.306019, ""lon"": 80.198656}]",1136.34,2026-07-18 19:53:27+05:30,2026-07-18 19:44:13+05:30,7,SHIP_1197,22.354281,73.166788,26.397883,80.222554,5960,MEDIUM,2026-07-17 19:23:16+05:30,0.0
ASN_0019,20.6,t,50.9,21.554785,75.383718,2026-07-15 05:49:08+05:30,,,,ON_DUTY,VEH_024,MH19G5212,10200,21.552854,75.383477,"[{""lat"": 20.037697, ""lon"": 73.716487}, {""lat"": 26.673535, ""lon"": 80.97302}]",1293.1,2026-07-16 01:24:37+05:30,2026-07-16 00:47:00+05:30,1,SHIP_1019,20.026475,73.709592,26.715543,80.992654,2510,MEDIUM,2026-07-15 12:30:40+05:30,401.52967809999996
ASN_0019,20.6,t,56.3,24.415162,78.462568,2026-07-15 16:24:48+05:30,,,,ON_DUTY,VEH_024,MH19G5212,10200,24.428191,78.447724,"[{""lat"": 20.037697, ""lon"": 73.716487}, {""lat"": 26.673535, ""lon"": 80.97302}]",1293.1,2026-07-16 01:24:37+05:30,2026-07-16 00:47:00+05:30,2,SHIP_1019,20.026475,73.709592,26.715543,80.992654,2510,MEDIUM,2026-07-15 12:30:40+05:30,0.0
ASN_0019,20.6,t,59.6,24.733597,78.854994,2026-07-15 17:32:22+05:30,,,,ON_DUTY,VEH_024,MH19G5212,10200,24.739012,78.866585,"[{""lat"": 20.037697, ""lon"": 73.716487}, {""lat"": 26.673535, ""lon"": 80.97302}]",1293.1,2026-07-16 01:24:37+05:30,2026-07-16 00:47:00+05:30,3,SHIP_1019,20.026475,73.709592,26.715543,80.992654,2510,MEDIUM,2026-07-15 12:30:40+05:30,0.0
ASN_0059,27.1,t,41.1,20.631417,74.340873,2026-07-16 02:49:54+05:30,,,,ON_DUTY,VEH_024,MH19G5212,10200,20.627919,74.352441,"[{""lat"": 20.092684, ""lon"": 74.000645}, {""lat"": 20.721599, ""lon"": 74.48329}, {""lat"": 21.367674, ""lon"": 74.932165}, {""lat"": 21.969851, ""lon"": 75.343515}, {""lat"": 22.812624, ""lon"": 75.851002}]",461.5,2026-07-16 09:24:49+05:30,2026-07-16 09:15:28+05:30,1,SHIP_1059,20.066932,73.957498,22.781433,75.877984,2984,MEDIUM,2026-07-19 01:21:09+05:30,4231.250998699999
ASN_0059,27.1,t,61.4,21.235723,74.767705,2026-07-16 04:39:56+05:30,,,,ON_DUTY,VEH_024,MH19G5212,10200,21.235866,74.772672,"[{""lat"": 20.092684, ""lon"": 74.000645}, {""lat"": 20.721599, ""lon"": 74.48329}, {""lat"": 21.367674, ""lon"": 74.932165}, {""lat"": 21.969851, ""lon"": 75.343515}, {""lat"": 22.812624, ""lon"": 75.851002}]",461.5,2026-07-16 09:24:49+05:30,2026-07-16 09:15:28+05:30,2,SHIP_1059,20.066932,73.957498,22.781433,75.877984,2984,MEDIUM,2026-07-19 01:21:09+05:30,4121.224607066667
ASN_0059,27.1,t,62.0,21.418286,74.917383,2026-07-16 05:19:46+05:30,,,,ON_DUTY,VEH_024,MH19G5212,10200,21.41511,74.919825,"[{""lat"": 20.092684, ""lon"": 74.000645}, {""lat"": 20.721599, ""lon"": 74.48329}, {""lat"": 21.367674, ""lon"": 74.932165}, {""lat"": 21.969851, ""lon"": 75.343515}, {""lat"": 22.812624, ""lon"": 75.851002}]",461.5,2026-07-16 09:24:49+05:30,2026-07-16 09:15:28+05:30,3,SHIP_1059,20.066932,73.957498,22.781433,75.877984,2984,MEDIUM,2026-07-19 01:21:09+05:30,4081.39575615
ASN_0059,27.1,t,57.8,22.369847,75.553001,2026-07-16 07:56:06+05:30,,,,ON_DUTY,VEH_024,MH19G5212,10200,22.363402,75.545893,"[{""lat"": 20.092684, ""lon"": 74.000645}, {""lat"": 20.721599, ""lon"": 74.48329}, {""lat"": 21.367674, ""lon"": 74.932165}, {""lat"": 21.969851, ""lon"": 75.343515}, {""lat"": 22.812624, ""lon"": 75.851002}]",461.5,2026-07-16 09:24:49+05:30,2026-07-16 09:15:28+05:30,4,SHIP_1059,20.066932,73.957498,22.781433,75.877984,2984,MEDIUM,2026-07-19 01:21:09+05:30,3925.0617255666666
ASN_0059,27.1,t,34.9,22.515568,75.661929,2026-07-16 08:28:58+05:30,,,,ON_DUTY,VEH_024,MH19G5212,10200,22.527919,75.65992,"[{""lat"": 20.092684, ""lon"": 74.000645}, {""lat"": 20.721599, ""lon"": 74.48329}, {""lat"": 21.367674, ""lon"": 74.932165}, {""lat"": 21.969851, ""lon"": 75.343515}, {""lat"": 22.812624, ""lon"": 75.851002}]",461.5,2026-07-16 09:24:49+05:30,2026-07-16 09:15:28+05:30,5,SHIP_1059,20.066932,73.957498,22.781433,75.877984,2984,MEDIUM,2026-07-19 01:21:09+05:30,3892.18913285
ASN_0099,78.2,t,58.0,13.881169,75.482724,2026-07-16 17:42:59+05:30,,,,ON_DUTY,VEH_024,MH19G5212,10200,13.874173,75.47306,"[{""lat"": 11.234201, ""lon"": 76.823938}, {""lat"": 15.189224, ""lon"": 74.823734}, {""lat"": 19.071222, ""lon"": 72.984462}]",1205.33,2026-07-17 08:41:31+05:30,2026-07-17 08:42:21+05:30,1,SHIP_1099,11.204083,76.887716,19.066257,72.864556,7551,MEDIUM,2026-07-21 10:47:48+05:30,6784.8305350166665
ASN_0099,78.2,t,48.2,13.898588,75.49773,2026-07-16 17:44:28+05:30,,,,ON_DUTY,VEH_024,MH19G5212,10200,13.899067,75.49491,"[{""lat"": 11.234201, ""lon"": 76.823938}, {""lat"": 15.189224, ""lon"": 74.823734}, {""lat"": 19.071222, ""lon"": 72.984462}]",1205.33,2026-07-17 08:41:31+05:30,2026-07-17 08:42:21+05:30,2,SHIP_1099,11.204083,76.887716,19.066257,72.864556,7551,MEDIUM,2026-07-21 10:47:48+05:30,6783.342785433333
ASN_0099,78.2,t,32.6,14.252873,75.334618,2026-07-16 18:36:13+05:30,,,,ON_DUTY,VEH_024,MH19G5212,10200,14.253026,75.333659,"[{""lat"": 11.234201, ""lon"": 76.823938}, {""lat"": 15.189224, ""lon"": 74.823734}, {""lat"": 19.071222, ""lon"": 72.984462}]",1205.33,2026-07-17 08:41:31+05:30,2026-07-17 08:42:21+05:30,3,SHIP_1099,11.204083,76.887716,19.066257,72.864556,7551,MEDIUM,2026-07-21 10:47:48+05:30,6731.5905505166675
ASN_0099,78.2,t,62.8,16.686547,74.04954,2026-07-17 01:46:47+05:30,,,,ON_DUTY,VEH_024,MH19G5212,10200,16.68526,74.048141,"[{""lat"": 11.234201, ""lon"": 76.823938}, {""lat"": 15.189224, ""lon"": 74.823734}, {""lat"": 19.071222, ""lon"": 72.984462}]",1205.33,2026-07-17 08:41:31+05:30,2026-07-17 08:42:21+05:30,4,SHIP_1099,11.204083,76.887716,19.066257,72.864556,7551,MEDIUM,2026-07-21 10:47:48+05:30,6301.0224942
ASN_0099,78.2,t,51.1,16.981602,73.921765,2026-07-17 02:44:12+05:30,,,,ON_DUTY,VEH_024,MH19G5212,10200,16.993796,73.916733,"[{""lat"": 11.234201, ""lon"": 76.823938}, {""lat"": 15.189224, ""lon"": 74.823734}, {""lat"": 19.071222, ""lon"": 72.984462}]",1205.33,2026-07-17 08:41:31+05:30,2026-07-17 08:42:21+05:30,5,SHIP_1099,11.204083,76.887716,19.066257,72.864556,7551,MEDIUM,2026-07-21 10:47:48+05:30,6243.599579899999
ASN_0099,78.2,t,42.9,17.197112,73.808235,2026-07-17 03:20:38+05:30,,,,ON_DUTY,VEH_024,MH19G5212,10200,17.20018,73.796707,"[{""lat"": 11.234201, ""lon"": 76.823938}, {""lat"": 15.189224, ""lon"": 74.823734}, {""lat"": 19.071222, ""lon"": 72.984462}]",1205.33,2026-07-17 08:41:31+05:30,2026-07-17 08:42:21+05:30,6,SHIP_1099,11.204083,76.887716,19.066257,72.864556,7551,MEDIUM,2026-07-21 10:47:48+05:30,6207.168341366666
ASN_0099,78.2,t,51.4,18.280977,73.257729,2026-07-17 06:26:03+05:30,,,,ON_DUTY,VEH_024,MH19G5212,10200,18.274991,73.248857,"[{""lat"": 11.234201, ""lon"": 76.823938}, {""lat"": 15.189224, ""lon"": 74.823734}, {""lat"": 19.071222, ""lon"": 72.984462}]",1205.33,2026-07-17 08:41:31+05:30,2026-07-17 08:42:21+05:30,7,SHIP_1099,11.204083,76.887716,19.066257,72.864556,7551,MEDIUM,2026-07-21 10:47:48+05:30,6021.747894983333
ASN_0139,13.4,t,34.3,22.347447,73.262696,2026-07-17 09:26:37+05:30,,,,ON_DUTY,VEH_024,MH19G5212,10200,22.347681,73.239641,"[{""lat"": 22.321671, ""lon"": 73.292393}, {""lat"": 22.560406, ""lon"": 74.291594}, {""lat"": 22.788788, ""lon"": 75.277342}, {""lat"": 22.922923, ""lon"": 76.37702}, {""lat"": 23.259802, ""lon"": 77.402833}]",531.54,2026-07-17 18:24:39+05:30,2026-07-17 18:18:07+05:30,1,SHIP_1139,22.329576,73.229782,23.213541,77.380251,1522,MEDIUM,2026-07-16 03:52:46+05:30,0.0
ASN_0139,13.4,t,64.2,22.654698,74.604042,2026-07-17 12:17:29+05:30,,,,ON_DUTY,VEH_024,MH19G5212,10200,22.647331,74.592208,"[{""lat"": 22.321671, ""lon"": 73.292393}, {""lat"": 22.560406, ""lon"": 74.291594}, {""lat"": 22.788788, ""lon"": 75.277342}, {""lat"": 22.922923, ""lon"": 76.37702}, {""lat"": 23.259802, ""lon"": 77.402833}]",531.54,2026-07-17 18:24:39+05:30,2026-07-17 18:18:07+05:30,2,SHIP_1139,22.329576,73.229782,23.213541,77.380251,1522,MEDIUM,2026-07-16 03:52:46+05:30,0.0
ASN_0139,13.4,t,50.3,22.662464,74.819451,2026-07-17 12:47:05+05:30,,,,ON_DUTY,VEH_024,MH19G5212,10200,22.663041,74.825121,"[{""lat"": 22.321671, ""lon"": 73.292393}, {""lat"": 22.560406, ""lon"": 74.291594}, {""lat"": 22.788788, ""lon"": 75.277342}, {""lat"": 22.922923, ""lon"": 76.37702}, {""lat"": 23.259802, ""lon"": 77.402833}]",531.54,2026-07-17 18:24:39+05:30,2026-07-17 18:18:07+05:30,3,SHIP_1139,22.329576,73.229782,23.213541,77.380251,1522,MEDIUM,2026-07-16 03:52:46+05:30,0.0
ASN_0139,13.4,t,36.9,22.794644,75.346177,2026-07-17 13:57:51+05:30,,,,ON_DUTY,VEH_024,MH19G5212,10200,22.793743,75.338911,"[{""lat"": 22.321671, ""lon"": 73.292393}, {""lat"": 22.560406, ""lon"": 74.291594}, {""lat"": 22.788788, ""lon"": 75.277342}, {""lat"": 22.922923, ""lon"": 76.37702}, {""lat"": 23.259802, ""lon"": 77.402833}]",531.54,2026-07-17 18:24:39+05:30,2026-07-17 18:18:07+05:30,4,SHIP_1139,22.329576,73.229782,23.213541,77.380251,1522,MEDIUM,2026-07-16 03:52:46+05:30,0.0
ASN_0139,13.4,t,73.5,22.795613,75.416042,2026-07-17 14:00:13+05:30,,,,ON_DUTY,VEH_024,MH19G5212,10200,22.79745,75.425777,"[{""lat"": 22.321671, ""lon"": 73.292393}, {""lat"": 22.560406, ""lon"": 74.291594}, {""lat"": 22.788788, ""lon"": 75.277342}, {""lat"": 22.922923, ""lon"": 76.37702}, {""lat"": 23.259802, ""lon"": 77.402833}]",531.54,2026-07-17 18:24:39+05:30,2026-07-17 18:18:07+05:30,5,SHIP_1139,22.329576,73.229782,23.213541,77.380251,1522,MEDIUM,2026-07-16 03:52:46+05:30,0.0
ASN_0139,13.4,t,60.4,22.86578,75.606834,2026-07-17 14:28:51+05:30,,,,ON_DUTY,VEH_024,MH19G5212,10200,22.873063,75.605606,"[{""lat"": 22.321671, ""lon"": 73.292393}, {""lat"": 22.560406, ""lon"": 74.291594}, {""lat"": 22.788788, ""lon"": 75.277342}, {""lat"": 22.922923, ""lon"": 76.37702}, {""lat"": 23.259802, ""lon"": 77.402833}]",531.54,2026-07-17 18:24:39+05:30,2026-07-17 18:18:07+05:30,6,SHIP_1139,22.329576,73.229782,23.213541,77.380251,1522,MEDIUM,2026-07-16 03:52:46+05:30,0.0
ASN_0179,75.3,t,58.5,17.611045,77.898486,2026-07-17 20:27:32+05:30,GEOFENCE_BREACH,0.38,2026-07-17 23:39:12+05:30,ON_DUTY,VEH_024,MH19G5212,10200,17.614816,77.904521,"[{""lat"": 17.375528, ""lon"": 78.650895}, {""lat"": 18.042778, ""lon"": 76.616492}, {""lat"": 18.629866, ""lon"": 74.751471}, {""lat"": 19.23706, ""lon"": 72.890221}]",848.17,2026-07-18 10:33:17+05:30,2026-07-18 10:21:01+05:30,1,SHIP_1179,17.395749,78.585071,19.175613,72.869742,7976,MEDIUM,2026-07-16 04:04:06+05:30,0.0
ASN_0179,75.3,t,50.4,17.63295,77.841123,2026-07-17 20:50:21+05:30,GEOFENCE_BREACH,0.38,2026-07-17 23:39:12+05:30,ON_DUTY,VEH_024,MH19G5212,10200,17.633711,77.833263,"[{""lat"": 17.375528, ""lon"": 78.650895}, {""lat"": 18.042778, ""lon"": 76.616492}, {""lat"": 18.629866, ""lon"": 74.751471}, {""lat"": 19.23706, ""lon"": 72.890221}]",848.17,2026-07-18 10:33:17+05:30,2026-07-18 10:21:01+05:30,2,SHIP_1179,17.395749,78.585071,19.175613,72.869742,7976,MEDIUM,2026-07-16 04:04:06+05:30,0.0
ASN_0179,75.3,t,62.1,18.5682,74.893144,2026-07-18 04:45:35+05:30,GEOFENCE_BREACH,0.38,2026-07-17 23:39:12+05:30,ON_DUTY,VEH_024,MH19G5212,10200,18.558572,74.895469,"[{""lat"": 17.375528, ""lon"": 78.650895}, {""lat"": 18.042778, ""lon"": 76.616492}, {""lat"": 18.629866, ""lon"": 74.751471}, {""lat"": 19.23706, ""lon"": 72.890221}]",848.17,2026-07-18 10:33:17+05:30,2026-07-18 10:21:01+05:30,3,SHIP_1179,17.395749,78.585071,19.175613,72.869742,7976,MEDIUM,2026-07-16 04:04:06+05:30,0.0
ASN_0179,75.3,t,49.9,18.551097,74.864974,2026-07-18 04:54:39+05:30,GEOFENCE_BREACH,0.38,2026-07-17 23:39:12+05:30,ON_DUTY,VEH_024,MH19G5212,10200,18.542296,74.868683,"[{""lat"": 17.375528, ""lon"": 78.650895}, {""lat"": 18.042778, ""lon"": 76.616492}, {""lat"": 18.629866, ""lon"": 74.751471}, {""lat"": 19.23706, ""lon"": 72.890221}]",848.17,2026-07-18 10:33:17+05:30,2026-07-18 10:21:01+05:30,4,SHIP_1179,17.395749,78.585071,19.175613,72.869742,7976,MEDIUM,2026-07-16 04:04:06+05:30,0.0
ASN_0001,100.0,f,62.7,15.250602,79.224573,2026-07-15 06:10:48+05:30,,,,ON_DUTY,VEH_025,MH68G3861,1500,15.255633,79.227024,"[{""lat"": 13.071219, ""lon"": 80.20195}, {""lat"": 17.315418, ""lon"": 78.309608}]",590.7,2026-07-15 11:30:11+05:30,2026-07-15 10:57:11+05:30,1,SHIP_1001,13.117322,80.192989,17.288029,78.339864,2631,MEDIUM,2026-07-19 06:42:09+05:30,5791.358206966667
ASN_0001,100.0,f,52.7,16.066017,78.887668,2026-07-15 08:00:12+05:30,,,,ON_DUTY,VEH_025,MH68G3861,1500,16.061983,78.905354,"[{""lat"": 13.071219, ""lon"": 80.20195}, {""lat"": 17.315418, ""lon"": 78.309608}]",590.7,2026-07-15 11:30:11+05:30,2026-07-15 10:57:11+05:30,2,SHIP_1001,13.117322,80.192989,17.288029,78.339864,2631,MEDIUM,2026-07-19 06:42:09+05:30,5681.961025516666
ASN_0001,100.0,f,60.6,16.066783,78.869629,2026-07-15 08:09:33+05:30,,,,ON_DUTY,VEH_025,MH68G3861,1500,16.067018,78.891346,"[{""lat"": 13.071219, ""lon"": 80.20195}, {""lat"": 17.315418, ""lon"": 78.309608}]",590.7,2026-07-15 11:30:11+05:30,2026-07-15 10:57:11+05:30,3,SHIP_1001,13.117322,80.192989,17.288029,78.339864,2631,MEDIUM,2026-07-19 06:42:09+05:30,5672.608776683333
ASN_0001,100.0,f,47.9,16.940596,78.517684,2026-07-15 10:04:51+05:30,,,,ON_DUTY,VEH_025,MH68G3861,1500,16.94499,78.513874,"[{""lat"": 13.071219, ""lon"": 80.20195}, {""lat"": 17.315418, ""lon"": 78.309608}]",590.7,2026-07-15 11:30:11+05:30,2026-07-15 10:57:11+05:30,4,SHIP_1001,13.117322,80.192989,17.288029,78.339864,2631,MEDIUM,2026-07-19 06:42:09+05:30,5557.304456883333
ASN_0041,100.0,t,52.6,22.978856,73.857978,2026-07-15 14:47:48+05:30,,,,ON_DUTY,VEH_025,MH68G3861,1500,22.983718,73.845466,"[{""lat"": 23.026998, ""lon"": 72.47366}, {""lat"": 22.599379, ""lon"": 88.420939}]",2117.08,2026-07-17 03:36:34+05:30,2026-07-17 03:46:49+05:30,1,SHIP_1041,23.01801,72.56589,22.549302,88.371257,2948,HIGH,2026-07-18 03:26:32+05:30,3638.7291945499996
ASN_0041,100.0,t,57.7,22.90358,76.99222,2026-07-15 22:45:20+05:30,,,,ON_DUTY,VEH_025,MH68G3861,1500,22.905469,76.987818,"[{""lat"": 23.026998, ""lon"": 72.47366}, {""lat"": 22.599379, ""lon"": 88.420939}]",2117.08,2026-07-17 03:36:34+05:30,2026-07-17 03:46:49+05:30,2,SHIP_1041,23.01801,72.56589,22.549302,88.371257,2948,HIGH,2026-07-18 03:26:32+05:30,3161.189370883333
ASN_0041,100.0,t,46.0,22.864718,77.363691,2026-07-15 23:45:32+05:30,,,,ON_DUTY,VEH_025,MH68G3861,1500,22.857377,77.379026,"[{""lat"": 23.026998, ""lon"": 72.47366}, {""lat"": 22.599379, ""lon"": 88.420939}]",2117.08,2026-07-17 03:36:34+05:30,2026-07-17 03:46:49+05:30,3,SHIP_1041,23.01801,72.56589,22.549302,88.371257,2948,HIGH,2026-07-18 03:26:32+05:30,3100.9953939166667
ASN_0041,100.0,t,60.1,22.785501,81.019003,2026-07-16 09:04:30+05:30,,,,ON_DUTY,VEH_025,MH68G3861,1500,22.787504,81.015354,"[{""lat"": 23.026998, ""lon"": 72.47366}, {""lat"": 22.599379, ""lon"": 88.420939}]",2117.08,2026-07-17 03:36:34+05:30,2026-07-17 03:46:49+05:30,4,SHIP_1041,23.01801,72.56589,22.549302,88.371257,2948,HIGH,2026-07-18 03:26:32+05:30,2542.02109425
ASN_0041,100.0,t,47.3,22.773355,81.117929,2026-07-16 09:13:26+05:30,,,,ON_DUTY,VEH_025,MH68G3861,1500,22.770709,81.119418,"[{""lat"": 23.026998, ""lon"": 72.47366}, {""lat"": 22.599379, ""lon"": 88.420939}]",2117.08,2026-07-17 03:36:34+05:30,2026-07-17 03:46:49+05:30,5,SHIP_1041,23.01801,72.56589,22.549302,88.371257,2948,HIGH,2026-07-18 03:26:32+05:30,2533.0874712333334
ASN_0041,100.0,t,51.9,22.734011,81.518897,2026-07-16 10:16:36+05:30,,,,ON_DUTY,VEH_025,MH68G3861,1500,22.727582,81.510957,"[{""lat"": 23.026998, ""lon"": 72.47366}, {""lat"": 22.599379, ""lon"": 88.420939}]",2117.08,2026-07-17 03:36:34+05:30,2026-07-17 03:46:49+05:30,6,SHIP_1041,23.01801,72.56589,22.549302,88.371257,2948,HIGH,2026-07-18 03:26:32+05:30,2469.92381635
ASN_0081,100.0,t,48.7,26.492051,80.3425,2026-07-17 04:32:57+05:30,,,,ON_DUTY,VEH_025,MH68G3861,1500,26.489979,80.341192,"[{""lat"": 26.501372, ""lon"": 80.360625}, {""lat"": 26.554069, ""lon"": 80.528064}, {""lat"": 26.691083, ""lon"": 80.722163}, {""lat"": 26.935554, ""lon"": 81.03549}]",95.14,2026-07-17 06:26:22+05:30,2026-07-17 06:11:52+05:30,1,SHIP_1081,26.47383,80.306321,26.841915,80.991702,4865,LOW,2026-07-21 02:45:45+05:30,5652.8033973
ASN_0081,100.0,t,48.4,26.579107,80.463478,2026-07-17 04:55:27+05:30,,,,ON_DUTY,VEH_025,MH68G3861,1500,26.577971,80.458922,"[{""lat"": 26.501372, ""lon"": 80.360625}, {""lat"": 26.554069, ""lon"": 80.528064}, {""lat"": 26.691083, ""lon"": 80.722163}, {""lat"": 26.935554, ""lon"": 81.03549}]",95.14,2026-07-17 06:26:22+05:30,2026-07-17 06:11:52+05:30,2,SHIP_1081,26.47383,80.306321,26.841915,80.991702,4865,LOW,2026-07-21 02:45:45+05:30,5630.3088699499995
ASN_0081,100.0,t,45.0,26.629005,80.545534,2026-07-17 05:08:16+05:30,,,,ON_DUTY,VEH_025,MH68G3861,1500,26.621031,80.550617,"[{""lat"": 26.501372, ""lon"": 80.360625}, {""lat"": 26.554069, ""lon"": 80.528064}, {""lat"": 26.691083, ""lon"": 80.722163}, {""lat"": 26.935554, ""lon"": 81.03549}]",95.14,2026-07-17 06:26:22+05:30,2026-07-17 06:11:52+05:30,3,SHIP_1081,26.47383,80.306321,26.841915,80.991702,4865,LOW,2026-07-21 02:45:45+05:30,5617.48831
ASN_0081,100.0,t,52.0,26.628555,80.611637,2026-07-17 05:14:27+05:30,,,,ON_DUTY,VEH_025,MH68G3861,1500,26.613625,80.615853,"[{""lat"": 26.501372, ""lon"": 80.360625}, {""lat"": 26.554069, ""lon"": 80.528064}, {""lat"": 26.691083, ""lon"": 80.722163}, {""lat"": 26.935554, ""lon"": 81.03549}]",95.14,2026-07-17 06:26:22+05:30,2026-07-17 06:11:52+05:30,4,SHIP_1081,26.47383,80.306321,26.841915,80.991702,4865,LOW,2026-07-21 02:45:45+05:30,5611.298689166667
ASN_0081,100.0,t,47.4,26.746979,80.83621,2026-07-17 05:49:09+05:30,,,,ON_DUTY,VEH_025,MH68G3861,1500,26.754525,80.843099,"[{""lat"": 26.501372, ""lon"": 80.360625}, {""lat"": 26.554069, ""lon"": 80.528064}, {""lat"": 26.691083, ""lon"": 80.722163}, {""lat"": 26.935554, ""lon"": 81.03549}]",95.14,2026-07-17 06:26:22+05:30,2026-07-17 06:11:52+05:30,5,SHIP_1081,26.47383,80.306321,26.841915,80.991702,4865,LOW,2026-07-21 02:45:45+05:30,5576.5979757000005
ASN_0121,100.0,t,79.2,21.125167,73.087499,2026-07-17 07:36:46+05:30,,,,ON_DUTY,VEH_025,MH68G3861,1500,21.126946,73.076261,"[{""lat"": 21.11355, ""lon"": 72.819133}, {""lat"": 21.881522, ""lon"": 80.614614}, {""lat"": 22.641306, ""lon"": 88.324598}]",1888.34,2026-07-18 14:11:16+05:30,2026-07-18 14:02:48+05:30,1,SHIP_1121,21.097644,72.846063,22.639788,88.359291,4603,LOW,2026-07-19 21:39:54+05:30,3723.1271859
ASN_0121,100.0,t,65.9,21.221352,73.925983,2026-07-17 09:14:52+05:30,,,,ON_DUTY,VEH_025,MH68G3861,1500,21.221554,73.914964,"[{""lat"": 21.11355, ""lon"": 72.819133}, {""lat"": 21.881522, ""lon"": 80.614614}, {""lat"": 22.641306, ""lon"": 88.324598}]",1888.34,2026-07-18 14:11:16+05:30,2026-07-18 14:02:48+05:30,2,SHIP_1121,21.097644,72.846063,22.639788,88.359291,4603,LOW,2026-07-19 21:39:54+05:30,3625.02692835
ASN_0121,100.0,t,73.2,21.663978,78.393151,2026-07-17 18:11:28+05:30,,,,ON_DUTY,VEH_025,MH68G3861,1500,21.664543,78.383543,"[{""lat"": 21.11355, ""lon"": 72.819133}, {""lat"": 21.881522, ""lon"": 80.614614}, {""lat"": 22.641306, ""lon"": 88.324598}]",1888.34,2026-07-18 14:11:16+05:30,2026-07-18 14:02:48+05:30,3,SHIP_1121,21.097644,72.846063,22.639788,88.359291,4603,LOW,2026-07-19 21:39:54+05:30,3088.4356414666668
ASN_0121,100.0,t,74.2,21.76733,79.953587,2026-07-17 21:11:51+05:30,,,,ON_DUTY,VEH_025,MH68G3861,1500,21.755591,79.968962,"[{""lat"": 21.11355, ""lon"": 72.819133}, {""lat"": 21.881522, ""lon"": 80.614614}, {""lat"": 22.641306, ""lon"": 88.324598}]",1888.34,2026-07-18 14:11:16+05:30,2026-07-18 14:02:48+05:30,4,SHIP_1121,21.097644,72.846063,22.639788,88.359291,4603,LOW,2026-07-19 21:39:54+05:30,2908.0484790833334
ASN_0161,100.0,t,38.1,19.200985,73.283747,2026-07-18 15:29:11+05:30,,,,ON_DUTY,VEH_025,MH68G3861,1500,19.208348,73.284203,"[{""lat"": 19.090176, ""lon"": 73.028869}, {""lat"": 20.338971, ""lon"": 85.948699}]",1882.05,2026-07-20 07:44:06+05:30,2026-07-20 07:39:35+05:30,1,SHIP_1161,19.176207,72.931133,20.297795,85.999539,4459,MEDIUM,2026-07-20 18:33:16+05:30,3064.08471275
ASN_0161,100.0,t,46.8,19.305278,74.625871,2026-07-18 19:45:53+05:30,,,,ON_DUTY,VEH_025,MH68G3861,1500,19.296931,74.622891,"[{""lat"": 19.090176, ""lon"": 73.028869}, {""lat"": 20.338971, ""lon"": 85.948699}]",1882.05,2026-07-20 07:44:06+05:30,2026-07-20 07:39:35+05:30,2,SHIP_1161,19.176207,72.931133,20.297795,85.999539,4459,MEDIUM,2026-07-20 18:33:16+05:30,2807.3746967333336
ASN_0161,100.0,t,58.5,19.396618,75.254972,2026-07-18 21:53:53+05:30,,,,ON_DUTY,VEH_025,MH68G3861,1500,19.403017,75.252371,"[{""lat"": 19.090176, ""lon"": 73.028869}, {""lat"": 20.338971, ""lon"": 85.948699}]",1882.05,2026-07-20 07:44:06+05:30,2026-07-20 07:39:35+05:30,3,SHIP_1161,19.176207,72.931133,20.297795,85.999539,4459,MEDIUM,2026-07-20 18:33:16+05:30,2679.38424755
ASN_0161,100.0,t,51.2,19.42668,75.586887,2026-07-18 22:46:05+05:30,,,,ON_DUTY,VEH_025,MH68G3861,1500,19.428275,75.60415,"[{""lat"": 19.090176, ""lon"": 73.028869}, {""lat"": 20.338971, ""lon"": 85.948699}]",1882.05,2026-07-20 07:44:06+05:30,2026-07-20 07:39:35+05:30,4,SHIP_1161,19.176207,72.931133,20.297795,85.999539,4459,MEDIUM,2026-07-20 18:33:16+05:30,2627.1711988
ASN_0161,100.0,t,43.7,20.101357,83.367633,2026-07-19 23:25:36+05:30,,,,ON_DUTY,VEH_025,MH68G3861,1500,20.099344,83.363789,"[{""lat"": 19.090176, ""lon"": 73.028869}, {""lat"": 20.338971, ""lon"": 85.948699}]",1882.05,2026-07-20 07:44:06+05:30,2026-07-20 07:39:35+05:30,5,SHIP_1161,19.176207,72.931133,20.297795,85.999539,4459,MEDIUM,2026-07-20 18:33:16+05:30,1147.6583308166666
ASN_0161,100.0,t,46.4,20.127155,84.35467,2026-07-20 02:25:37+05:30,,,,ON_DUTY,VEH_025,MH68G3861,1500,20.12808,84.367859,"[{""lat"": 19.090176, ""lon"": 73.028869}, {""lat"": 20.338971, ""lon"": 85.948699}]",1882.05,2026-07-20 07:44:06+05:30,2026-07-20 07:39:35+05:30,6,SHIP_1161,19.176207,72.931133,20.297795,85.999539,4459,MEDIUM,2026-07-20 18:33:16+05:30,967.6373563833333
ASN_0161,100.0,t,48.2,20.207567,85.070512,2026-07-20 04:44:16+05:30,,,,ON_DUTY,VEH_025,MH68G3861,1500,20.203514,85.069471,"[{""lat"": 19.090176, ""lon"": 73.028869}, {""lat"": 20.338971, ""lon"": 85.948699}]",1882.05,2026-07-20 07:44:06+05:30,2026-07-20 07:39:35+05:30,7,SHIP_1161,19.176207,72.931133,20.297795,85.999539,4459,MEDIUM,2026-07-20 18:33:16+05:30,828.9970393
ASN_0034,37.1,t,41.8,25.605522,84.885737,2026-07-15 05:33:49+05:30,LOW_SPEED,0.85,2026-07-15 15:40:50+05:30,AVAILABLE,VEH_026,MH24C6964,10200,25.599196,84.891104,"[{""lat"": 25.559239, ""lon"": 85.201591}, {""lat"": 26.553375, ""lon"": 80.420558}]",688.87,2026-07-15 17:40:03+05:30,2026-07-15 17:27:23+05:30,1,SHIP_1034,25.564787,85.234555,26.489434,80.385607,3545,MEDIUM,2026-07-19 03:13:52+05:30,5620.057215233333
ASN_0034,37.1,t,61.4,25.727042,84.240197,2026-07-15 07:15:07+05:30,LOW_SPEED,0.85,2026-07-15 15:40:50+05:30,AVAILABLE,VEH_026,MH24C6964,10200,25.724096,84.230035,"[{""lat"": 25.559239, ""lon"": 85.201591}, {""lat"": 26.553375, ""lon"": 80.420558}]",688.87,2026-07-15 17:40:03+05:30,2026-07-15 17:27:23+05:30,2,SHIP_1034,25.564787,85.234555,26.489434,80.385607,3545,MEDIUM,2026-07-19 03:13:52+05:30,5518.762554316667
ASN_0034,37.1,t,65.7,26.238871,81.617826,2026-07-15 14:05:12+05:30,LOW_SPEED,0.85,2026-07-15 15:40:50+05:30,AVAILABLE,VEH_026,MH24C6964,10200,26.239383,81.610878,"[{""lat"": 25.559239, ""lon"": 85.201591}, {""lat"": 26.553375, ""lon"": 80.420558}]",688.87,2026-07-15 17:40:03+05:30,2026-07-15 17:27:23+05:30,3,SHIP_1034,25.564787,85.234555,26.489434,80.385607,3545,MEDIUM,2026-07-19 03:13:52+05:30,5108.6744272999995
ASN_0034,37.1,t,66.8,26.269971,81.457484,2026-07-15 14:38:05+05:30,LOW_SPEED,0.85,2026-07-15 15:40:50+05:30,AVAILABLE,VEH_026,MH24C6964,10200,26.257943,81.452055,"[{""lat"": 25.559239, ""lon"": 85.201591}, {""lat"": 26.553375, ""lon"": 80.420558}]",688.87,2026-07-15 17:40:03+05:30,2026-07-15 17:27:23+05:30,4,SHIP_1034,25.564787,85.234555,26.489434,80.385607,3545,MEDIUM,2026-07-19 03:13:52+05:30,5075.79244665
ASN_0034,37.1,t,54.0,26.306903,81.18135,2026-07-15 15:22:27+05:30,LOW_SPEED,0.85,2026-07-15 15:40:50+05:30,AVAILABLE,VEH_026,MH24C6964,10200,26.328254,81.180192,"[{""lat"": 25.559239, ""lon"": 85.201591}, {""lat"": 26.553375, ""lon"": 80.420558}]",688.87,2026-07-15 17:40:03+05:30,2026-07-15 17:27:23+05:30,5,SHIP_1034,25.564787,85.234555,26.489434,80.385607,3545,MEDIUM,2026-07-19 03:13:52+05:30,5031.422802333333
ASN_0034,37.1,t,60.6,26.369098,80.960046,2026-07-15 15:53:35+05:30,LOW_SPEED,0.85,2026-07-15 15:40:50+05:30,AVAILABLE,VEH_026,MH24C6964,10200,26.353693,80.967146,"[{""lat"": 25.559239, ""lon"": 85.201591}, {""lat"": 26.553375, ""lon"": 80.420558}]",688.87,2026-07-15 17:40:03+05:30,2026-07-15 17:27:23+05:30,6,SHIP_1034,25.564787,85.234555,26.489434,80.385607,3545,MEDIUM,2026-07-19 03:13:52+05:30,5000.2892876999995
ASN_0074,15.8,t,66.6,12.25653,76.423046,2026-07-15 22:03:11+05:30,,,,AVAILABLE,VEH_026,MH24C6964,10200,12.249363,76.417093,"[{""lat"": 10.870307, ""lon"": 76.978733}, {""lat"": 13.530195, ""lon"": 75.919249}, {""lat"": 15.991968, ""lon"": 74.885766}, {""lat"": 18.553141, ""lon"": 73.934677}]",1222.21,2026-07-16 14:22:00+05:30,2026-07-16 14:39:59+05:30,1,SHIP_1074,10.891416,76.953663,18.560146,73.938542,1882,MEDIUM,2026-07-18 21:02:13+05:30,4259.038886666666
ASN_0074,15.8,t,53.3,13.681996,75.868365,2026-07-16 01:44:37+05:30,,,,AVAILABLE,VEH_026,MH24C6964,10200,13.684283,75.868085,"[{""lat"": 10.870307, ""lon"": 76.978733}, {""lat"": 13.530195, ""lon"": 75.919249}, {""lat"": 15.991968, ""lon"": 74.885766}, {""lat"": 18.553141, ""lon"": 73.934677}]",1222.21,2026-07-16 14:22:00+05:30,2026-07-16 14:39:59+05:30,2,SHIP_1074,10.891416,76.953663,18.560146,73.938542,1882,MEDIUM,2026-07-18 21:02:13+05:30,4037.602546466667
ASN_0074,15.8,t,69.6,13.745674,75.823274,2026-07-16 01:53:20+05:30,,,,AVAILABLE,VEH_026,MH24C6964,10200,13.749787,75.81367,"[{""lat"": 10.870307, ""lon"": 76.978733}, {""lat"": 13.530195, ""lon"": 75.919249}, {""lat"": 15.991968, ""lon"": 74.885766}, {""lat"": 18.553141, ""lon"": 73.934677}]",1222.21,2026-07-16 14:22:00+05:30,2026-07-16 14:39:59+05:30,3,SHIP_1074,10.891416,76.953663,18.560146,73.938542,1882,MEDIUM,2026-07-18 21:02:13+05:30,4028.87633465
ASN_0074,15.8,t,48.7,17.338468,74.444084,2026-07-16 11:23:07+05:30,,,,AVAILABLE,VEH_026,MH24C6964,10200,17.357354,74.433157,"[{""lat"": 10.870307, ""lon"": 76.978733}, {""lat"": 13.530195, ""lon"": 75.919249}, {""lat"": 15.991968, ""lon"": 74.885766}, {""lat"": 18.553141, ""lon"": 73.934677}]",1222.21,2026-07-16 14:22:00+05:30,2026-07-16 14:39:59+05:30,4,SHIP_1074,10.891416,76.953663,18.560146,73.938542,1882,MEDIUM,2026-07-18 21:02:13+05:30,3459.1029112499996
ASN_0074,15.8,t,68.6,17.352517,74.400305,2026-07-16 11:31:18+05:30,,,,AVAILABLE,VEH_026,MH24C6964,10200,17.358078,74.399401,"[{""lat"": 10.870307, ""lon"": 76.978733}, {""lat"": 13.530195, ""lon"": 75.919249}, {""lat"": 15.991968, ""lon"": 74.885766}, {""lat"": 18.553141, ""lon"": 73.934677}]",1222.21,2026-07-16 14:22:00+05:30,2026-07-16 14:39:59+05:30,5,SHIP_1074,10.891416,76.953663,18.560146,73.938542,1882,MEDIUM,2026-07-18 21:02:13+05:30,3450.914417933333
ASN_0114,72.8,f,52.7,26.232773,81.493896,2026-07-16 18:41:28+05:30,,,,AVAILABLE,VEH_026,MH24C6964,10200,26.230078,81.485962,"[{""lat"": 26.29063, ""lon"": 80.21161}, {""lat"": 26.16211, ""lon"": 81.472273}, {""lat"": 26.018128, ""lon"": 82.64366}, {""lat"": 25.757979, ""lon"": 83.924397}, {""lat"": 25.60368, ""lon"": 85.046586}]",618.53,2026-07-17 04:05:49+05:30,2026-07-17 04:54:17+05:30,1,SHIP_1114,26.413785,80.233263,25.613114,85.171655,7237,MEDIUM,2026-07-19 02:32:08+05:30,3350.6723615833334
ASN_0114,72.8,f,44.1,26.106994,82.292986,2026-07-16 20:55:38+05:30,,,,AVAILABLE,VEH_026,MH24C6964,10200,26.085975,82.284558,"[{""lat"": 26.29063, ""lon"": 80.21161}, {""lat"": 26.16211, ""lon"": 81.472273}, {""lat"": 26.018128, ""lon"": 82.64366}, {""lat"": 25.757979, ""lon"": 83.924397}, {""lat"": 25.60368, ""lon"": 85.046586}]",618.53,2026-07-17 04:05:49+05:30,2026-07-17 04:54:17+05:30,2,SHIP_1114,26.413785,80.233263,25.613114,85.171655,7237,MEDIUM,2026-07-19 02:32:08+05:30,3216.5052464333335
ASN_0114,72.8,f,50.0,25.973583,82.741832,2026-07-16 22:07:40+05:30,,,,AVAILABLE,VEH_026,MH24C6964,10200,25.966349,82.739142,"[{""lat"": 26.29063, ""lon"": 80.21161}, {""lat"": 26.16211, ""lon"": 81.472273}, {""lat"": 26.018128, ""lon"": 82.64366}, {""lat"": 25.757979, ""lon"": 83.924397}, {""lat"": 25.60368, ""lon"": 85.046586}]",618.53,2026-07-17 04:05:49+05:30,2026-07-17 04:54:17+05:30,3,SHIP_1114,26.413785,80.233263,25.613114,85.171655,7237,MEDIUM,2026-07-19 02:32:08+05:30,3144.4590789333333
ASN_0114,72.8,f,35.1,25.83408,84.14401,2026-07-17 02:00:06+05:30,,,,AVAILABLE,VEH_026,MH24C6964,10200,25.832805,84.132012,"[{""lat"": 26.29063, ""lon"": 80.21161}, {""lat"": 26.16211, ""lon"": 81.472273}, {""lat"": 26.018128, ""lon"": 82.64366}, {""lat"": 25.757979, ""lon"": 83.924397}, {""lat"": 25.60368, ""lon"": 85.046586}]",618.53,2026-07-17 04:05:49+05:30,2026-07-17 04:54:17+05:30,4,SHIP_1114,26.413785,80.233263,25.613114,85.171655,7237,MEDIUM,2026-07-19 02:32:08+05:30,2912.039208
ASN_0154,69.1,t,39.9,20.610639,82.15522,2026-07-17 15:04:46+05:30,,,,AVAILABLE,VEH_026,MH24C6964,10200,20.615802,82.169029,"[{""lat"": 20.307982, ""lon"": 85.8252}, {""lat"": 20.8552, ""lon"": 79.203122}, {""lat"": 21.191174, ""lon"": 72.826219}]",1822.79,2026-07-18 15:18:13+05:30,2026-07-18 15:45:40+05:30,1,SHIP_1154,20.32638,85.815347,21.282761,72.734012,7191,MEDIUM,2026-07-20 11:40:29+05:30,4115.71290185
ASN_0154,69.1,t,62.6,20.655559,81.517425,2026-07-17 16:43:03+05:30,,,,AVAILABLE,VEH_026,MH24C6964,10200,20.662271,81.512879,"[{""lat"": 20.307982, ""lon"": 85.8252}, {""lat"": 20.8552, ""lon"": 79.203122}, {""lat"": 21.191174, ""lon"": 72.826219}]",1822.79,2026-07-18 15:18:13+05:30,2026-07-18 15:45:40+05:30,2,SHIP_1154,20.32638,85.815347,21.282761,72.734012,7191,MEDIUM,2026-07-20 11:40:29+05:30,4017.4424605166664
ASN_0154,69.1,t,62.8,20.59924,81.430661,2026-07-17 17:03:43+05:30,,,,AVAILABLE,VEH_026,MH24C6964,10200,20.604162,81.413517,"[{""lat"": 20.307982, ""lon"": 85.8252}, {""lat"": 20.8552, ""lon"": 79.203122}, {""lat"": 21.191174, ""lon"": 72.826219}]",1822.79,2026-07-18 15:18:13+05:30,2026-07-18 15:45:40+05:30,3,SHIP_1154,20.32638,85.815347,21.282761,72.734012,7191,MEDIUM,2026-07-20 11:40:29+05:30,3996.76909015
ASN_0154,69.1,t,61.9,20.701566,80.299957,2026-07-17 20:01:12+05:30,,,,AVAILABLE,VEH_026,MH24C6964,10200,20.706467,80.297509,"[{""lat"": 20.307982, ""lon"": 85.8252}, {""lat"": 20.8552, ""lon"": 79.203122}, {""lat"": 21.191174, ""lon"": 72.826219}]",1822.79,2026-07-18 15:18:13+05:30,2026-07-18 15:45:40+05:30,4,SHIP_1154,20.32638,85.815347,21.282761,72.734012,7191,MEDIUM,2026-07-20 11:40:29+05:30,3819.288131566667
ASN_0154,69.1,t,50.9,20.774669,79.779826,2026-07-17 21:18:00+05:30,,,,AVAILABLE,VEH_026,MH24C6964,10200,20.76606,79.782387,"[{""lat"": 20.307982, ""lon"": 85.8252}, {""lat"": 20.8552, ""lon"": 79.203122}, {""lat"": 21.191174, ""lon"": 72.826219}]",1822.79,2026-07-18 15:18:13+05:30,2026-07-18 15:45:40+05:30,5,SHIP_1154,20.32638,85.815347,21.282761,72.734012,7191,MEDIUM,2026-07-20 11:40:29+05:30,3742.480080816667
ASN_0154,69.1,t,61.1,20.790347,79.374494,2026-07-17 22:26:17+05:30,,,,AVAILABLE,VEH_026,MH24C6964,10200,20.782273,79.392757,"[{""lat"": 20.307982, ""lon"": 85.8252}, {""lat"": 20.8552, ""lon"": 79.203122}, {""lat"": 21.191174, ""lon"": 72.826219}]",1822.79,2026-07-18 15:18:13+05:30,2026-07-18 15:45:40+05:30,6,SHIP_1154,20.32638,85.815347,21.282761,72.734012,7191,MEDIUM,2026-07-20 11:40:29+05:30,3674.1982212
ASN_0154,69.1,t,64.8,20.921235,77.382544,2026-07-18 03:37:24+05:30,,,,AVAILABLE,VEH_026,MH24C6964,10200,20.933987,77.360575,"[{""lat"": 20.307982, ""lon"": 85.8252}, {""lat"": 20.8552, ""lon"": 79.203122}, {""lat"": 21.191174, ""lon"": 72.826219}]",1822.79,2026-07-18 15:18:13+05:30,2026-07-18 15:45:40+05:30,7,SHIP_1154,20.32638,85.815347,21.282761,72.734012,7191,MEDIUM,2026-07-20 11:40:29+05:30,3363.086801366667
ASN_0194,35.8,t,48.8,20.491061,85.637472,2026-07-18 16:33:41+05:30,ROUTE_DEVIATION,0.68,2026-07-19 10:46:44+05:30,AVAILABLE,VEH_026,MH24C6964,10200,20.482607,85.657132,"[{""lat"": 20.316534, ""lon"": 85.81105}, {""lat"": 22.080896, ""lon"": 83.295156}, {""lat"": 23.7679, ""lon"": 80.852752}, {""lat"": 25.326618, ""lon"": 78.270971}, {""lat"": 27.068343, ""lon"": 75.821039}]",1608.8,2026-07-19 20:42:56+05:30,2026-07-19 20:03:02+05:30,1,SHIP_1194,20.321458,85.833281,27.091764,75.816209,4089,MEDIUM,2026-07-19 10:32:31+05:30,1078.8333571333335
ASN_0194,35.8,t,68.3,23.036008,81.827992,2026-07-19 03:15:42+05:30,ROUTE_DEVIATION,0.68,2026-07-19 10:46:44+05:30,AVAILABLE,VEH_026,MH24C6964,10200,23.04678,81.818772,"[{""lat"": 20.316534, ""lon"": 85.81105}, {""lat"": 22.080896, ""lon"": 83.295156}, {""lat"": 23.7679, ""lon"": 80.852752}, {""lat"": 25.326618, ""lon"": 78.270971}, {""lat"": 27.068343, ""lon"": 75.821039}]",1608.8,2026-07-19 20:42:56+05:30,2026-07-19 20:03:02+05:30,2,SHIP_1194,20.321458,85.833281,27.091764,75.816209,4089,MEDIUM,2026-07-19 10:32:31+05:30,436.81661583333334
ASN_0194,35.8,t,61.0,23.907849,80.572168,2026-07-19 06:47:20+05:30,ROUTE_DEVIATION,0.68,2026-07-19 10:46:44+05:30,AVAILABLE,VEH_026,MH24C6964,10200,23.917945,80.566555,"[{""lat"": 20.316534, ""lon"": 85.81105}, {""lat"": 22.080896, ""lon"": 83.295156}, {""lat"": 23.7679, ""lon"": 80.852752}, {""lat"": 25.326618, ""lon"": 78.270971}, {""lat"": 27.068343, ""lon"": 75.821039}]",1608.8,2026-07-19 20:42:56+05:30,2026-07-19 20:03:02+05:30,3,SHIP_1194,20.321458,85.833281,27.091764,75.816209,4089,MEDIUM,2026-07-19 10:32:31+05:30,225.18521661666668
ASN_0194,35.8,t,63.6,24.115616,80.206904,2026-07-19 07:44:04+05:30,ROUTE_DEVIATION,0.68,2026-07-19 10:46:44+05:30,AVAILABLE,VEH_026,MH24C6964,10200,24.109085,80.210837,"[{""lat"": 20.316534, ""lon"": 85.81105}, {""lat"": 22.080896, ""lon"": 83.295156}, {""lat"": 23.7679, ""lon"": 80.852752}, {""lat"": 25.326618, ""lon"": 78.270971}, {""lat"": 27.068343, ""lon"": 75.821039}]",1608.8,2026-07-19 20:42:56+05:30,2026-07-19 20:03:02+05:30,4,SHIP_1194,20.321458,85.833281,27.091764,75.816209,4089,MEDIUM,2026-07-19 10:32:31+05:30,168.45271688333332
ASN_0194,35.8,t,52.4,24.966373,78.926038,2026-07-19 11:20:29+05:30,ROUTE_DEVIATION,0.68,2026-07-19 10:46:44+05:30,AVAILABLE,VEH_026,MH24C6964,10200,24.96523,78.927367,"[{""lat"": 20.316534, ""lon"": 85.81105}, {""lat"": 22.080896, ""lon"": 83.295156}, {""lat"": 23.7679, ""lon"": 80.852752}, {""lat"": 25.326618, ""lon"": 78.270971}, {""lat"": 27.068343, ""lon"": 75.821039}]",1608.8,2026-07-19 20:42:56+05:30,2026-07-19 20:03:02+05:30,5,SHIP_1194,20.321458,85.833281,27.091764,75.816209,4089,MEDIUM,2026-07-19 10:32:31+05:30,0.0
ASN_0194,35.8,t,35.4,26.143364,77.209593,2026-07-19 16:08:21+05:30,ROUTE_DEVIATION,0.68,2026-07-19 10:46:44+05:30,AVAILABLE,VEH_026,MH24C6964,10200,26.154417,77.20336,"[{""lat"": 20.316534, ""lon"": 85.81105}, {""lat"": 22.080896, ""lon"": 83.295156}, {""lat"": 23.7679, ""lon"": 80.852752}, {""lat"": 25.326618, ""lon"": 78.270971}, {""lat"": 27.068343, ""lon"": 75.821039}]",1608.8,2026-07-19 20:42:56+05:30,2026-07-19 20:03:02+05:30,6,SHIP_1194,20.321458,85.833281,27.091764,75.816209,4089,MEDIUM,2026-07-19 10:32:31+05:30,0.0
ASN_0014,100.0,t,38.1,14.212714,77.070377,2026-07-15 04:52:15+05:30,,,,AVAILABLE,VEH_027,RJ63G8942,3500,14.221895,77.072896,"[{""lat"": 13.088326, ""lon"": 77.670547}, {""lat"": 22.217033, ""lon"": 73.164376}]",1337.14,2026-07-16 04:57:59+05:30,2026-07-16 04:41:43+05:30,1,SHIP_1014,13.006051,77.611137,22.186054,73.224231,5747,MEDIUM,2026-07-16 21:21:27+05:30,2429.20267905
ASN_0014,100.0,t,59.6,18.597663,74.953196,2026-07-15 17:56:56+05:30,,,,AVAILABLE,VEH_027,RJ63G8942,3500,18.60798,74.962142,"[{""lat"": 13.088326, ""lon"": 77.670547}, {""lat"": 22.217033, ""lon"": 73.164376}]",1337.14,2026-07-16 04:57:59+05:30,2026-07-16 04:41:43+05:30,2,SHIP_1014,13.006051,77.611137,22.186054,73.224231,5747,MEDIUM,2026-07-16 21:21:27+05:30,1644.5167875
ASN_0014,100.0,t,49.0,19.517407,74.503124,2026-07-15 20:49:27+05:30,,,,AVAILABLE,VEH_027,RJ63G8942,3500,19.506313,74.510299,"[{""lat"": 13.088326, ""lon"": 77.670547}, {""lat"": 22.217033, ""lon"": 73.164376}]",1337.14,2026-07-16 04:57:59+05:30,2026-07-16 04:41:43+05:30,3,SHIP_1014,13.006051,77.611137,22.186054,73.224231,5747,MEDIUM,2026-07-16 21:21:27+05:30,1472.0063123333334
ASN_0014,100.0,t,65.4,20.258319,74.15067,2026-07-15 23:01:52+05:30,,,,AVAILABLE,VEH_027,RJ63G8942,3500,20.253471,74.159983,"[{""lat"": 13.088326, ""lon"": 77.670547}, {""lat"": 22.217033, ""lon"": 73.164376}]",1337.14,2026-07-16 04:57:59+05:30,2026-07-16 04:41:43+05:30,4,SHIP_1014,13.006051,77.611137,22.186054,73.224231,5747,MEDIUM,2026-07-16 21:21:27+05:30,1339.5911610166665
ASN_0014,100.0,t,35.1,21.847309,73.403846,2026-07-16 03:39:29+05:30,,,,AVAILABLE,VEH_027,RJ63G8942,3500,21.853553,73.40537,"[{""lat"": 13.088326, ""lon"": 77.670547}, {""lat"": 22.217033, ""lon"": 73.164376}]",1337.14,2026-07-16 04:57:59+05:30,2026-07-16 04:41:43+05:30,5,SHIP_1014,13.006051,77.611137,22.186054,73.224231,5747,MEDIUM,2026-07-16 21:21:27+05:30,1061.9768435333333
ASN_0054,100.0,t,53.1,21.467036,78.919674,2026-07-16 06:31:21+05:30,,,,AVAILABLE,VEH_027,RJ63G8942,3500,21.449753,78.922006,"[{""lat"": 21.12299, ""lon"": 79.150573}, {""lat"": 26.910068, ""lon"": 75.672541}]",853.76,2026-07-16 20:27:47+05:30,2026-07-16 20:33:04+05:30,1,SHIP_1054,21.112757,79.100058,26.897539,75.645383,8422,LOW,2026-07-20 01:34:25+05:30,5463.063651316666
ASN_0054,100.0,t,57.5,21.654821,78.807215,2026-07-16 07:03:27+05:30,,,,AVAILABLE,VEH_027,RJ63G8942,3500,21.6551,78.801346,"[{""lat"": 21.12299, ""lon"": 79.150573}, {""lat"": 26.910068, ""lon"": 75.672541}]",853.76,2026-07-16 20:27:47+05:30,2026-07-16 20:33:04+05:30,2,SHIP_1054,21.112757,79.100058,26.897539,75.645383,8422,LOW,2026-07-20 01:34:25+05:30,5430.95899595
ASN_0054,100.0,t,49.0,22.428053,78.307455,2026-07-16 09:00:24+05:30,,,,AVAILABLE,VEH_027,RJ63G8942,3500,22.427777,78.299819,"[{""lat"": 21.12299, ""lon"": 79.150573}, {""lat"": 26.910068, ""lon"": 75.672541}]",853.76,2026-07-16 20:27:47+05:30,2026-07-16 20:33:04+05:30,3,SHIP_1054,21.112757,79.100058,26.897539,75.645383,8422,LOW,2026-07-20 01:34:25+05:30,5314.006904566666
ASN_0054,100.0,t,57.2,24.054196,77.337072,2026-07-16 13:08:51+05:30,,,,AVAILABLE,VEH_027,RJ63G8942,3500,24.047772,77.323852,"[{""lat"": 21.12299, ""lon"": 79.150573}, {""lat"": 26.910068, ""lon"": 75.672541}]",853.76,2026-07-16 20:27:47+05:30,2026-07-16 20:33:04+05:30,4,SHIP_1054,21.112757,79.100058,26.897539,75.645383,8422,LOW,2026-07-20 01:34:25+05:30,5065.563315783334
ASN_0054,100.0,t,72.2,26.375377,75.936541,2026-07-16 19:07:05+05:30,,,,AVAILABLE,VEH_027,RJ63G8942,3500,26.36186,75.937778,"[{""lat"": 21.12299, ""lon"": 79.150573}, {""lat"": 26.910068, ""lon"": 75.672541}]",853.76,2026-07-16 20:27:47+05:30,2026-07-16 20:33:04+05:30,5,SHIP_1054,21.112757,79.100058,26.897539,75.645383,8422,LOW,2026-07-20 01:34:25+05:30,4707.325759783333
ASN_0054,100.0,t,44.4,26.683436,75.759128,2026-07-16 19:52:57+05:30,,,,AVAILABLE,VEH_027,RJ63G8942,3500,26.696662,75.761178,"[{""lat"": 21.12299, ""lon"": 79.150573}, {""lat"": 26.910068, ""lon"": 75.672541}]",853.76,2026-07-16 20:27:47+05:30,2026-07-16 20:33:04+05:30,6,SHIP_1054,21.112757,79.100058,26.897539,75.645383,8422,LOW,2026-07-20 01:34:25+05:30,4661.4641452666665
ASN_0094,100.0,f,62.6,22.580935,88.376105,2026-07-16 21:41:46+05:30,,,,AVAILABLE,VEH_027,RJ63G8942,3500,22.580165,88.375937,"[{""lat"": 22.556564, ""lon"": 88.485386}, {""lat"": 24.051177, ""lon"": 85.940517}, {""lat"": 25.372471, ""lon"": 83.4847}, {""lat"": 26.730141, ""lon"": 81.035615}]",1186.65,2026-07-17 19:05:02+05:30,2026-07-17 19:07:50+05:30,1,SHIP_1094,22.547976,88.424629,26.759961,81.053458,6509,HIGH,2026-07-21 05:18:21+05:30,6216.587090183334
ASN_0094,100.0,f,50.6,24.64189,84.819793,2026-07-17 08:04:05+05:30,,,,AVAILABLE,VEH_027,RJ63G8942,3500,24.626316,84.824389,"[{""lat"": 22.556564, ""lon"": 88.485386}, {""lat"": 24.051177, ""lon"": 85.940517}, {""lat"": 25.372471, ""lon"": 83.4847}, {""lat"": 26.730141, ""lon"": 81.035615}]",1186.65,2026-07-17 19:05:02+05:30,2026-07-17 19:07:50+05:30,2,SHIP_1094,22.547976,88.424629,26.759961,81.053458,6509,HIGH,2026-07-21 05:18:21+05:30,5594.261807016666
ASN_0094,100.0,f,52.1,24.96218,84.229968,2026-07-17 09:55:36+05:30,,,,AVAILABLE,VEH_027,RJ63G8942,3500,24.970485,84.239459,"[{""lat"": 22.556564, ""lon"": 88.485386}, {""lat"": 24.051177, ""lon"": 85.940517}, {""lat"": 25.372471, ""lon"": 83.4847}, {""lat"": 26.730141, ""lon"": 81.035615}]",1186.65,2026-07-17 19:05:02+05:30,2026-07-17 19:07:50+05:30,3,SHIP_1094,22.547976,88.424629,26.759961,81.053458,6509,HIGH,2026-07-21 05:18:21+05:30,5482.743731433334
ASN_0094,100.0,f,70.7,25.483237,83.32054,2026-07-17 12:24:32+05:30,,,,AVAILABLE,VEH_027,RJ63G8942,3500,25.483721,83.319872,"[{""lat"": 22.556564, ""lon"": 88.485386}, {""lat"": 24.051177, ""lon"": 85.940517}, {""lat"": 25.372471, ""lon"": 83.4847}, {""lat"": 26.730141, ""lon"": 81.035615}]",1186.65,2026-07-17 19:05:02+05:30,2026-07-17 19:07:50+05:30,4,SHIP_1094,22.547976,88.424629,26.759961,81.053458,6509,HIGH,2026-07-21 05:18:21+05:30,5333.820207266666
ASN_0094,100.0,f,52.0,26.403383,81.661066,2026-07-17 17:19:41+05:30,,,,AVAILABLE,VEH_027,RJ63G8942,3500,26.3809,81.666412,"[{""lat"": 22.556564, ""lon"": 88.485386}, {""lat"": 24.051177, ""lon"": 85.940517}, {""lat"": 25.372471, ""lon"": 83.4847}, {""lat"": 26.730141, ""lon"": 81.035615}]",1186.65,2026-07-17 19:05:02+05:30,2026-07-17 19:07:50+05:30,5,SHIP_1094,22.547976,88.424629,26.759961,81.053458,6509,HIGH,2026-07-21 05:18:21+05:30,5038.670264266667
ASN_0094,100.0,f,54.7,26.647108,81.236431,2026-07-17 18:32:29+05:30,,,,AVAILABLE,VEH_027,RJ63G8942,3500,26.669942,81.240501,"[{""lat"": 22.556564, ""lon"": 88.485386}, {""lat"": 24.051177, ""lon"": 85.940517}, {""lat"": 25.372471, ""lon"": 83.4847}, {""lat"": 26.730141, ""lon"": 81.035615}]",1186.65,2026-07-17 19:05:02+05:30,2026-07-17 19:07:50+05:30,6,SHIP_1094,22.547976,88.424629,26.759961,81.053458,6509,HIGH,2026-07-21 05:18:21+05:30,4965.8665968
ASN_0134,100.0,t,47.5,13.511503,80.127612,2026-07-17 21:01:51+05:30,LOW_SPEED,0.52,2026-07-18 22:47:28+05:30,AVAILABLE,VEH_027,RJ63G8942,3500,13.503363,80.141866,"[{""lat"": 13.244535, ""lon"": 80.299093}, {""lat"": 16.311863, ""lon"": 78.789248}, {""lat"": 19.490497, ""lon"": 77.300431}, {""lat"": 22.623318, ""lon"": 75.810006}]",1550.99,2026-07-19 03:29:31+05:30,2026-07-19 03:27:26+05:30,1,SHIP_1134,13.207064,80.269003,22.623403,75.843515,8367,MEDIUM,2026-07-21 16:15:17+05:30,5473.439663916667
ASN_0134,100.0,t,58.8,16.849632,78.568421,2026-07-18 08:06:40+05:30,LOW_SPEED,0.52,2026-07-18 22:47:28+05:30,AVAILABLE,VEH_027,RJ63G8942,3500,16.853122,78.566214,"[{""lat"": 13.244535, ""lon"": 80.299093}, {""lat"": 16.311863, ""lon"": 78.789248}, {""lat"": 19.490497, ""lon"": 77.300431}, {""lat"": 22.623318, ""lon"": 75.810006}]",1550.99,2026-07-19 03:29:31+05:30,2026-07-19 03:27:26+05:30,2,SHIP_1134,13.207064,80.269003,22.623403,75.843515,8367,MEDIUM,2026-07-21 16:15:17+05:30,4808.60767465
ASN_0134,100.0,t,59.2,19.42873,77.398444,2026-07-18 16:46:45+05:30,LOW_SPEED,0.52,2026-07-18 22:47:28+05:30,AVAILABLE,VEH_027,RJ63G8942,3500,19.43916,77.394914,"[{""lat"": 13.244535, ""lon"": 80.299093}, {""lat"": 16.311863, ""lon"": 78.789248}, {""lat"": 19.490497, ""lon"": 77.300431}, {""lat"": 22.623318, ""lon"": 75.810006}]",1550.99,2026-07-19 03:29:31+05:30,2026-07-19 03:27:26+05:30,3,SHIP_1134,13.207064,80.269003,22.623403,75.843515,8367,MEDIUM,2026-07-21 16:15:17+05:30,4288.537521066666
ASN_0134,100.0,t,53.7,22.443471,75.978325,2026-07-19 02:48:55+05:30,LOW_SPEED,0.52,2026-07-18 22:47:28+05:30,AVAILABLE,VEH_027,RJ63G8942,3500,22.454193,75.990837,"[{""lat"": 13.244535, ""lon"": 80.299093}, {""lat"": 16.311863, ""lon"": 78.789248}, {""lat"": 19.490497, ""lon"": 77.300431}, {""lat"": 22.623318, ""lon"": 75.810006}]",1550.99,2026-07-19 03:29:31+05:30,2026-07-19 03:27:26+05:30,4,SHIP_1134,13.207064,80.269003,22.623403,75.843515,8367,MEDIUM,2026-07-21 16:15:17+05:30,3686.3648856
ASN_0174,28.1,t,41.7,18.466512,78.741708,2026-07-19 07:15:10+05:30,LOW_SPEED,0.45,2026-07-19 05:00:53+05:30,AVAILABLE,VEH_027,RJ63G8942,3500,18.45876,78.735258,"[{""lat"": 17.429869, ""lon"": 78.62479}, {""lat"": 18.28543, ""lon"": 78.788242}, {""lat"": 19.234663, ""lon"": 78.831453}, {""lat"": 20.198609, ""lon"": 78.943616}, {""lat"": 21.195925, ""lon"": 79.079674}]",549.18,2026-07-19 15:23:40+05:30,2026-07-19 15:32:53+05:30,1,SHIP_1174,17.300356,78.608565,21.213319,79.051963,970,MEDIUM,2026-07-18 12:14:42+05:30,0.0
ASN_0174,28.1,t,45.4,18.554646,78.741542,2026-07-19 07:24:35+05:30,LOW_SPEED,0.45,2026-07-19 05:00:53+05:30,AVAILABLE,VEH_027,RJ63G8942,3500,18.564188,78.745863,"[{""lat"": 17.429869, ""lon"": 78.62479}, {""lat"": 18.28543, ""lon"": 78.788242}, {""lat"": 19.234663, ""lon"": 78.831453}, {""lat"": 20.198609, ""lon"": 78.943616}, {""lat"": 21.195925, ""lon"": 79.079674}]",549.18,2026-07-19 15:23:40+05:30,2026-07-19 15:32:53+05:30,2,SHIP_1174,17.300356,78.608565,21.213319,79.051963,970,MEDIUM,2026-07-18 12:14:42+05:30,0.0
ASN_0174,28.1,t,36.9,18.732026,78.74525,2026-07-19 08:00:10+05:30,LOW_SPEED,0.45,2026-07-19 05:00:53+05:30,AVAILABLE,VEH_027,RJ63G8942,3500,18.764458,78.745113,"[{""lat"": 17.429869, ""lon"": 78.62479}, {""lat"": 18.28543, ""lon"": 78.788242}, {""lat"": 19.234663, ""lon"": 78.831453}, {""lat"": 20.198609, ""lon"": 78.943616}, {""lat"": 21.195925, ""lon"": 79.079674}]",549.18,2026-07-19 15:23:40+05:30,2026-07-19 15:32:53+05:30,3,SHIP_1174,17.300356,78.608565,21.213319,79.051963,970,MEDIUM,2026-07-18 12:14:42+05:30,0.0
ASN_0174,28.1,t,57.0,18.807685,78.783589,2026-07-19 08:18:34+05:30,LOW_SPEED,0.45,2026-07-19 05:00:53+05:30,AVAILABLE,VEH_027,RJ63G8942,3500,18.79647,78.78659,"[{""lat"": 17.429869, ""lon"": 78.62479}, {""lat"": 18.28543, ""lon"": 78.788242}, {""lat"": 19.234663, ""lon"": 78.831453}, {""lat"": 20.198609, ""lon"": 78.943616}, {""lat"": 21.195925, ""lon"": 79.079674}]",549.18,2026-07-19 15:23:40+05:30,2026-07-19 15:32:53+05:30,4,SHIP_1174,17.300356,78.608565,21.213319,79.051963,970,MEDIUM,2026-07-18 12:14:42+05:30,0.0
ASN_0174,28.1,t,49.1,20.371393,78.970088,2026-07-19 13:00:34+05:30,LOW_SPEED,0.45,2026-07-19 05:00:53+05:30,AVAILABLE,VEH_027,RJ63G8942,3500,20.366535,78.961996,"[{""lat"": 17.429869, ""lon"": 78.62479}, {""lat"": 18.28543, ""lon"": 78.788242}, {""lat"": 19.234663, ""lon"": 78.831453}, {""lat"": 20.198609, ""lon"": 78.943616}, {""lat"": 21.195925, ""lon"": 79.079674}]",549.18,2026-07-19 15:23:40+05:30,2026-07-19 15:32:53+05:30,5,SHIP_1174,17.300356,78.608565,21.213319,79.051963,970,MEDIUM,2026-07-18 12:14:42+05:30,0.0
ASN_0174,28.1,t,33.3,20.966815,79.048711,2026-07-19 14:56:41+05:30,LOW_SPEED,0.45,2026-07-19 05:00:53+05:30,AVAILABLE,VEH_027,RJ63G8942,3500,20.963191,79.065002,"[{""lat"": 17.429869, ""lon"": 78.62479}, {""lat"": 18.28543, ""lon"": 78.788242}, {""lat"": 19.234663, ""lon"": 78.831453}, {""lat"": 20.198609, ""lon"": 78.943616}, {""lat"": 21.195925, ""lon"": 79.079674}]",549.18,2026-07-19 15:23:40+05:30,2026-07-19 15:32:53+05:30,6,SHIP_1174,17.300356,78.608565,21.213319,79.051963,970,MEDIUM,2026-07-18 12:14:42+05:30,0.0
ASN_0174,28.1,t,45.4,21.107119,79.053099,2026-07-19 15:15:02+05:30,LOW_SPEED,0.45,2026-07-19 05:00:53+05:30,AVAILABLE,VEH_027,RJ63G8942,3500,21.114115,79.053644,"[{""lat"": 17.429869, ""lon"": 78.62479}, {""lat"": 18.28543, ""lon"": 78.788242}, {""lat"": 19.234663, ""lon"": 78.831453}, {""lat"": 20.198609, ""lon"": 78.943616}, {""lat"": 21.195925, ""lon"": 79.079674}]",549.18,2026-07-19 15:23:40+05:30,2026-07-19 15:32:53+05:30,7,SHIP_1174,17.300356,78.608565,21.213319,79.051963,970,MEDIUM,2026-07-18 12:14:42+05:30,0.0
ASN_0020,100.0,t,54.9,27.250691,78.495537,2026-07-15 06:14:10+05:30,,,,AVAILABLE,VEH_028,MH21E8143,1500,27.256319,78.501943,"[{""lat"": 28.532417, ""lon"": 77.200155}, {""lat"": 25.836922, ""lon"": 80.092078}, {""lat"": 22.983322, ""lon"": 82.849513}, {""lat"": 20.147974, ""lon"": 85.625271}]",1551.89,2026-07-16 07:32:15+05:30,2026-07-16 07:09:32+05:30,1,SHIP_1020,28.584691,77.161011,20.226963,85.644099,2237,MEDIUM,2026-07-17 05:44:33+05:30,2850.3969511666664
ASN_0020,100.0,t,34.7,25.441257,80.394868,2026-07-15 12:45:21+05:30,,,,AVAILABLE,VEH_028,MH21E8143,1500,25.4365,80.393573,"[{""lat"": 28.532417, ""lon"": 77.200155}, {""lat"": 25.836922, ""lon"": 80.092078}, {""lat"": 22.983322, ""lon"": 82.849513}, {""lat"": 20.147974, ""lon"": 85.625271}]",1551.89,2026-07-16 07:32:15+05:30,2026-07-16 07:09:32+05:30,2,SHIP_1020,28.584691,77.161011,20.226963,85.644099,2237,MEDIUM,2026-07-17 05:44:33+05:30,2459.2122293666666
ASN_0020,100.0,t,59.2,25.378372,80.424003,2026-07-15 12:52:01+05:30,,,,AVAILABLE,VEH_028,MH21E8143,1500,25.377598,80.425421,"[{""lat"": 28.532417, ""lon"": 77.200155}, {""lat"": 25.836922, ""lon"": 80.092078}, {""lat"": 22.983322, ""lon"": 82.849513}, {""lat"": 20.147974, ""lon"": 85.625271}]",1551.89,2026-07-16 07:32:15+05:30,2026-07-16 07:09:32+05:30,3,SHIP_1020,28.584691,77.161011,20.226963,85.644099,2237,MEDIUM,2026-07-17 05:44:33+05:30,2452.53854565
ASN_0060,63.3,t,50.5,12.15262,77.239517,2026-07-16 10:55:52+05:30,,,,AVAILABLE,VEH_028,MH21E8143,1500,12.155287,77.24242,"[{""lat"": 11.026925, ""lon"": 77.029804}, {""lat"": 14.382202, ""lon"": 77.635726}, {""lat"": 17.807031, ""lon"": 78.240454}, {""lat"": 21.226175, ""lon"": 79.101033}]",1349.5,2026-07-17 13:15:12+05:30,2026-07-17 13:31:19+05:30,1,SHIP_1060,11.007912,76.992617,21.20532,79.053214,1033,LOW,2026-07-19 15:57:11+05:30,4621.33045485
ASN_0060,63.3,t,30.4,12.297335,77.27408,2026-07-16 11:23:32+05:30,,,,AVAILABLE,VEH_028,MH21E8143,1500,12.29504,77.280633,"[{""lat"": 11.026925, ""lon"": 77.029804}, {""lat"": 14.382202, ""lon"": 77.635726}, {""lat"": 17.807031, ""lon"": 78.240454}, {""lat"": 21.226175, ""lon"": 79.101033}]",1349.5,2026-07-17 13:15:12+05:30,2026-07-17 13:31:19+05:30,2,SHIP_1060,11.007912,76.992617,21.20532,79.053214,1033,LOW,2026-07-19 15:57:11+05:30,4593.655570433333
ASN_0060,63.3,t,39.2,13.325918,77.462688,2026-07-16 14:27:36+05:30,,,,AVAILABLE,VEH_028,MH21E8143,1500,13.330397,77.471218,"[{""lat"": 11.026925, ""lon"": 77.029804}, {""lat"": 14.382202, ""lon"": 77.635726}, {""lat"": 17.807031, ""lon"": 78.240454}, {""lat"": 21.226175, ""lon"": 79.101033}]",1349.5,2026-07-17 13:15:12+05:30,2026-07-17 13:31:19+05:30,3,SHIP_1060,11.007912,76.992617,21.20532,79.053214,1033,LOW,2026-07-19 15:57:11+05:30,4409.596055066667
ASN_0060,63.3,t,38.9,14.96722,77.797088,2026-07-16 19:08:40+05:30,,,,AVAILABLE,VEH_028,MH21E8143,1500,14.969892,77.802797,"[{""lat"": 11.026925, ""lon"": 77.029804}, {""lat"": 14.382202, ""lon"": 77.635726}, {""lat"": 17.807031, ""lon"": 78.240454}, {""lat"": 21.226175, ""lon"": 79.101033}]",1349.5,2026-07-17 13:15:12+05:30,2026-07-17 13:31:19+05:30,4,SHIP_1060,11.007912,76.992617,21.20532,79.053214,1033,LOW,2026-07-19 15:57:11+05:30,4128.524380366666
ASN_0060,63.3,t,49.3,19.842912,78.731868,2026-07-17 09:26:45+05:30,,,,AVAILABLE,VEH_028,MH21E8143,1500,19.825708,78.738969,"[{""lat"": 11.026925, ""lon"": 77.029804}, {""lat"": 14.382202, ""lon"": 77.635726}, {""lat"": 17.807031, ""lon"": 78.240454}, {""lat"": 21.226175, ""lon"": 79.101033}]",1349.5,2026-07-17 13:15:12+05:30,2026-07-17 13:31:19+05:30,5,SHIP_1060,11.007912,76.992617,21.20532,79.053214,1033,LOW,2026-07-19 15:57:11+05:30,3270.4454284666667
ASN_0100,100.0,t,39.9,26.487654,80.383277,2026-07-17 14:31:30+05:30,,,,AVAILABLE,VEH_028,MH21E8143,1500,26.492507,80.397857,"[{""lat"": 26.442863, ""lon"": 80.196421}, {""lat"": 26.58106, ""lon"": 80.53828}, {""lat"": 26.829352, ""lon"": 80.966334}]",104.72,2026-07-17 16:15:02+05:30,2026-07-17 16:22:09+05:30,1,SHIP_1100,26.384192,80.200643,26.772604,80.989115,1536,HIGH,2026-07-18 19:40:47+05:30,1749.27129225
ASN_0100,100.0,t,34.9,26.655096,80.633992,2026-07-17 15:24:52+05:30,,,,AVAILABLE,VEH_028,MH21E8143,1500,26.659829,80.631051,"[{""lat"": 26.442863, ""lon"": 80.196421}, {""lat"": 26.58106, ""lon"": 80.53828}, {""lat"": 26.829352, ""lon"": 80.966334}]",104.72,2026-07-17 16:15:02+05:30,2026-07-17 16:22:09+05:30,2,SHIP_1100,26.384192,80.200643,26.772604,80.989115,1536,HIGH,2026-07-18 19:40:47+05:30,1695.9115016833334
ASN_0100,100.0,t,40.9,26.615958,80.716388,2026-07-17 15:33:15+05:30,,,,AVAILABLE,VEH_028,MH21E8143,1500,26.594552,80.716415,"[{""lat"": 26.442863, ""lon"": 80.196421}, {""lat"": 26.58106, ""lon"": 80.53828}, {""lat"": 26.829352, ""lon"": 80.966334}]",104.72,2026-07-17 16:15:02+05:30,2026-07-17 16:22:09+05:30,3,SHIP_1100,26.384192,80.200643,26.772604,80.989115,1536,HIGH,2026-07-18 19:40:47+05:30,1687.5240691
ASN_0100,100.0,t,57.4,26.73632,80.922261,2026-07-17 16:08:17+05:30,,,,AVAILABLE,VEH_028,MH21E8143,1500,26.738304,80.920245,"[{""lat"": 26.442863, ""lon"": 80.196421}, {""lat"": 26.58106, ""lon"": 80.53828}, {""lat"": 26.829352, ""lon"": 80.966334}]",104.72,2026-07-17 16:15:02+05:30,2026-07-17 16:22:09+05:30,4,SHIP_1100,26.384192,80.200643,26.772604,80.989115,1536,HIGH,2026-07-18 19:40:47+05:30,1652.4888180833334
ASN_0100,100.0,t,44.3,26.746374,80.929743,2026-07-17 16:17:12+05:30,,,,AVAILABLE,VEH_028,MH21E8143,1500,26.756126,80.936192,"[{""lat"": 26.442863, ""lon"": 80.196421}, {""lat"": 26.58106, ""lon"": 80.53828}, {""lat"": 26.829352, ""lon"": 80.966334}]",104.72,2026-07-17 16:15:02+05:30,2026-07-17 16:22:09+05:30,5,SHIP_1100,26.384192,80.200643,26.772604,80.989115,1536,HIGH,2026-07-18 19:40:47+05:30,1643.57862045
ASN_0140,100.0,f,56.8,11.4857,76.835723,2026-07-17 18:41:16+05:30,LOW_SPEED,0.05,2026-07-17 23:22:34+05:30,AVAILABLE,VEH_028,MH21E8143,1500,11.475396,76.829684,"[{""lat"": 10.929298, ""lon"": 76.887548}, {""lat"": 13.970884, ""lon"": 76.580478}, {""lat"": 16.851311, ""lon"": 76.350562}, {""lat"": 19.741685, ""lon"": 76.078443}, {""lat"": 22.735377, ""lon"": 75.877167}]",1616.3,2026-07-19 03:03:48+05:30,2026-07-19 03:18:25+05:30,1,SHIP_1140,11.005226,76.87919,22.727699,75.893959,4027,LOW,2026-07-18 16:13:21+05:30,1292.0706717166665
ASN_0140,100.0,f,33.9,13.572044,76.703395,2026-07-18 00:45:31+05:30,LOW_SPEED,0.05,2026-07-17 23:22:34+05:30,AVAILABLE,VEH_028,MH21E8143,1500,13.574966,76.697281,"[{""lat"": 10.929298, ""lon"": 76.887548}, {""lat"": 13.970884, ""lon"": 76.580478}, {""lat"": 16.851311, ""lon"": 76.350562}, {""lat"": 19.741685, ""lon"": 76.078443}, {""lat"": 22.735377, ""lon"": 75.877167}]",1616.3,2026-07-19 03:03:48+05:30,2026-07-19 03:18:25+05:30,2,SHIP_1140,11.005226,76.87919,22.727699,75.893959,4027,LOW,2026-07-18 16:13:21+05:30,927.8241377333333
ASN_0140,100.0,f,49.3,14.370433,76.609623,2026-07-18 03:02:40+05:30,LOW_SPEED,0.05,2026-07-17 23:22:34+05:30,AVAILABLE,VEH_028,MH21E8143,1500,14.373067,76.612414,"[{""lat"": 10.929298, ""lon"": 76.887548}, {""lat"": 13.970884, ""lon"": 76.580478}, {""lat"": 16.851311, ""lon"": 76.350562}, {""lat"": 19.741685, ""lon"": 76.078443}, {""lat"": 22.735377, ""lon"": 75.877167}]",1616.3,2026-07-19 03:03:48+05:30,2026-07-19 03:18:25+05:30,3,SHIP_1140,11.005226,76.87919,22.727699,75.893959,4027,LOW,2026-07-18 16:13:21+05:30,790.6682467666667
ASN_0140,100.0,f,32.2,15.700944,76.479719,2026-07-18 06:57:15+05:30,LOW_SPEED,0.05,2026-07-17 23:22:34+05:30,AVAILABLE,VEH_028,MH21E8143,1500,15.697667,76.47249,"[{""lat"": 10.929298, ""lon"": 76.887548}, {""lat"": 13.970884, ""lon"": 76.580478}, {""lat"": 16.851311, ""lon"": 76.350562}, {""lat"": 19.741685, ""lon"": 76.078443}, {""lat"": 22.735377, ""lon"": 75.877167}]",1616.3,2026-07-19 03:03:48+05:30,2026-07-19 03:18:25+05:30,4,SHIP_1140,11.005226,76.87919,22.727699,75.893959,4027,LOW,2026-07-18 16:13:21+05:30,556.0882115333334
ASN_0180,100.0,t,44.4,23.660521,86.453797,2026-07-19 21:20:32+05:30,LOW_SPEED,0.74,2026-07-19 22:46:57+05:30,AVAILABLE,VEH_028,MH21E8143,1500,23.663956,86.44837,"[{""lat"": 26.659655, ""lon"": 80.944081}, {""lat"": 25.737719, ""lon"": 82.752784}, {""lat"": 24.641943, ""lon"": 84.617619}, {""lat"": 23.724526, ""lon"": 86.474364}, {""lat"": 22.631064, ""lon"": 88.289707}]",1197.16,2026-07-20 02:51:59+05:30,2026-07-20 03:00:15+05:30,1,SHIP_1180,26.772982,80.923098,22.634807,88.258888,7550,MEDIUM,2026-07-15 16:58:09+05:30,0.0
ASN_0180,100.0,t,59.6,23.598013,86.503756,2026-07-19 21:35:01+05:30,LOW_SPEED,0.74,2026-07-19 22:46:57+05:30,AVAILABLE,VEH_028,MH21E8143,1500,23.597995,86.50258,"[{""lat"": 26.659655, ""lon"": 80.944081}, {""lat"": 25.737719, ""lon"": 82.752784}, {""lat"": 24.641943, ""lon"": 84.617619}, {""lat"": 23.724526, ""lon"": 86.474364}, {""lat"": 22.631064, ""lon"": 88.289707}]",1197.16,2026-07-20 02:51:59+05:30,2026-07-20 03:00:15+05:30,2,SHIP_1180,26.772982,80.923098,22.634807,88.258888,7550,MEDIUM,2026-07-15 16:58:09+05:30,0.0
ASN_0180,100.0,t,45.3,23.087337,87.47657,2026-07-20 00:31:10+05:30,LOW_SPEED,0.74,2026-07-19 22:46:57+05:30,AVAILABLE,VEH_028,MH21E8143,1500,23.106507,87.472304,"[{""lat"": 26.659655, ""lon"": 80.944081}, {""lat"": 25.737719, ""lon"": 82.752784}, {""lat"": 24.641943, ""lon"": 84.617619}, {""lat"": 23.724526, ""lon"": 86.474364}, {""lat"": 22.631064, ""lon"": 88.289707}]",1197.16,2026-07-20 02:51:59+05:30,2026-07-20 03:00:15+05:30,3,SHIP_1180,26.772982,80.923098,22.634807,88.258888,7550,MEDIUM,2026-07-15 16:58:09+05:30,0.0
ASN_0180,100.0,t,46.1,22.994458,87.689407,2026-07-20 01:05:39+05:30,LOW_SPEED,0.74,2026-07-19 22:46:57+05:30,AVAILABLE,VEH_028,MH21E8143,1500,22.995384,87.68163,"[{""lat"": 26.659655, ""lon"": 80.944081}, {""lat"": 25.737719, ""lon"": 82.752784}, {""lat"": 24.641943, ""lon"": 84.617619}, {""lat"": 23.724526, ""lon"": 86.474364}, {""lat"": 22.631064, ""lon"": 88.289707}]",1197.16,2026-07-20 02:51:59+05:30,2026-07-20 03:00:15+05:30,4,SHIP_1180,26.772982,80.923098,22.634807,88.258888,7550,MEDIUM,2026-07-15 16:58:09+05:30,0.0
ASN_0032,100.0,t,47.0,23.831038,84.402388,2026-07-15 09:48:57+05:30,LOW_SPEED,0.22,2026-07-15 19:36:38+05:30,ON_DUTY,VEH_029,GJ53F8230,3500,23.839587,84.396114,"[{""lat"": 25.648522, ""lon"": 85.087907}, {""lat"": 22.587248, ""lon"": 83.954043}, {""lat"": 19.296862, ""lon"": 82.652967}, {""lat"": 16.147125, ""lon"": 81.465794}, {""lat"": 13.056861, ""lon"": 80.28817}]",1779.89,2026-07-16 10:02:18+05:30,2026-07-16 10:24:58+05:30,1,SHIP_1032,25.591933,85.078455,13.05451,80.252962,4940,MEDIUM,2026-07-16 18:54:37+05:30,1985.6660900499999
ASN_0032,100.0,t,65.3,21.079915,83.292516,2026-07-15 16:06:28+05:30,LOW_SPEED,0.22,2026-07-15 19:36:38+05:30,ON_DUTY,VEH_029,GJ53F8230,3500,21.092692,83.271184,"[{""lat"": 25.648522, ""lon"": 85.087907}, {""lat"": 22.587248, ""lon"": 83.954043}, {""lat"": 19.296862, ""lon"": 82.652967}, {""lat"": 16.147125, ""lon"": 81.465794}, {""lat"": 13.056861, ""lon"": 80.28817}]",1779.89,2026-07-16 10:02:18+05:30,2026-07-16 10:24:58+05:30,2,SHIP_1032,25.591933,85.078455,13.05451,80.252962,4940,MEDIUM,2026-07-16 18:54:37+05:30,1608.1454778833333
ASN_0032,100.0,t,56.0,17.60228,82.001201,2026-07-16 00:06:14+05:30,LOW_SPEED,0.22,2026-07-15 19:36:38+05:30,ON_DUTY,VEH_029,GJ53F8230,3500,17.587147,82.012304,"[{""lat"": 25.648522, ""lon"": 85.087907}, {""lat"": 22.587248, ""lon"": 83.954043}, {""lat"": 19.296862, ""lon"": 82.652967}, {""lat"": 16.147125, ""lon"": 81.465794}, {""lat"": 13.056861, ""lon"": 80.28817}]",1779.89,2026-07-16 10:02:18+05:30,2026-07-16 10:24:58+05:30,3,SHIP_1032,25.591933,85.078455,13.05451,80.252962,4940,MEDIUM,2026-07-16 18:54:37+05:30,1128.3842554833332
ASN_0072,100.0,t,62.2,17.893767,78.621808,2026-07-16 12:09:04+05:30,SPEEDING,0.92,2026-07-16 19:05:05+05:30,ON_DUTY,VEH_029,GJ53F8230,3500,17.880616,78.612904,"[{""lat"": 17.333754, ""lon"": 78.566146}, {""lat"": 20.340485, ""lon"": 79.079781}, {""lat"": 23.391866, ""lon"": 79.787378}, {""lat"": 26.418516, ""lon"": 80.271251}]",1387.19,2026-07-17 08:35:52+05:30,2026-07-17 08:22:10+05:30,1,SHIP_1072,17.379331,78.52311,26.502142,80.32567,4697,LOW,2026-07-19 13:12:33+05:30,4383.49108565
ASN_0072,100.0,t,68.0,25.085599,80.069295,2026-07-17 05:04:26+05:30,SPEEDING,0.92,2026-07-16 19:05:05+05:30,ON_DUTY,VEH_029,GJ53F8230,3500,25.082423,80.066657,"[{""lat"": 17.333754, ""lon"": 78.566146}, {""lat"": 20.340485, ""lon"": 79.079781}, {""lat"": 23.391866, ""lon"": 79.787378}, {""lat"": 26.418516, ""lon"": 80.271251}]",1387.19,2026-07-17 08:35:52+05:30,2026-07-17 08:22:10+05:30,2,SHIP_1072,17.379331,78.52311,26.502142,80.32567,4697,LOW,2026-07-19 13:12:33+05:30,3368.1138356666665
ASN_0072,100.0,t,61.4,25.323287,80.078293,2026-07-17 05:34:56+05:30,SPEEDING,0.92,2026-07-16 19:05:05+05:30,ON_DUTY,VEH_029,GJ53F8230,3500,25.306819,80.084697,"[{""lat"": 17.333754, ""lon"": 78.566146}, {""lat"": 20.340485, ""lon"": 79.079781}, {""lat"": 23.391866, ""lon"": 79.787378}, {""lat"": 26.418516, ""lon"": 80.271251}]",1387.19,2026-07-17 08:35:52+05:30,2026-07-17 08:22:10+05:30,3,SHIP_1072,17.379331,78.52311,26.502142,80.32567,4697,LOW,2026-07-19 13:12:33+05:30,3337.626488866667
ASN_0112,100.0,t,50.3,21.245533,79.054966,2026-07-17 09:14:11+05:30,,,,ON_DUTY,VEH_029,GJ53F8230,3500,21.252369,79.052136,"[{""lat"": 21.135788, ""lon"": 79.055564}, {""lat"": 21.944747, ""lon"": 78.620686}, {""lat"": 22.65922, ""lon"": 78.073795}, {""lat"": 23.34292, ""lon"": 77.426314}]",357.22,2026-07-17 16:25:30+05:30,2026-07-17 16:31:47+05:30,1,SHIP_1112,21.19908,79.10574,23.334037,77.497603,8413,HIGH,2026-07-18 04:26:48+05:30,1152.6044576499999
ASN_0112,100.0,t,59.2,21.399534,78.970569,2026-07-17 09:45:51+05:30,,,,ON_DUTY,VEH_029,GJ53F8230,3500,21.401258,78.968923,"[{""lat"": 21.135788, ""lon"": 79.055564}, {""lat"": 21.944747, ""lon"": 78.620686}, {""lat"": 22.65922, ""lon"": 78.073795}, {""lat"": 23.34292, ""lon"": 77.426314}]",357.22,2026-07-17 16:25:30+05:30,2026-07-17 16:31:47+05:30,2,SHIP_1112,21.19908,79.10574,23.334037,77.497603,8413,HIGH,2026-07-18 04:26:48+05:30,1120.9368593
ASN_0112,100.0,t,51.3,21.485941,78.911862,2026-07-17 10:05:13+05:30,,,,ON_DUTY,VEH_029,GJ53F8230,3500,21.48155,78.904192,"[{""lat"": 21.135788, ""lon"": 79.055564}, {""lat"": 21.944747, ""lon"": 78.620686}, {""lat"": 22.65922, ""lon"": 78.073795}, {""lat"": 23.34292, ""lon"": 77.426314}]",357.22,2026-07-17 16:25:30+05:30,2026-07-17 16:31:47+05:30,3,SHIP_1112,21.19908,79.10574,23.334037,77.497603,8413,HIGH,2026-07-18 04:26:48+05:30,1101.5746279333332
ASN_0112,100.0,t,50.8,21.640138,78.756782,2026-07-17 10:40:51+05:30,,,,ON_DUTY,VEH_029,GJ53F8230,3500,21.641666,78.755856,"[{""lat"": 21.135788, ""lon"": 79.055564}, {""lat"": 21.944747, ""lon"": 78.620686}, {""lat"": 22.65922, ""lon"": 78.073795}, {""lat"": 23.34292, ""lon"": 77.426314}]",357.22,2026-07-17 16:25:30+05:30,2026-07-17 16:31:47+05:30,4,SHIP_1112,21.19908,79.10574,23.334037,77.497603,8413,HIGH,2026-07-18 04:26:48+05:30,1065.94617605
ASN_0112,100.0,t,63.9,22.061038,78.459355,2026-07-17 12:06:57+05:30,,,,ON_DUTY,VEH_029,GJ53F8230,3500,22.072497,78.453682,"[{""lat"": 21.135788, ""lon"": 79.055564}, {""lat"": 21.944747, ""lon"": 78.620686}, {""lat"": 22.65922, ""lon"": 78.073795}, {""lat"": 23.34292, ""lon"": 77.426314}]",357.22,2026-07-17 16:25:30+05:30,2026-07-17 16:31:47+05:30,5,SHIP_1112,21.19908,79.10574,23.334037,77.497603,8413,HIGH,2026-07-18 04:26:48+05:30,979.8402631499999
ASN_0112,100.0,t,47.9,22.471573,78.146581,2026-07-17 13:30:41+05:30,,,,ON_DUTY,VEH_029,GJ53F8230,3500,22.469089,78.140427,"[{""lat"": 21.135788, ""lon"": 79.055564}, {""lat"": 21.944747, ""lon"": 78.620686}, {""lat"": 22.65922, ""lon"": 78.073795}, {""lat"": 23.34292, ""lon"": 77.426314}]",357.22,2026-07-17 16:25:30+05:30,2026-07-17 16:31:47+05:30,6,SHIP_1112,21.19908,79.10574,23.334037,77.497603,8413,HIGH,2026-07-18 04:26:48+05:30,896.1090272
ASN_0112,100.0,t,50.7,23.244504,77.497382,2026-07-17 16:18:40+05:30,,,,ON_DUTY,VEH_029,GJ53F8230,3500,23.255744,77.488501,"[{""lat"": 21.135788, ""lon"": 79.055564}, {""lat"": 21.944747, ""lon"": 78.620686}, {""lat"": 22.65922, ""lon"": 78.073795}, {""lat"": 23.34292, ""lon"": 77.426314}]",357.22,2026-07-17 16:25:30+05:30,2026-07-17 16:31:47+05:30,7,SHIP_1112,21.19908,79.10574,23.334037,77.497603,8413,HIGH,2026-07-18 04:26:48+05:30,728.1313329333333
ASN_0152,66.6,t,38.3,22.794216,73.552118,2026-07-17 22:19:56+05:30,SPEEDING,0.57,2026-07-18 09:18:05+05:30,ON_DUTY,VEH_029,GJ53F8230,3500,22.812675,73.56209,"[{""lat"": 21.091744, ""lon"": 72.724533}, {""lat"": 24.133359, ""lon"": 74.177949}, {""lat"": 27.104927, ""lon"": 75.879404}]",979.5,2026-07-18 13:14:32+05:30,2026-07-18 13:00:14+05:30,1,SHIP_1152,21.207243,72.715027,27.074542,75.881982,2418,LOW,2026-07-17 14:12:31+05:30,0.0
ASN_0152,66.6,t,40.0,22.837602,73.576859,2026-07-17 22:37:15+05:30,SPEEDING,0.57,2026-07-18 09:18:05+05:30,ON_DUTY,VEH_029,GJ53F8230,3500,22.839474,73.5819,"[{""lat"": 21.091744, ""lon"": 72.724533}, {""lat"": 24.133359, ""lon"": 74.177949}, {""lat"": 27.104927, ""lon"": 75.879404}]",979.5,2026-07-18 13:14:32+05:30,2026-07-18 13:00:14+05:30,2,SHIP_1152,21.207243,72.715027,27.074542,75.881982,2418,LOW,2026-07-17 14:12:31+05:30,0.0
ASN_0152,66.6,t,50.1,23.277578,73.804532,2026-07-18 00:02:43+05:30,SPEEDING,0.57,2026-07-18 09:18:05+05:30,ON_DUTY,VEH_029,GJ53F8230,3500,23.283141,73.804245,"[{""lat"": 21.091744, ""lon"": 72.724533}, {""lat"": 24.133359, ""lon"": 74.177949}, {""lat"": 27.104927, ""lon"": 75.879404}]",979.5,2026-07-18 13:14:32+05:30,2026-07-18 13:00:14+05:30,3,SHIP_1152,21.207243,72.715027,27.074542,75.881982,2418,LOW,2026-07-17 14:12:31+05:30,0.0
ASN_0152,66.6,t,47.4,23.301694,73.861614,2026-07-18 00:08:17+05:30,SPEEDING,0.57,2026-07-18 09:18:05+05:30,ON_DUTY,VEH_029,GJ53F8230,3500,23.290533,73.862241,"[{""lat"": 21.091744, ""lon"": 72.724533}, {""lat"": 24.133359, ""lon"": 74.177949}, {""lat"": 27.104927, ""lon"": 75.879404}]",979.5,2026-07-18 13:14:32+05:30,2026-07-18 13:00:14+05:30,4,SHIP_1152,21.207243,72.715027,27.074542,75.881982,2418,LOW,2026-07-17 14:12:31+05:30,0.0
ASN_0152,66.6,t,52.5,23.368433,73.913566,2026-07-18 00:25:10+05:30,SPEEDING,0.57,2026-07-18 09:18:05+05:30,ON_DUTY,VEH_029,GJ53F8230,3500,23.358466,73.91533,"[{""lat"": 21.091744, ""lon"": 72.724533}, {""lat"": 24.133359, ""lon"": 74.177949}, {""lat"": 27.104927, ""lon"": 75.879404}]",979.5,2026-07-18 13:14:32+05:30,2026-07-18 13:00:14+05:30,5,SHIP_1152,21.207243,72.715027,27.074542,75.881982,2418,LOW,2026-07-17 14:12:31+05:30,0.0
ASN_0152,66.6,t,46.6,25.882192,75.183322,2026-07-18 08:50:45+05:30,SPEEDING,0.57,2026-07-18 09:18:05+05:30,ON_DUTY,VEH_029,GJ53F8230,3500,25.897905,75.167928,"[{""lat"": 21.091744, ""lon"": 72.724533}, {""lat"": 24.133359, ""lon"": 74.177949}, {""lat"": 27.104927, ""lon"": 75.879404}]",979.5,2026-07-18 13:14:32+05:30,2026-07-18 13:00:14+05:30,6,SHIP_1152,21.207243,72.715027,27.074542,75.881982,2418,LOW,2026-07-17 14:12:31+05:30,0.0
ASN_0152,66.6,t,47.3,26.748337,75.679658,2026-07-18 11:54:06+05:30,SPEEDING,0.57,2026-07-18 09:18:05+05:30,ON_DUTY,VEH_029,GJ53F8230,3500,26.724653,75.663549,"[{""lat"": 21.091744, ""lon"": 72.724533}, {""lat"": 24.133359, ""lon"": 74.177949}, {""lat"": 27.104927, ""lon"": 75.879404}]",979.5,2026-07-18 13:14:32+05:30,2026-07-18 13:00:14+05:30,7,SHIP_1152,21.207243,72.715027,27.074542,75.881982,2418,LOW,2026-07-17 14:12:31+05:30,0.0
ASN_0192,100.0,f,63.7,23.867992,82.513373,2026-07-18 20:14:21+05:30,,,,ON_DUTY,VEH_029,GJ53F8230,3500,23.850803,82.506669,"[{""lat"": 25.620673, ""lon"": 85.049195}, {""lat"": 24.107229, ""lon"": 83.007094}, {""lat"": 22.878956, ""lon"": 81.127057}, {""lat"": 21.33237, ""lon"": 79.054008}]",1006.27,2026-07-19 06:00:04+05:30,2026-07-19 06:06:59+05:30,1,SHIP_1192,25.588129,85.014685,21.293367,79.01935,6661,MEDIUM,2026-07-20 21:51:22+05:30,2977.02503135
ASN_0192,100.0,f,61.9,21.921189,79.891604,2026-07-19 03:39:30+05:30,,,,ON_DUTY,VEH_029,GJ53F8230,3500,21.913353,79.890289,"[{""lat"": 25.620673, ""lon"": 85.049195}, {""lat"": 24.107229, ""lon"": 83.007094}, {""lat"": 22.878956, ""lon"": 81.127057}, {""lat"": 21.33237, ""lon"": 79.054008}]",1006.27,2026-07-19 06:00:04+05:30,2026-07-19 06:06:59+05:30,2,SHIP_1192,25.588129,85.014685,21.293367,79.01935,6661,MEDIUM,2026-07-20 21:51:22+05:30,2531.8624447499997
ASN_0192,100.0,f,46.6,21.678634,79.582343,2026-07-19 04:31:14+05:30,,,,ON_DUTY,VEH_029,GJ53F8230,3500,21.684785,79.56931,"[{""lat"": 25.620673, ""lon"": 85.049195}, {""lat"": 24.107229, ""lon"": 83.007094}, {""lat"": 22.878956, ""lon"": 81.127057}, {""lat"": 21.33237, ""lon"": 79.054008}]",1006.27,2026-07-19 06:00:04+05:30,2026-07-19 06:06:59+05:30,3,SHIP_1192,25.588129,85.014685,21.293367,79.01935,6661,MEDIUM,2026-07-20 21:51:22+05:30,2480.1394588499998
ASN_0002,100.0,f,53.4,23.635401,81.308659,2026-07-15 23:06:17+05:30,,,,AVAILABLE,VEH_030,TN37H2243,1500,23.619933,81.305453,"[{""lat"": 19.900176, ""lon"": 73.825722}, {""lat"": 21.251289, ""lon"": 76.686179}, {""lat"": 22.775285, ""lon"": 79.475901}, {""lat"": 24.199705, ""lon"": 82.401636}, {""lat"": 25.69561, ""lon"": 85.267112}]",1768.9,2026-07-16 08:33:49+05:30,2026-07-16 08:54:12+05:30,1,SHIP_1002,19.995016,73.802597,25.598075,85.290257,7579,MEDIUM,2026-07-19 22:56:39+05:30,5750.3767898666665
ASN_0002,100.0,f,62.3,24.028456,82.032302,2026-07-16 00:47:31+05:30,,,,AVAILABLE,VEH_030,TN37H2243,1500,24.029503,82.037091,"[{""lat"": 19.900176, ""lon"": 73.825722}, {""lat"": 21.251289, ""lon"": 76.686179}, {""lat"": 22.775285, ""lon"": 79.475901}, {""lat"": 24.199705, ""lon"": 82.401636}, {""lat"": 25.69561, ""lon"": 85.267112}]",1768.9,2026-07-16 08:33:49+05:30,2026-07-16 08:54:12+05:30,2,SHIP_1002,19.995016,73.802597,25.598075,85.290257,7579,MEDIUM,2026-07-19 22:56:39+05:30,5649.146501266666
ASN_0002,100.0,f,58.2,24.315454,82.612178,2026-07-16 02:17:07+05:30,,,,AVAILABLE,VEH_030,TN37H2243,1500,24.31127,82.623136,"[{""lat"": 19.900176, ""lon"": 73.825722}, {""lat"": 21.251289, ""lon"": 76.686179}, {""lat"": 22.775285, ""lon"": 79.475901}, {""lat"": 24.199705, ""lon"": 82.401636}, {""lat"": 25.69561, ""lon"": 85.267112}]",1768.9,2026-07-16 08:33:49+05:30,2026-07-16 08:54:12+05:30,3,SHIP_1002,19.995016,73.802597,25.598075,85.290257,7579,MEDIUM,2026-07-19 22:56:39+05:30,5559.543044183333
ASN_0002,100.0,f,42.5,25.000117,83.94643,2026-07-16 05:37:18+05:30,,,,AVAILABLE,VEH_030,TN37H2243,1500,25.007875,83.945372,"[{""lat"": 19.900176, ""lon"": 73.825722}, {""lat"": 21.251289, ""lon"": 76.686179}, {""lat"": 22.775285, ""lon"": 79.475901}, {""lat"": 24.199705, ""lon"": 82.401636}, {""lat"": 25.69561, ""lon"": 85.267112}]",1768.9,2026-07-16 08:33:49+05:30,2026-07-16 08:54:12+05:30,4,SHIP_1002,19.995016,73.802597,25.598075,85.290257,7579,MEDIUM,2026-07-19 22:56:39+05:30,5359.359692800001
ASN_0002,100.0,f,63.6,25.179046,84.450705,2026-07-16 06:46:26+05:30,,,,AVAILABLE,VEH_030,TN37H2243,1500,25.165559,84.430882,"[{""lat"": 19.900176, ""lon"": 73.825722}, {""lat"": 21.251289, ""lon"": 76.686179}, {""lat"": 22.775285, ""lon"": 79.475901}, {""lat"": 24.199705, ""lon"": 82.401636}, {""lat"": 25.69561, ""lon"": 85.267112}]",1768.9,2026-07-16 08:33:49+05:30,2026-07-16 08:54:12+05:30,5,SHIP_1002,19.995016,73.802597,25.598075,85.290257,7579,MEDIUM,2026-07-19 22:56:39+05:30,5290.230580933333
ASN_0002,100.0,f,65.8,25.240454,84.536554,2026-07-16 07:06:11+05:30,,,,AVAILABLE,VEH_030,TN37H2243,1500,25.227478,84.532754,"[{""lat"": 19.900176, ""lon"": 73.825722}, {""lat"": 21.251289, ""lon"": 76.686179}, {""lat"": 22.775285, ""lon"": 79.475901}, {""lat"": 24.199705, ""lon"": 82.401636}, {""lat"": 25.69561, ""lon"": 85.267112}]",1768.9,2026-07-16 08:33:49+05:30,2026-07-16 08:54:12+05:30,6,SHIP_1002,19.995016,73.802597,25.598075,85.290257,7579,MEDIUM,2026-07-19 22:56:39+05:30,5270.480167216667
ASN_0042,100.0,t,46.5,13.869691,77.31059,2026-07-16 12:45:00+05:30,,,,AVAILABLE,VEH_030,TN37H2243,1500,13.869612,77.313408,"[{""lat"": 12.931122, ""lon"": 77.732658}, {""lat"": 22.397671, ""lon"": 73.178781}]",1412.97,2026-07-17 16:27:21+05:30,2026-07-17 16:37:30+05:30,1,SHIP_1042,12.941707,77.777045,22.301632,73.162107,7819,LOW,2026-07-18 08:18:33+05:30,2613.560968266667
ASN_0042,100.0,t,29.4,18.387724,75.082821,2026-07-17 03:40:00+05:30,,,,AVAILABLE,VEH_030,TN37H2243,1500,18.395804,75.088424,"[{""lat"": 12.931122, ""lon"": 77.732658}, {""lat"": 22.397671, ""lon"": 73.178781}]",1412.97,2026-07-17 16:27:21+05:30,2026-07-17 16:37:30+05:30,2,SHIP_1042,12.941707,77.777045,22.301632,73.162107,7819,LOW,2026-07-18 08:18:33+05:30,1718.5633462
ASN_0042,100.0,t,49.5,20.63614,73.983797,2026-07-17 11:10:14+05:30,,,,AVAILABLE,VEH_030,TN37H2243,1500,20.636608,73.965192,"[{""lat"": 12.931122, ""lon"": 77.732658}, {""lat"": 22.397671, ""lon"": 73.178781}]",1412.97,2026-07-17 16:27:21+05:30,2026-07-17 16:37:30+05:30,3,SHIP_1042,12.941707,77.777045,22.301632,73.162107,7819,LOW,2026-07-18 08:18:33+05:30,1268.32444365
ASN_0042,100.0,t,61.7,21.546449,73.509831,2026-07-17 14:12:22+05:30,,,,AVAILABLE,VEH_030,TN37H2243,1500,21.537625,73.506114,"[{""lat"": 12.931122, ""lon"": 77.732658}, {""lat"": 22.397671, ""lon"": 73.178781}]",1412.97,2026-07-17 16:27:21+05:30,2026-07-17 16:37:30+05:30,4,SHIP_1042,12.941707,77.777045,22.301632,73.162107,7819,LOW,2026-07-18 08:18:33+05:30,1086.1926388333334
ASN_0042,100.0,t,49.0,21.623313,73.475032,2026-07-17 14:27:15+05:30,,,,AVAILABLE,VEH_030,TN37H2243,1500,21.602358,73.446461,"[{""lat"": 12.931122, ""lon"": 77.732658}, {""lat"": 22.397671, ""lon"": 73.178781}]",1412.97,2026-07-17 16:27:21+05:30,2026-07-17 16:37:30+05:30,5,SHIP_1042,12.941707,77.777045,22.301632,73.162107,7819,LOW,2026-07-18 08:18:33+05:30,1071.3002859
ASN_0082,100.0,t,56.7,24.858639,81.618311,2026-07-18 07:29:42+05:30,,,,AVAILABLE,VEH_030,TN37H2243,1500,24.86859,81.629262,"[{""lat"": 26.881695, ""lon"": 75.728031}, {""lat"": 25.754456, ""lon"": 79.037117}, {""lat"": 24.659032, ""lon"": 82.115257}, {""lat"": 23.669634, ""lon"": 85.266654}, {""lat"": 22.491845, ""lon"": 88.394879}]",1879.5,2026-07-19 00:25:08+05:30,2026-07-19 00:13:48+05:30,1,SHIP_1082,26.834531,75.833967,22.552914,88.430461,4440,MEDIUM,2026-07-17 04:05:20+05:30,0.0
ASN_0082,100.0,t,60.9,23.811511,84.800532,2026-07-18 15:16:45+05:30,,,,AVAILABLE,VEH_030,TN37H2243,1500,23.81357,84.806423,"[{""lat"": 26.881695, ""lon"": 75.728031}, {""lat"": 25.754456, ""lon"": 79.037117}, {""lat"": 24.659032, ""lon"": 82.115257}, {""lat"": 23.669634, ""lon"": 85.266654}, {""lat"": 22.491845, ""lon"": 88.394879}]",1879.5,2026-07-19 00:25:08+05:30,2026-07-19 00:13:48+05:30,2,SHIP_1082,26.834531,75.833967,22.552914,88.430461,4440,MEDIUM,2026-07-17 04:05:20+05:30,0.0
ASN_0082,100.0,t,63.1,23.387809,85.970643,2026-07-18 18:06:28+05:30,,,,AVAILABLE,VEH_030,TN37H2243,1500,23.398979,85.975154,"[{""lat"": 26.881695, ""lon"": 75.728031}, {""lat"": 25.754456, ""lon"": 79.037117}, {""lat"": 24.659032, ""lon"": 82.115257}, {""lat"": 23.669634, ""lon"": 85.266654}, {""lat"": 22.491845, ""lon"": 88.394879}]",1879.5,2026-07-19 00:25:08+05:30,2026-07-19 00:13:48+05:30,3,SHIP_1082,26.834531,75.833967,22.552914,88.430461,4440,MEDIUM,2026-07-17 04:05:20+05:30,0.0
ASN_0122,100.0,t,59.8,12.32266,79.006025,2026-07-19 03:56:27+05:30,SPEEDING,0.7,2026-07-19 02:34:11+05:30,AVAILABLE,VEH_030,TN37H2243,1500,12.324633,78.987098,"[{""lat"": 13.024329, ""lon"": 80.360955}, {""lat"": 10.967144, ""lon"": 76.909323}]",533.47,2026-07-19 09:20:07+05:30,2026-07-19 08:56:24+05:30,1,SHIP_1122,13.03445,80.320493,11.031396,76.748955,5242,HIGH,2026-07-16 22:18:53+05:30,0.0
ASN_0122,100.0,t,57.0,11.671543,77.870887,2026-07-19 06:26:46+05:30,SPEEDING,0.7,2026-07-19 02:34:11+05:30,AVAILABLE,VEH_030,TN37H2243,1500,11.678287,77.90569,"[{""lat"": 13.024329, ""lon"": 80.360955}, {""lat"": 10.967144, ""lon"": 76.909323}]",533.47,2026-07-19 09:20:07+05:30,2026-07-19 08:56:24+05:30,2,SHIP_1122,13.03445,80.320493,11.031396,76.748955,5242,HIGH,2026-07-16 22:18:53+05:30,0.0
ASN_0122,100.0,t,64.0,11.290645,77.210467,2026-07-19 07:56:58+05:30,SPEEDING,0.7,2026-07-19 02:34:11+05:30,AVAILABLE,VEH_030,TN37H2243,1500,11.283136,77.212774,"[{""lat"": 13.024329, ""lon"": 80.360955}, {""lat"": 10.967144, ""lon"": 76.909323}]",533.47,2026-07-19 09:20:07+05:30,2026-07-19 08:56:24+05:30,3,SHIP_1122,13.03445,80.320493,11.031396,76.748955,5242,HIGH,2026-07-16 22:18:53+05:30,0.0
ASN_0162,100.0,t,49.3,17.927733,78.202326,2026-07-19 10:53:25+05:30,,,,AVAILABLE,VEH_030,TN37H2243,1500,17.937451,78.224939,"[{""lat"": 17.446355, ""lon"": 78.441924}, {""lat"": 18.757144, ""lon"": 77.715937}, {""lat"": 20.013656, ""lon"": 77.116918}, {""lat"": 21.40225, ""lon"": 76.424955}, {""lat"": 22.670711, ""lon"": 75.870539}]",764.33,2026-07-20 00:45:59+05:30,2026-07-20 00:41:23+05:30,1,SHIP_1162,17.418548,78.416301,22.725601,75.84413,6185,LOW,2026-07-16 06:44:25+05:30,0.0
ASN_0162,100.0,t,49.1,20.534603,76.887787,2026-07-19 18:23:13+05:30,,,,AVAILABLE,VEH_030,TN37H2243,1500,20.530199,76.883994,"[{""lat"": 17.446355, ""lon"": 78.441924}, {""lat"": 18.757144, ""lon"": 77.715937}, {""lat"": 20.013656, ""lon"": 77.116918}, {""lat"": 21.40225, ""lon"": 76.424955}, {""lat"": 22.670711, ""lon"": 75.870539}]",764.33,2026-07-20 00:45:59+05:30,2026-07-20 00:41:23+05:30,2,SHIP_1162,17.418548,78.416301,22.725601,75.84413,6185,LOW,2026-07-16 06:44:25+05:30,0.0
ASN_0162,100.0,t,39.1,21.946676,76.200915,2026-07-19 22:32:36+05:30,,,,AVAILABLE,VEH_030,TN37H2243,1500,21.949698,76.200988,"[{""lat"": 17.446355, ""lon"": 78.441924}, {""lat"": 18.757144, ""lon"": 77.715937}, {""lat"": 20.013656, ""lon"": 77.116918}, {""lat"": 21.40225, ""lon"": 76.424955}, {""lat"": 22.670711, ""lon"": 75.870539}]",764.33,2026-07-20 00:45:59+05:30,2026-07-20 00:41:23+05:30,3,SHIP_1162,17.418548,78.416301,22.725601,75.84413,6185,LOW,2026-07-16 06:44:25+05:30,0.0
ASN_0013,100.0,t,67.4,19.24539,73.630633,2026-07-15 04:36:38+05:30,SPEEDING,0.41,2026-07-15 07:37:08+05:30,OFF_DUTY,VEH_031,TN03B6072,5000,19.248087,73.643589,"[{""lat"": 18.38976, ""lon"": 73.849404}, {""lat"": 21.153815, ""lon"": 72.842996}]",425.04,2026-07-15 09:50:40+05:30,2026-07-15 10:01:43+05:30,1,SHIP_1013,18.557236,73.876143,21.19287,72.861765,5322,MEDIUM,2026-07-21 12:06:51+05:30,9090.21488635
ASN_0013,100.0,t,41.5,19.618028,73.448808,2026-07-15 05:38:04+05:30,SPEEDING,0.41,2026-07-15 07:37:08+05:30,OFF_DUTY,VEH_031,TN03B6072,5000,19.61065,73.447777,"[{""lat"": 18.38976, ""lon"": 73.849404}, {""lat"": 21.153815, ""lon"": 72.842996}]",425.04,2026-07-15 09:50:40+05:30,2026-07-15 10:01:43+05:30,2,SHIP_1013,18.557236,73.876143,21.19287,72.861765,5322,MEDIUM,2026-07-21 12:06:51+05:30,9028.786840866667
ASN_0013,100.0,t,53.3,19.898861,73.383361,2026-07-15 06:24:23+05:30,SPEEDING,0.41,2026-07-15 07:37:08+05:30,OFF_DUTY,VEH_031,TN03B6072,5000,19.890381,73.390694,"[{""lat"": 18.38976, ""lon"": 73.849404}, {""lat"": 21.153815, ""lon"": 72.842996}]",425.04,2026-07-15 09:50:40+05:30,2026-07-15 10:01:43+05:30,3,SHIP_1013,18.557236,73.876143,21.19287,72.861765,5322,MEDIUM,2026-07-21 12:06:51+05:30,8982.464111616666
ASN_0013,100.0,t,62.4,20.008123,73.316135,2026-07-15 06:40:02+05:30,SPEEDING,0.41,2026-07-15 07:37:08+05:30,OFF_DUTY,VEH_031,TN03B6072,5000,20.021517,73.31895,"[{""lat"": 18.38976, ""lon"": 73.849404}, {""lat"": 21.153815, ""lon"": 72.842996}]",425.04,2026-07-15 09:50:40+05:30,2026-07-15 10:01:43+05:30,4,SHIP_1013,18.557236,73.876143,21.19287,72.861765,5322,MEDIUM,2026-07-21 12:06:51+05:30,8966.825347066666
ASN_0013,100.0,t,72.3,20.294661,73.164231,2026-07-15 07:32:01+05:30,SPEEDING,0.41,2026-07-15 07:37:08+05:30,OFF_DUTY,VEH_031,TN03B6072,5000,20.300719,73.165091,"[{""lat"": 18.38976, ""lon"": 73.849404}, {""lat"": 21.153815, ""lon"": 72.842996}]",425.04,2026-07-15 09:50:40+05:30,2026-07-15 10:01:43+05:30,5,SHIP_1013,18.557236,73.876143,21.19287,72.861765,5322,MEDIUM,2026-07-21 12:06:51+05:30,8914.83962845
ASN_0013,100.0,t,58.0,20.998466,72.906886,2026-07-15 09:30:56+05:30,SPEEDING,0.41,2026-07-15 07:37:08+05:30,OFF_DUTY,VEH_031,TN03B6072,5000,20.996995,72.917491,"[{""lat"": 18.38976, ""lon"": 73.849404}, {""lat"": 21.153815, ""lon"": 72.842996}]",425.04,2026-07-15 09:50:40+05:30,2026-07-15 10:01:43+05:30,6,SHIP_1013,18.557236,73.876143,21.19287,72.861765,5322,MEDIUM,2026-07-21 12:06:51+05:30,8795.914827083332
ASN_0053,100.0,t,46.3,19.736438,74.235856,2026-07-15 14:03:49+05:30,,,,OFF_DUTY,VEH_031,TN03B6072,5000,19.738511,74.225942,"[{""lat"": 18.556962, ""lon"": 73.869707}, {""lat"": 21.05432, ""lon"": 74.677598}, {""lat"": 23.432928, ""lon"": 75.47482}, {""lat"": 26.04695, ""lon"": 76.240757}, {""lat"": 28.461199, ""lon"": 77.142201}]",1411.41,2026-07-16 16:32:25+05:30,2026-07-16 16:53:07+05:30,1,SHIP_1053,18.481651,73.854332,28.535606,77.132414,8248,MEDIUM,2026-07-17 08:42:31+05:30,2558.707274783333
ASN_0053,100.0,t,50.8,23.227782,75.39769,2026-07-16 00:41:43+05:30,,,,OFF_DUTY,VEH_031,TN03B6072,5000,23.210535,75.379764,"[{""lat"": 18.556962, ""lon"": 73.869707}, {""lat"": 21.05432, ""lon"": 74.677598}, {""lat"": 23.432928, ""lon"": 75.47482}, {""lat"": 26.04695, ""lon"": 76.240757}, {""lat"": 28.461199, ""lon"": 77.142201}]",1411.41,2026-07-16 16:32:25+05:30,2026-07-16 16:53:07+05:30,2,SHIP_1053,18.481651,73.854332,28.535606,77.132414,8248,MEDIUM,2026-07-17 08:42:31+05:30,1920.8038159333335
ASN_0053,100.0,t,44.0,27.662639,76.861461,2026-07-16 14:24:12+05:30,,,,OFF_DUTY,VEH_031,TN03B6072,5000,27.669498,76.875957,"[{""lat"": 18.556962, ""lon"": 73.869707}, {""lat"": 21.05432, ""lon"": 74.677598}, {""lat"": 23.432928, ""lon"": 75.47482}, {""lat"": 26.04695, ""lon"": 76.240757}, {""lat"": 28.461199, ""lon"": 77.142201}]",1411.41,2026-07-16 16:32:25+05:30,2026-07-16 16:53:07+05:30,3,SHIP_1053,18.481651,73.854332,28.535606,77.132414,8248,MEDIUM,2026-07-17 08:42:31+05:30,1098.3218473000002
ASN_0093,100.0,f,62.3,21.348456,80.450621,2026-07-16 21:31:23+05:30,LOW_SPEED,0.63,2026-07-16 23:40:38+05:30,OFF_DUTY,VEH_031,TN03B6072,5000,21.360766,80.458841,"[{""lat"": 21.160796, ""lon"": 79.157297}, {""lat"": 22.583244, ""lon"": 88.443216}]",1339.0,2026-07-17 21:36:55+05:30,2026-07-17 22:03:48+05:30,1,SHIP_1093,21.13134,79.171545,22.601874,88.404278,7930,HIGH,2026-07-19 01:47:08+05:30,3135.7586172
ASN_0093,100.0,f,41.5,21.792853,83.356495,2026-07-17 06:29:55+05:30,LOW_SPEED,0.63,2026-07-16 23:40:38+05:30,OFF_DUTY,VEH_031,TN03B6072,5000,21.821035,83.353922,"[{""lat"": 21.160796, ""lon"": 79.157297}, {""lat"": 22.583244, ""lon"": 88.443216}]",1339.0,2026-07-17 21:36:55+05:30,2026-07-17 22:03:48+05:30,2,SHIP_1093,21.13134,79.171545,22.601874,88.404278,7930,HIGH,2026-07-19 01:47:08+05:30,2597.2253736333337
ASN_0093,100.0,f,33.8,21.812441,83.408904,2026-07-17 06:35:01+05:30,LOW_SPEED,0.63,2026-07-16 23:40:38+05:30,OFF_DUTY,VEH_031,TN03B6072,5000,21.803829,83.404607,"[{""lat"": 21.160796, ""lon"": 79.157297}, {""lat"": 22.583244, ""lon"": 88.443216}]",1339.0,2026-07-17 21:36:55+05:30,2026-07-17 22:03:48+05:30,3,SHIP_1093,21.13134,79.171545,22.601874,88.404278,7930,HIGH,2026-07-19 01:47:08+05:30,2592.12826415
ASN_0093,100.0,f,42.3,22.444937,87.52217,2026-07-17 19:25:29+05:30,LOW_SPEED,0.63,2026-07-16 23:40:38+05:30,OFF_DUTY,VEH_031,TN03B6072,5000,22.457532,87.529081,"[{""lat"": 21.160796, ""lon"": 79.157297}, {""lat"": 22.583244, ""lon"": 88.443216}]",1339.0,2026-07-17 21:36:55+05:30,2026-07-17 22:03:48+05:30,4,SHIP_1093,21.13134,79.171545,22.601874,88.404278,7930,HIGH,2026-07-19 01:47:08+05:30,1821.66012445
ASN_0133,31.7,t,53.6,17.420384,75.123219,2026-07-18 02:22:55+05:30,SPEEDING,0.46,2026-07-18 02:20:10+05:30,OFF_DUTY,VEH_031,TN03B6072,5000,17.403522,75.131316,"[{""lat"": 18.327324, ""lon"": 74.071773}, {""lat"": 16.564654, ""lon"": 76.143003}, {""lat"": 14.830378, ""lon"": 78.256364}, {""lat"": 13.16085, ""lon"": 80.432847}]",1078.34,2026-07-18 18:38:23+05:30,2026-07-18 18:50:20+05:30,1,SHIP_1133,18.318584,74.083012,13.139348,80.416146,1490,HIGH,2026-07-19 22:18:57+05:30,2636.03525725
ASN_0133,31.7,t,39.2,16.504058,76.258939,2026-07-18 06:03:38+05:30,SPEEDING,0.46,2026-07-18 02:20:10+05:30,OFF_DUTY,VEH_031,TN03B6072,5000,16.506485,76.260766,"[{""lat"": 18.327324, ""lon"": 74.071773}, {""lat"": 16.564654, ""lon"": 76.143003}, {""lat"": 14.830378, ""lon"": 78.256364}, {""lat"": 13.16085, ""lon"": 80.432847}]",1078.34,2026-07-18 18:38:23+05:30,2026-07-18 18:50:20+05:30,2,SHIP_1133,18.318584,74.083012,13.139348,80.416146,1490,HIGH,2026-07-19 22:18:57+05:30,2415.3188412666664
ASN_0133,31.7,t,62.2,16.241668,76.632523,2026-07-18 06:59:12+05:30,SPEEDING,0.46,2026-07-18 02:20:10+05:30,OFF_DUTY,VEH_031,TN03B6072,5000,16.250043,76.65014,"[{""lat"": 18.327324, ""lon"": 74.071773}, {""lat"": 16.564654, ""lon"": 76.143003}, {""lat"": 14.830378, ""lon"": 78.256364}, {""lat"": 13.16085, ""lon"": 80.432847}]",1078.34,2026-07-18 18:38:23+05:30,2026-07-18 18:50:20+05:30,3,SHIP_1133,18.318584,74.083012,13.139348,80.416146,1490,HIGH,2026-07-19 22:18:57+05:30,2359.7406426166663
ASN_0133,31.7,t,38.5,15.845924,77.123249,2026-07-18 08:29:35+05:30,SPEEDING,0.46,2026-07-18 02:20:10+05:30,OFF_DUTY,VEH_031,TN03B6072,5000,15.844335,77.110781,"[{""lat"": 18.327324, ""lon"": 74.071773}, {""lat"": 16.564654, ""lon"": 76.143003}, {""lat"": 14.830378, ""lon"": 78.256364}, {""lat"": 13.16085, ""lon"": 80.432847}]",1078.34,2026-07-18 18:38:23+05:30,2026-07-18 18:50:20+05:30,4,SHIP_1133,18.318584,74.083012,13.139348,80.416146,1490,HIGH,2026-07-19 22:18:57+05:30,2269.3606833500003
ASN_0133,31.7,t,60.2,14.921788,78.316171,2026-07-18 12:07:48+05:30,SPEEDING,0.46,2026-07-18 02:20:10+05:30,OFF_DUTY,VEH_031,TN03B6072,5000,14.908519,78.314783,"[{""lat"": 18.327324, ""lon"": 74.071773}, {""lat"": 16.564654, ""lon"": 76.143003}, {""lat"": 14.830378, ""lon"": 78.256364}, {""lat"": 13.16085, ""lon"": 80.432847}]",1078.34,2026-07-18 18:38:23+05:30,2026-07-18 18:50:20+05:30,5,SHIP_1133,18.318584,74.083012,13.139348,80.416146,1490,HIGH,2026-07-19 22:18:57+05:30,2051.1378207333332
ASN_0133,31.7,t,65.7,13.732788,79.69403,2026-07-18 16:34:15+05:30,SPEEDING,0.46,2026-07-18 02:20:10+05:30,OFF_DUTY,VEH_031,TN03B6072,5000,13.742076,79.667283,"[{""lat"": 18.327324, ""lon"": 74.071773}, {""lat"": 16.564654, ""lon"": 76.143003}, {""lat"": 14.830378, ""lon"": 78.256364}, {""lat"": 13.16085, ""lon"": 80.432847}]",1078.34,2026-07-18 18:38:23+05:30,2026-07-18 18:50:20+05:30,6,SHIP_1133,18.318584,74.083012,13.139348,80.416146,1490,HIGH,2026-07-19 22:18:57+05:30,1784.6938302166668
ASN_0173,100.0,t,54.1,19.984171,73.795977,2026-07-18 19:53:33+05:30,,,,OFF_DUTY,VEH_031,TN03B6072,5000,19.981658,73.813138,"[{""lat"": 19.95101, ""lon"": 73.733958}, {""lat"": 19.639811, ""lon"": 73.847955}, {""lat"": 19.329366, ""lon"": 73.79639}, {""lat"": 18.848285, ""lon"": 73.888425}, {""lat"": 18.466214, ""lon"": 73.882518}]",219.51,2026-07-18 23:41:00+05:30,2026-07-19 00:06:04+05:30,1,SHIP_1173,20.020751,73.801447,18.490268,73.810787,6045,HIGH,2026-07-20 22:50:10+05:30,3056.6189528
ASN_0173,100.0,t,53.1,19.924544,73.789696,2026-07-18 20:03:19+05:30,,,,OFF_DUTY,VEH_031,TN03B6072,5000,19.930938,73.787461,"[{""lat"": 19.95101, ""lon"": 73.733958}, {""lat"": 19.639811, ""lon"": 73.847955}, {""lat"": 19.329366, ""lon"": 73.79639}, {""lat"": 18.848285, ""lon"": 73.888425}, {""lat"": 18.466214, ""lon"": 73.882518}]",219.51,2026-07-18 23:41:00+05:30,2026-07-19 00:06:04+05:30,2,SHIP_1173,20.020751,73.801447,18.490268,73.810787,6045,HIGH,2026-07-20 22:50:10+05:30,3046.8513968666666
ASN_0173,100.0,t,57.7,19.800139,73.797186,2026-07-18 20:23:53+05:30,,,,OFF_DUTY,VEH_031,TN03B6072,5000,19.803813,73.801389,"[{""lat"": 19.95101, ""lon"": 73.733958}, {""lat"": 19.639811, ""lon"": 73.847955}, {""lat"": 19.329366, ""lon"": 73.79639}, {""lat"": 18.848285, ""lon"": 73.888425}, {""lat"": 18.466214, ""lon"": 73.882518}]",219.51,2026-07-18 23:41:00+05:30,2026-07-19 00:06:04+05:30,3,SHIP_1173,20.020751,73.801447,18.490268,73.810787,6045,HIGH,2026-07-20 22:50:10+05:30,3026.2850478166665
ASN_0173,100.0,t,29.8,19.202805,73.78443,2026-07-18 21:59:55+05:30,,,,OFF_DUTY,VEH_031,TN03B6072,5000,19.21058,73.795271,"[{""lat"": 19.95101, ""lon"": 73.733958}, {""lat"": 19.639811, ""lon"": 73.847955}, {""lat"": 19.329366, ""lon"": 73.79639}, {""lat"": 18.848285, ""lon"": 73.888425}, {""lat"": 18.466214, ""lon"": 73.882518}]",219.51,2026-07-18 23:41:00+05:30,2026-07-19 00:06:04+05:30,4,SHIP_1173,20.020751,73.801447,18.490268,73.810787,6045,HIGH,2026-07-20 22:50:10+05:30,2930.2572906166665
ASN_0173,100.0,t,67.6,19.183234,73.809109,2026-07-18 22:13:09+05:30,,,,OFF_DUTY,VEH_031,TN03B6072,5000,19.182624,73.807661,"[{""lat"": 19.95101, ""lon"": 73.733958}, {""lat"": 19.639811, ""lon"": 73.847955}, {""lat"": 19.329366, ""lon"": 73.79639}, {""lat"": 18.848285, ""lon"": 73.888425}, {""lat"": 18.466214, ""lon"": 73.882518}]",219.51,2026-07-18 23:41:00+05:30,2026-07-19 00:06:04+05:30,5,SHIP_1173,20.020751,73.801447,18.490268,73.810787,6045,HIGH,2026-07-20 22:50:10+05:30,2917.0175186166666
ASN_0173,100.0,t,50.2,18.635151,73.793592,2026-07-18 23:36:16+05:30,,,,OFF_DUTY,VEH_031,TN03B6072,5000,18.644089,73.809929,"[{""lat"": 19.95101, ""lon"": 73.733958}, {""lat"": 19.639811, ""lon"": 73.847955}, {""lat"": 19.329366, ""lon"": 73.79639}, {""lat"": 18.848285, ""lon"": 73.888425}, {""lat"": 18.466214, ""lon"": 73.882518}]",219.51,2026-07-18 23:41:00+05:30,2026-07-19 00:06:04+05:30,6,SHIP_1173,20.020751,73.801447,18.490268,73.810787,6045,HIGH,2026-07-20 22:50:10+05:30,2833.9065867166664
ASN_0173,100.0,t,58.8,18.606035,73.816985,2026-07-18 23:44:49+05:30,,,,OFF_DUTY,VEH_031,TN03B6072,5000,18.598063,73.799542,"[{""lat"": 19.95101, ""lon"": 73.733958}, {""lat"": 19.639811, ""lon"": 73.847955}, {""lat"": 19.329366, ""lon"": 73.79639}, {""lat"": 18.848285, ""lon"": 73.888425}, {""lat"": 18.466214, ""lon"": 73.882518}]",219.51,2026-07-18 23:41:00+05:30,2026-07-19 00:06:04+05:30,7,SHIP_1173,20.020751,73.801447,18.490268,73.810787,6045,HIGH,2026-07-20 22:50:10+05:30,2825.355737916667
ASN_0003,100.0,t,63.7,28.471704,77.087812,2026-07-15 00:55:48+05:30,ROUTE_DEVIATION,0.36,2026-07-15 06:24:42+05:30,AVAILABLE,VEH_032,MH70D9934,5000,28.476957,77.08956,"[{""lat"": 28.503034, ""lon"": 77.150924}, {""lat"": 25.283734, ""lon"": 75.774259}, {""lat"": 22.065607, ""lon"": 74.336139}, {""lat"": 18.987329, ""lon"": 72.896615}]",1402.82,2026-07-15 23:20:47+05:30,2026-07-15 23:17:47+05:30,1,SHIP_1003,28.512691,77.128043,18.969223,72.937457,7392,LOW,2026-07-20 21:10:32+05:30,8414.727637283333
ASN_0003,100.0,t,60.8,26.420164,76.204298,2026-07-15 05:45:13+05:30,ROUTE_DEVIATION,0.36,2026-07-15 06:24:42+05:30,AVAILABLE,VEH_032,MH70D9934,5000,26.410567,76.189761,"[{""lat"": 28.503034, ""lon"": 77.150924}, {""lat"": 25.283734, ""lon"": 75.774259}, {""lat"": 22.065607, ""lon"": 74.336139}, {""lat"": 18.987329, ""lon"": 72.896615}]",1402.82,2026-07-15 23:20:47+05:30,2026-07-15 23:17:47+05:30,2,SHIP_1003,28.512691,77.128043,18.969223,72.937457,7392,LOW,2026-07-20 21:10:32+05:30,8125.3161462
ASN_0003,100.0,t,64.2,24.938509,75.535752,2026-07-15 09:17:15+05:30,ROUTE_DEVIATION,0.36,2026-07-15 06:24:42+05:30,AVAILABLE,VEH_032,MH70D9934,5000,24.92328,75.537056,"[{""lat"": 28.503034, ""lon"": 77.150924}, {""lat"": 25.283734, ""lon"": 75.774259}, {""lat"": 22.065607, ""lon"": 74.336139}, {""lat"": 18.987329, ""lon"": 72.896615}]",1402.82,2026-07-15 23:20:47+05:30,2026-07-15 23:17:47+05:30,3,SHIP_1003,28.512691,77.128043,18.969223,72.937457,7392,LOW,2026-07-20 21:10:32+05:30,7913.279793633334
ASN_0003,100.0,t,51.8,21.973209,74.322568,2026-07-15 16:10:50+05:30,ROUTE_DEVIATION,0.36,2026-07-15 06:24:42+05:30,AVAILABLE,VEH_032,MH70D9934,5000,21.963321,74.331679,"[{""lat"": 28.503034, ""lon"": 77.150924}, {""lat"": 25.283734, ""lon"": 75.774259}, {""lat"": 22.065607, ""lon"": 74.336139}, {""lat"": 18.987329, ""lon"": 72.896615}]",1402.82,2026-07-15 23:20:47+05:30,2026-07-15 23:17:47+05:30,4,SHIP_1003,28.512691,77.128043,18.969223,72.937457,7392,LOW,2026-07-20 21:10:32+05:30,7499.701585533333
ASN_0043,100.0,t,48.3,18.086824,78.656759,2026-07-16 01:50:29+05:30,,,,AVAILABLE,VEH_032,MH70D9934,5000,18.103186,78.649711,"[{""lat"": 17.340798, ""lon"": 78.509108}, {""lat"": 18.299314, ""lon"": 78.670241}, {""lat"": 19.19738, ""lon"": 78.938882}, {""lat"": 20.193592, ""lon"": 78.92497}, {""lat"": 21.208414, ""lon"": 79.092922}]",561.47,2026-07-16 10:58:11+05:30,2026-07-16 11:13:25+05:30,1,SHIP_1043,17.368427,78.560162,21.167387,79.097956,7965,MEDIUM,2026-07-21 19:44:04+05:30,8273.59529825
ASN_0043,100.0,t,55.0,18.808527,78.758241,2026-07-16 04:04:50+05:30,,,,AVAILABLE,VEH_032,MH70D9934,5000,18.812221,78.767236,"[{""lat"": 17.340798, ""lon"": 78.509108}, {""lat"": 18.299314, ""lon"": 78.670241}, {""lat"": 19.19738, ""lon"": 78.938882}, {""lat"": 20.193592, ""lon"": 78.92497}, {""lat"": 21.208414, ""lon"": 79.092922}]",561.47,2026-07-16 10:58:11+05:30,2026-07-16 11:13:25+05:30,2,SHIP_1043,17.368427,78.560162,21.167387,79.097956,7965,MEDIUM,2026-07-21 19:44:04+05:30,8139.240780566667
ASN_0043,100.0,t,47.6,20.87248,79.064626,2026-07-16 10:24:33+05:30,,,,AVAILABLE,VEH_032,MH70D9934,5000,20.869348,79.065962,"[{""lat"": 17.340798, ""lon"": 78.509108}, {""lat"": 18.299314, ""lon"": 78.670241}, {""lat"": 19.19738, ""lon"": 78.938882}, {""lat"": 20.193592, ""lon"": 78.92497}, {""lat"": 21.208414, ""lon"": 79.092922}]",561.47,2026-07-16 10:58:11+05:30,2026-07-16 11:13:25+05:30,3,SHIP_1043,17.368427,78.560162,21.167387,79.097956,7965,MEDIUM,2026-07-21 19:44:04+05:30,7759.5285604
ASN_0083,100.0,t,56.3,16.888668,82.647092,2026-07-16 22:23:09+05:30,,,,AVAILABLE,VEH_032,MH70D9934,5000,16.881533,82.65107,"[{""lat"": 20.251685, ""lon"": 85.922974}, {""lat"": 10.976119, ""lon"": 76.850747}]",1755.2,2026-07-17 17:52:53+05:30,2026-07-17 17:26:51+05:30,1,SHIP_1083,20.272372,85.895019,10.988745,76.892426,6175,LOW,2026-07-19 15:46:54+05:30,3923.7498169166665
ASN_0083,100.0,t,70.4,16.51339,82.236229,2026-07-16 23:34:56+05:30,,,,AVAILABLE,VEH_032,MH70D9934,5000,16.495011,82.241309,"[{""lat"": 20.251685, ""lon"": 85.922974}, {""lat"": 10.976119, ""lon"": 76.850747}]",1755.2,2026-07-17 17:52:53+05:30,2026-07-17 17:26:51+05:30,2,SHIP_1083,20.272372,85.895019,10.988745,76.892426,6175,LOW,2026-07-19 15:46:54+05:30,3851.9681554999997
ASN_0083,100.0,t,55.6,11.600457,77.514305,2026-07-17 15:22:37+05:30,,,,AVAILABLE,VEH_032,MH70D9934,5000,11.595826,77.49239,"[{""lat"": 20.251685, ""lon"": 85.922974}, {""lat"": 10.976119, ""lon"": 76.850747}]",1755.2,2026-07-17 17:52:53+05:30,2026-07-17 17:26:51+05:30,3,SHIP_1083,20.272372,85.895019,10.988745,76.892426,6175,LOW,2026-07-19 15:46:54+05:30,2904.28498045
ASN_0123,16.5,t,56.6,21.892381,85.391352,2026-07-18 02:03:23+05:30,LOW_SPEED,0.71,2026-07-18 22:56:23+05:30,AVAILABLE,VEH_032,MH70D9934,5000,21.894229,85.381416,"[{""lat"": 22.606935, ""lon"": 88.326317}, {""lat"": 21.40226, ""lon"": 83.28401}, {""lat"": 20.295082, ""lon"": 78.16638}, {""lat"": 18.983063, ""lon"": 73.060477}]",1903.0,2026-07-19 10:23:03+05:30,2026-07-19 10:21:21+05:30,1,SHIP_1123,22.595581,88.384516,18.962985,72.992192,812,LOW,2026-07-19 12:45:42+05:30,2082.3073957333336
ASN_0123,16.5,t,61.1,20.617436,80.099277,2026-07-18 15:51:12+05:30,LOW_SPEED,0.71,2026-07-18 22:56:23+05:30,AVAILABLE,VEH_032,MH70D9934,5000,20.616244,80.095791,"[{""lat"": 22.606935, ""lon"": 88.326317}, {""lat"": 21.40226, ""lon"": 83.28401}, {""lat"": 20.295082, ""lon"": 78.16638}, {""lat"": 18.983063, ""lon"": 73.060477}]",1903.0,2026-07-19 10:23:03+05:30,2026-07-19 10:21:21+05:30,2,SHIP_1123,22.595581,88.384516,18.962985,72.992192,812,LOW,2026-07-19 12:45:42+05:30,1254.5033319666666
ASN_0123,16.5,t,49.7,20.407429,79.073057,2026-07-18 18:33:49+05:30,LOW_SPEED,0.71,2026-07-18 22:56:23+05:30,AVAILABLE,VEH_032,MH70D9934,5000,20.414566,79.076141,"[{""lat"": 22.606935, ""lon"": 88.326317}, {""lat"": 21.40226, ""lon"": 83.28401}, {""lat"": 20.295082, ""lon"": 78.16638}, {""lat"": 18.983063, ""lon"": 73.060477}]",1903.0,2026-07-19 10:23:03+05:30,2026-07-19 10:21:21+05:30,3,SHIP_1123,22.595581,88.384516,18.962985,72.992192,812,LOW,2026-07-19 12:45:42+05:30,1091.8849486666668
ASN_0123,16.5,t,48.0,20.001422,77.296741,2026-07-18 23:06:55+05:30,LOW_SPEED,0.71,2026-07-18 22:56:23+05:30,AVAILABLE,VEH_032,MH70D9934,5000,19.997781,77.297642,"[{""lat"": 22.606935, ""lon"": 88.326317}, {""lat"": 21.40226, ""lon"": 83.28401}, {""lat"": 20.295082, ""lon"": 78.16638}, {""lat"": 18.983063, ""lon"": 73.060477}]",1903.0,2026-07-19 10:23:03+05:30,2026-07-19 10:21:21+05:30,4,SHIP_1123,22.595581,88.384516,18.962985,72.992192,812,LOW,2026-07-19 12:45:42+05:30,818.7849173666667
ASN_0123,16.5,t,44.0,19.748691,76.31322,2026-07-19 01:41:53+05:30,LOW_SPEED,0.71,2026-07-18 22:56:23+05:30,AVAILABLE,VEH_032,MH70D9934,5000,19.757874,76.307674,"[{""lat"": 22.606935, ""lon"": 88.326317}, {""lat"": 21.40226, ""lon"": 83.28401}, {""lat"": 20.295082, ""lon"": 78.16638}, {""lat"": 18.983063, ""lon"": 73.060477}]",1903.0,2026-07-19 10:23:03+05:30,2026-07-19 10:21:21+05:30,5,SHIP_1123,22.595581,88.384516,18.962985,72.992192,812,LOW,2026-07-19 12:45:42+05:30,663.8137528499999
ASN_0123,16.5,t,57.0,19.266957,74.396206,2026-07-19 06:44:22+05:30,LOW_SPEED,0.71,2026-07-18 22:56:23+05:30,AVAILABLE,VEH_032,MH70D9934,5000,19.264212,74.397368,"[{""lat"": 22.606935, ""lon"": 88.326317}, {""lat"": 21.40226, ""lon"": 83.28401}, {""lat"": 20.295082, ""lon"": 78.16638}, {""lat"": 18.983063, ""lon"": 73.060477}]",1903.0,2026-07-19 10:23:03+05:30,2026-07-19 10:21:21+05:30,6,SHIP_1123,22.595581,88.384516,18.962985,72.992192,812,LOW,2026-07-19 12:45:42+05:30,361.33178599999997
ASN_0163,8.8,t,64.4,22.025662,87.760283,2026-07-19 12:09:19+05:30,,,,AVAILABLE,VEH_032,MH70D9934,5000,22.031652,87.766628,"[{""lat"": 22.522769, ""lon"": 88.148458}, {""lat"": 19.664522, ""lon"": 85.431819}, {""lat"": 16.813557, ""lon"": 82.689137}, {""lat"": 13.893146, ""lon"": 79.818291}, {""lat"": 10.932811, ""lon"": 77.011451}]",2042.22,2026-07-20 19:05:50+05:30,2026-07-20 19:19:52+05:30,1,SHIP_1163,22.536549,88.228612,10.987628,76.952536,364,LOW,2026-07-19 16:00:34+05:30,231.24455496666667
ASN_0163,8.8,t,74.3,21.970815,87.697475,2026-07-19 12:19:53+05:30,,,,AVAILABLE,VEH_032,MH70D9934,5000,21.967426,87.694778,"[{""lat"": 22.522769, ""lon"": 88.148458}, {""lat"": 19.664522, ""lon"": 85.431819}, {""lat"": 16.813557, ""lon"": 82.689137}, {""lat"": 13.893146, ""lon"": 79.818291}, {""lat"": 10.932811, ""lon"": 77.011451}]",2042.22,2026-07-20 19:05:50+05:30,2026-07-20 19:19:52+05:30,2,SHIP_1163,22.536549,88.228612,10.987628,76.952536,364,LOW,2026-07-19 16:00:34+05:30,220.6796934
ASN_0163,8.8,t,82.3,20.162024,85.94762,2026-07-19 17:24:36+05:30,,,,AVAILABLE,VEH_032,MH70D9934,5000,20.148771,85.955159,"[{""lat"": 22.522769, ""lon"": 88.148458}, {""lat"": 19.664522, ""lon"": 85.431819}, {""lat"": 16.813557, ""lon"": 82.689137}, {""lat"": 13.893146, ""lon"": 79.818291}, {""lat"": 10.932811, ""lon"": 77.011451}]",2042.22,2026-07-20 19:05:50+05:30,2026-07-20 19:19:52+05:30,3,SHIP_1163,22.536549,88.228612,10.987628,76.952536,364,LOW,2026-07-19 16:00:34+05:30,0.0
ASN_0163,8.8,t,59.7,19.302933,85.043289,2026-07-19 19:56:36+05:30,,,,AVAILABLE,VEH_032,MH70D9934,5000,19.292864,85.035778,"[{""lat"": 22.522769, ""lon"": 88.148458}, {""lat"": 19.664522, ""lon"": 85.431819}, {""lat"": 16.813557, ""lon"": 82.689137}, {""lat"": 13.893146, ""lon"": 79.818291}, {""lat"": 10.932811, ""lon"": 77.011451}]",2042.22,2026-07-20 19:05:50+05:30,2026-07-20 19:19:52+05:30,4,SHIP_1163,22.536549,88.228612,10.987628,76.952536,364,LOW,2026-07-19 16:00:34+05:30,0.0
ASN_0163,8.8,t,64.5,17.651976,83.469016,2026-07-20 00:33:23+05:30,,,,AVAILABLE,VEH_032,MH70D9934,5000,17.660457,83.471159,"[{""lat"": 22.522769, ""lon"": 88.148458}, {""lat"": 19.664522, ""lon"": 85.431819}, {""lat"": 16.813557, ""lon"": 82.689137}, {""lat"": 13.893146, ""lon"": 79.818291}, {""lat"": 10.932811, ""lon"": 77.011451}]",2042.22,2026-07-20 19:05:50+05:30,2026-07-20 19:19:52+05:30,5,SHIP_1163,22.536549,88.228612,10.987628,76.952536,364,LOW,2026-07-19 16:00:34+05:30,0.0
ASN_0163,8.8,t,74.9,14.241353,80.179958,2026-07-20 10:05:48+05:30,,,,AVAILABLE,VEH_032,MH70D9934,5000,14.234594,80.197403,"[{""lat"": 22.522769, ""lon"": 88.148458}, {""lat"": 19.664522, ""lon"": 85.431819}, {""lat"": 16.813557, ""lon"": 82.689137}, {""lat"": 13.893146, ""lon"": 79.818291}, {""lat"": 10.932811, ""lon"": 77.011451}]",2042.22,2026-07-20 19:05:50+05:30,2026-07-20 19:19:52+05:30,6,SHIP_1163,22.536549,88.228612,10.987628,76.952536,364,LOW,2026-07-19 16:00:34+05:30,0.0
ASN_0163,8.8,t,82.1,13.237074,79.142503,2026-07-20 13:01:03+05:30,,,,AVAILABLE,VEH_032,MH70D9934,5000,13.212911,79.127044,"[{""lat"": 22.522769, ""lon"": 88.148458}, {""lat"": 19.664522, ""lon"": 85.431819}, {""lat"": 16.813557, ""lon"": 82.689137}, {""lat"": 13.893146, ""lon"": 79.818291}, {""lat"": 10.932811, ""lon"": 77.011451}]",2042.22,2026-07-20 19:05:50+05:30,2026-07-20 19:19:52+05:30,7,SHIP_1163,22.536549,88.228612,10.987628,76.952536,364,LOW,2026-07-19 16:00:34+05:30,0.0
ASN_0025,24.4,t,51.1,25.758089,84.351315,2026-07-15 03:26:59+05:30,LONG_STOP,0.61,2026-07-15 05:51:10+05:30,ON_DUTY,VEH_033,MP08B6961,7000,25.754135,84.363411,"[{""lat"": 25.459788, ""lon"": 85.133492}, {""lat"": 25.881525, ""lon"": 84.167717}, {""lat"": 26.061007, ""lon"": 83.007887}, {""lat"": 26.458372, ""lon"": 81.825548}, {""lat"": 26.78719, ""lon"": 80.747572}]",529.3,2026-07-15 10:45:34+05:30,2026-07-15 11:12:24+05:30,1,SHIP_1025,25.520891,85.164548,26.794005,80.824406,1899,MEDIUM,2026-07-18 09:53:57+05:30,4706.96538465
ASN_0025,24.4,t,50.3,25.835165,84.186283,2026-07-15 03:45:06+05:30,LONG_STOP,0.61,2026-07-15 05:51:10+05:30,ON_DUTY,VEH_033,MP08B6961,7000,25.841208,84.189277,"[{""lat"": 25.459788, ""lon"": 85.133492}, {""lat"": 25.881525, ""lon"": 84.167717}, {""lat"": 26.061007, ""lon"": 83.007887}, {""lat"": 26.458372, ""lon"": 81.825548}, {""lat"": 26.78719, ""lon"": 80.747572}]",529.3,2026-07-15 10:45:34+05:30,2026-07-15 11:12:24+05:30,2,SHIP_1025,25.520891,85.164548,26.794005,80.824406,1899,MEDIUM,2026-07-18 09:53:57+05:30,4688.846962616666
ASN_0025,24.4,t,63.6,26.082061,83.221488,2026-07-15 05:56:10+05:30,LONG_STOP,0.61,2026-07-15 05:51:10+05:30,ON_DUTY,VEH_033,MP08B6961,7000,26.083221,83.250539,"[{""lat"": 25.459788, ""lon"": 85.133492}, {""lat"": 25.881525, ""lon"": 84.167717}, {""lat"": 26.061007, ""lon"": 83.007887}, {""lat"": 26.458372, ""lon"": 81.825548}, {""lat"": 26.78719, ""lon"": 80.747572}]",529.3,2026-07-15 10:45:34+05:30,2026-07-15 11:12:24+05:30,3,SHIP_1025,25.520891,85.164548,26.794005,80.824406,1899,MEDIUM,2026-07-18 09:53:57+05:30,4557.7856013499995
ASN_0025,24.4,t,68.3,26.718867,81.190225,2026-07-15 10:26:06+05:30,LONG_STOP,0.61,2026-07-15 05:51:10+05:30,ON_DUTY,VEH_033,MP08B6961,7000,26.748158,81.201329,"[{""lat"": 25.459788, ""lon"": 85.133492}, {""lat"": 25.881525, ""lon"": 84.167717}, {""lat"": 26.061007, ""lon"": 83.007887}, {""lat"": 26.458372, ""lon"": 81.825548}, {""lat"": 26.78719, ""lon"": 80.747572}]",529.3,2026-07-15 10:45:34+05:30,2026-07-15 11:12:24+05:30,4,SHIP_1025,25.520891,85.164548,26.794005,80.824406,1899,MEDIUM,2026-07-18 09:53:57+05:30,4287.845040833334
ASN_0065,18.7,t,50.2,26.810118,80.508232,2026-07-15 12:17:04+05:30,SPEEDING,0.17,2026-07-15 16:32:16+05:30,ON_DUTY,VEH_033,MP08B6961,7000,26.803956,80.501322,"[{""lat"": 26.804269, ""lon"": 80.753771}, {""lat"": 26.907296, ""lon"": 79.055511}, {""lat"": 26.966906, ""lon"": 77.489859}, {""lat"": 26.9999, ""lon"": 75.729249}]",667.65,2026-07-16 02:08:47+05:30,2026-07-16 01:59:32+05:30,1,SHIP_1065,26.804966,80.775489,26.984402,75.843233,1001,LOW,2026-07-18 19:45:21+05:30,4768.28036185
ASN_0065,18.7,t,58.0,26.864389,80.205125,2026-07-15 13:06:52+05:30,SPEEDING,0.17,2026-07-15 16:32:16+05:30,ON_DUTY,VEH_033,MP08B6961,7000,26.865523,80.219983,"[{""lat"": 26.804269, ""lon"": 80.753771}, {""lat"": 26.907296, ""lon"": 79.055511}, {""lat"": 26.966906, ""lon"": 77.489859}, {""lat"": 26.9999, ""lon"": 75.729249}]",667.65,2026-07-16 02:08:47+05:30,2026-07-16 01:59:32+05:30,2,SHIP_1065,26.804966,80.775489,26.984402,75.843233,1001,LOW,2026-07-18 19:45:21+05:30,4718.47471905
ASN_0065,18.7,t,49.2,26.847792,79.28984,2026-07-15 15:53:09+05:30,SPEEDING,0.17,2026-07-15 16:32:16+05:30,ON_DUTY,VEH_033,MP08B6961,7000,26.846015,79.293327,"[{""lat"": 26.804269, ""lon"": 80.753771}, {""lat"": 26.907296, ""lon"": 79.055511}, {""lat"": 26.966906, ""lon"": 77.489859}, {""lat"": 26.9999, ""lon"": 75.729249}]",667.65,2026-07-16 02:08:47+05:30,2026-07-16 01:59:32+05:30,3,SHIP_1065,26.804966,80.775489,26.984402,75.843233,1001,LOW,2026-07-18 19:45:21+05:30,4552.195288450001
ASN_0065,18.7,t,42.1,26.860663,78.854793,2026-07-15 17:07:52+05:30,SPEEDING,0.17,2026-07-15 16:32:16+05:30,ON_DUTY,VEH_033,MP08B6961,7000,26.868567,78.854352,"[{""lat"": 26.804269, ""lon"": 80.753771}, {""lat"": 26.907296, ""lon"": 79.055511}, {""lat"": 26.966906, ""lon"": 77.489859}, {""lat"": 26.9999, ""lon"": 75.729249}]",667.65,2026-07-16 02:08:47+05:30,2026-07-16 01:59:32+05:30,4,SHIP_1065,26.804966,80.775489,26.984402,75.843233,1001,LOW,2026-07-18 19:45:21+05:30,4477.4736194
ASN_0065,18.7,t,45.0,26.852364,78.740965,2026-07-15 17:26:57+05:30,SPEEDING,0.17,2026-07-15 16:32:16+05:30,ON_DUTY,VEH_033,MP08B6961,7000,26.843965,78.754455,"[{""lat"": 26.804269, ""lon"": 80.753771}, {""lat"": 26.907296, ""lon"": 79.055511}, {""lat"": 26.966906, ""lon"": 77.489859}, {""lat"": 26.9999, ""lon"": 75.729249}]",667.65,2026-07-16 02:08:47+05:30,2026-07-16 01:59:32+05:30,5,SHIP_1065,26.804966,80.775489,26.984402,75.843233,1001,LOW,2026-07-18 19:45:21+05:30,4458.39010885
ASN_0065,18.7,t,38.5,26.978193,76.274057,2026-07-16 00:46:34+05:30,SPEEDING,0.17,2026-07-15 16:32:16+05:30,ON_DUTY,VEH_033,MP08B6961,7000,26.974738,76.284391,"[{""lat"": 26.804269, ""lon"": 80.753771}, {""lat"": 26.907296, ""lon"": 79.055511}, {""lat"": 26.966906, ""lon"": 77.489859}, {""lat"": 26.9999, ""lon"": 75.729249}]",667.65,2026-07-16 02:08:47+05:30,2026-07-16 01:59:32+05:30,6,SHIP_1065,26.804966,80.775489,26.984402,75.843233,1001,LOW,2026-07-18 19:45:21+05:30,4018.7753193000003
ASN_0105,17.7,t,69.6,15.998499,81.458486,2026-07-16 10:11:32+05:30,,,,ON_DUTY,VEH_033,MP08B6961,7000,15.989059,81.460549,"[{""lat"": 13.018273, ""lon"": 80.349976}, {""lat"": 17.150027, ""lon"": 81.882238}, {""lat"": 21.416973, ""lon"": 83.516318}, {""lat"": 25.383317, ""lon"": 85.204422}]",2009.19,2026-07-17 10:34:58+05:30,2026-07-17 10:26:58+05:30,1,SHIP_1105,13.068769,80.336704,25.484778,85.154354,1336,LOW,2026-07-21 15:52:09+05:30,7540.6164072
ASN_0105,17.7,t,65.3,19.11857,82.682938,2026-07-16 18:09:03+05:30,,,,ON_DUTY,VEH_033,MP08B6961,7000,19.099605,82.679695,"[{""lat"": 13.018273, ""lon"": 80.349976}, {""lat"": 17.150027, ""lon"": 81.882238}, {""lat"": 21.416973, ""lon"": 83.516318}, {""lat"": 25.383317, ""lon"": 85.204422}]",2009.19,2026-07-17 10:34:58+05:30,2026-07-17 10:26:58+05:30,2,SHIP_1105,13.068769,80.336704,25.484778,85.154354,1336,LOW,2026-07-21 15:52:09+05:30,7063.101303166666
ASN_0105,17.7,t,56.4,19.286374,82.774929,2026-07-16 18:43:10+05:30,,,,ON_DUTY,VEH_033,MP08B6961,7000,19.290392,82.765544,"[{""lat"": 13.018273, ""lon"": 80.349976}, {""lat"": 17.150027, ""lon"": 81.882238}, {""lat"": 21.416973, ""lon"": 83.516318}, {""lat"": 25.383317, ""lon"": 85.204422}]",2009.19,2026-07-17 10:34:58+05:30,2026-07-17 10:26:58+05:30,3,SHIP_1105,13.068769,80.336704,25.484778,85.154354,1336,LOW,2026-07-21 15:52:09+05:30,7028.978896733333
ASN_0105,17.7,t,65.1,23.254968,84.252252,2026-07-17 04:40:17+05:30,,,,ON_DUTY,VEH_033,MP08B6961,7000,23.281296,84.254833,"[{""lat"": 13.018273, ""lon"": 80.349976}, {""lat"": 17.150027, ""lon"": 81.882238}, {""lat"": 21.416973, ""lon"": 83.516318}, {""lat"": 25.383317, ""lon"": 85.204422}]",2009.19,2026-07-17 10:34:58+05:30,2026-07-17 10:26:58+05:30,4,SHIP_1105,13.068769,80.336704,25.484778,85.154354,1336,LOW,2026-07-21 15:52:09+05:30,6431.861660416666
ASN_0145,38.8,t,41.0,18.594354,73.850103,2026-07-17 10:45:18+05:30,,,,ON_DUTY,VEH_033,MP08B6961,7000,18.604095,73.868952,"[{""lat"": 18.575856, ""lon"": 73.749397}, {""lat"": 18.873459, ""lon"": 73.356682}, {""lat"": 18.972098, ""lon"": 72.885355}]",147.42,2026-07-17 13:41:55+05:30,2026-07-17 13:58:11+05:30,1,SHIP_1145,18.562854,73.851758,18.992436,72.84984,2764,LOW,2026-07-15 17:09:18+05:30,0.0
ASN_0145,38.8,t,42.2,18.616577,73.798889,2026-07-17 10:59:21+05:30,,,,ON_DUTY,VEH_033,MP08B6961,7000,18.627145,73.808647,"[{""lat"": 18.575856, ""lon"": 73.749397}, {""lat"": 18.873459, ""lon"": 73.356682}, {""lat"": 18.972098, ""lon"": 72.885355}]",147.42,2026-07-17 13:41:55+05:30,2026-07-17 13:58:11+05:30,2,SHIP_1145,18.562854,73.851758,18.992436,72.84984,2764,LOW,2026-07-15 17:09:18+05:30,0.0
ASN_0145,38.8,t,42.7,18.833847,73.122155,2026-07-17 12:58:58+05:30,,,,ON_DUTY,VEH_033,MP08B6961,7000,18.835156,73.127143,"[{""lat"": 18.575856, ""lon"": 73.749397}, {""lat"": 18.873459, ""lon"": 73.356682}, {""lat"": 18.972098, ""lon"": 72.885355}]",147.42,2026-07-17 13:41:55+05:30,2026-07-17 13:58:11+05:30,3,SHIP_1145,18.562854,73.851758,18.992436,72.84984,2764,LOW,2026-07-15 17:09:18+05:30,0.0
ASN_0145,38.8,t,48.7,18.926905,72.994369,2026-07-17 13:29:56+05:30,,,,ON_DUTY,VEH_033,MP08B6961,7000,18.928289,73.000668,"[{""lat"": 18.575856, ""lon"": 73.749397}, {""lat"": 18.873459, ""lon"": 73.356682}, {""lat"": 18.972098, ""lon"": 72.885355}]",147.42,2026-07-17 13:41:55+05:30,2026-07-17 13:58:11+05:30,4,SHIP_1145,18.562854,73.851758,18.992436,72.84984,2764,LOW,2026-07-15 17:09:18+05:30,0.0
ASN_0145,38.8,t,52.4,18.947249,72.980499,2026-07-17 13:32:40+05:30,,,,ON_DUTY,VEH_033,MP08B6961,7000,18.943299,72.988914,"[{""lat"": 18.575856, ""lon"": 73.749397}, {""lat"": 18.873459, ""lon"": 73.356682}, {""lat"": 18.972098, ""lon"": 72.885355}]",147.42,2026-07-17 13:41:55+05:30,2026-07-17 13:58:11+05:30,5,SHIP_1145,18.562854,73.851758,18.992436,72.84984,2764,LOW,2026-07-15 17:09:18+05:30,0.0
ASN_0185,41.9,t,53.1,19.675727,73.558287,2026-07-17 15:36:34+05:30,,,,ON_DUTY,VEH_033,MP08B6961,7000,19.669866,73.552517,"[{""lat"": 19.913634, ""lon"": 73.78713}, {""lat"": 18.968858, ""lon"": 72.736073}]",180.53,2026-07-17 18:31:13+05:30,2026-07-17 18:37:04+05:30,1,SHIP_1185,19.928098,73.77632,18.965271,72.764247,3039,HIGH,2026-07-16 22:03:39+05:30,0.0
ASN_0185,41.9,t,52.3,19.525137,73.319678,2026-07-17 16:19:23+05:30,,,,ON_DUTY,VEH_033,MP08B6961,7000,19.522214,73.338511,"[{""lat"": 19.913634, ""lon"": 73.78713}, {""lat"": 18.968858, ""lon"": 72.736073}]",180.53,2026-07-17 18:31:13+05:30,2026-07-17 18:37:04+05:30,2,SHIP_1185,19.928098,73.77632,18.965271,72.764247,3039,HIGH,2026-07-16 22:03:39+05:30,0.0
ASN_0185,41.9,t,40.7,19.448525,73.314253,2026-07-17 16:33:28+05:30,,,,ON_DUTY,VEH_033,MP08B6961,7000,19.45922,73.30507,"[{""lat"": 19.913634, ""lon"": 73.78713}, {""lat"": 18.968858, ""lon"": 72.736073}]",180.53,2026-07-17 18:31:13+05:30,2026-07-17 18:37:04+05:30,3,SHIP_1185,19.928098,73.77632,18.965271,72.764247,3039,HIGH,2026-07-16 22:03:39+05:30,0.0
ASN_0185,41.9,t,39.3,19.457058,73.257032,2026-07-17 16:40:08+05:30,,,,ON_DUTY,VEH_033,MP08B6961,7000,19.456118,73.262325,"[{""lat"": 19.913634, ""lon"": 73.78713}, {""lat"": 18.968858, ""lon"": 72.736073}]",180.53,2026-07-17 18:31:13+05:30,2026-07-17 18:37:04+05:30,4,SHIP_1185,19.928098,73.77632,18.965271,72.764247,3039,HIGH,2026-07-16 22:03:39+05:30,0.0
ASN_0185,41.9,t,55.7,19.235192,73.070873,2026-07-17 17:33:01+05:30,,,,ON_DUTY,VEH_033,MP08B6961,7000,19.209517,73.067445,"[{""lat"": 19.913634, ""lon"": 73.78713}, {""lat"": 18.968858, ""lon"": 72.736073}]",180.53,2026-07-17 18:31:13+05:30,2026-07-17 18:37:04+05:30,5,SHIP_1185,19.928098,73.77632,18.965271,72.764247,3039,HIGH,2026-07-16 22:03:39+05:30,0.0
ASN_0185,41.9,t,53.7,19.154129,72.996755,2026-07-17 17:41:13+05:30,,,,ON_DUTY,VEH_033,MP08B6961,7000,19.141378,72.985562,"[{""lat"": 19.913634, ""lon"": 73.78713}, {""lat"": 18.968858, ""lon"": 72.736073}]",180.53,2026-07-17 18:31:13+05:30,2026-07-17 18:37:04+05:30,6,SHIP_1185,19.928098,73.77632,18.965271,72.764247,3039,HIGH,2026-07-16 22:03:39+05:30,0.0
ASN_0185,41.9,t,63.3,19.064114,72.859328,2026-07-17 18:13:46+05:30,,,,ON_DUTY,VEH_033,MP08B6961,7000,19.06789,72.865195,"[{""lat"": 19.913634, ""lon"": 73.78713}, {""lat"": 18.968858, ""lon"": 72.736073}]",180.53,2026-07-17 18:31:13+05:30,2026-07-17 18:37:04+05:30,7,SHIP_1185,19.928098,73.77632,18.965271,72.764247,3039,HIGH,2026-07-16 22:03:39+05:30,0.0
ASN_0033,100.0,t,59.2,26.110474,76.308869,2026-07-15 08:13:30+05:30,,,,ON_DUTY,VEH_034,UP53E3663,2500,26.111592,76.315116,"[{""lat"": 26.936567, ""lon"": 76.060932}, {""lat"": 25.996766, ""lon"": 76.310786}, {""lat"": 25.073967, ""lon"": 76.630182}, {""lat"": 24.231765, ""lon"": 77.120906}, {""lat"": 23.221103, ""lon"": 77.298149}]",543.4,2026-07-15 16:40:50+05:30,2026-07-15 16:24:04+05:30,1,SHIP_1033,26.882151,75.989884,23.336354,77.403684,4274,MEDIUM,2026-07-19 01:00:41+05:30,5327.185879783333
ASN_0033,100.0,t,44.4,25.845419,76.441451,2026-07-15 09:04:22+05:30,,,,ON_DUTY,VEH_034,UP53E3663,2500,25.838035,76.439706,"[{""lat"": 26.936567, ""lon"": 76.060932}, {""lat"": 25.996766, ""lon"": 76.310786}, {""lat"": 25.073967, ""lon"": 76.630182}, {""lat"": 24.231765, ""lon"": 77.120906}, {""lat"": 23.221103, ""lon"": 77.298149}]",543.4,2026-07-15 16:40:50+05:30,2026-07-15 16:24:04+05:30,2,SHIP_1033,26.882151,75.989884,23.336354,77.403684,4274,MEDIUM,2026-07-19 01:00:41+05:30,5276.321250866667
ASN_0033,100.0,t,45.0,24.6925,76.864361,2026-07-15 12:22:12+05:30,,,,ON_DUTY,VEH_034,UP53E3663,2500,24.699667,76.865394,"[{""lat"": 26.936567, ""lon"": 76.060932}, {""lat"": 25.996766, ""lon"": 76.310786}, {""lat"": 25.073967, ""lon"": 76.630182}, {""lat"": 24.231765, ""lon"": 77.120906}, {""lat"": 23.221103, ""lon"": 77.298149}]",543.4,2026-07-15 16:40:50+05:30,2026-07-15 16:24:04+05:30,3,SHIP_1033,26.882151,75.989884,23.336354,77.403684,4274,MEDIUM,2026-07-19 01:00:41+05:30,5078.481932483333
ASN_0073,100.0,t,46.2,28.383723,77.257877,2026-07-15 17:13:11+05:30,,,,ON_DUTY,VEH_034,UP53E3663,2500,28.390669,77.255679,"[{""lat"": 28.551881, ""lon"": 77.311572}, {""lat"": 22.720931, ""lon"": 77.209539}, {""lat"": 16.883003, ""lon"": 77.033728}, {""lat"": 10.992977, ""lon"": 76.806109}]",2521.53,2026-07-17 14:32:32+05:30,2026-07-17 14:12:14+05:30,1,SHIP_1073,28.531176,77.285694,10.998505,76.884697,5756,LOW,2026-07-16 15:45:38+05:30,1352.4591460166666
ASN_0073,100.0,t,57.8,24.615875,77.201437,2026-07-16 03:00:30+05:30,,,,ON_DUTY,VEH_034,UP53E3663,2500,24.621064,77.199507,"[{""lat"": 28.551881, ""lon"": 77.311572}, {""lat"": 22.720931, ""lon"": 77.209539}, {""lat"": 16.883003, ""lon"": 77.033728}, {""lat"": 10.992977, ""lon"": 76.806109}]",2521.53,2026-07-17 14:32:32+05:30,2026-07-17 14:12:14+05:30,2,SHIP_1073,28.531176,77.285694,10.998505,76.884697,5756,LOW,2026-07-16 15:45:38+05:30,765.1425986166666
ASN_0073,100.0,t,55.5,22.832073,77.143361,2026-07-16 07:32:54+05:30,,,,ON_DUTY,VEH_034,UP53E3663,2500,22.828048,77.146734,"[{""lat"": 28.551881, ""lon"": 77.311572}, {""lat"": 22.720931, ""lon"": 77.209539}, {""lat"": 16.883003, ""lon"": 77.033728}, {""lat"": 10.992977, ""lon"": 76.806109}]",2521.53,2026-07-17 14:32:32+05:30,2026-07-17 14:12:14+05:30,3,SHIP_1073,28.531176,77.285694,10.998505,76.884697,5756,LOW,2026-07-16 15:45:38+05:30,492.7304476333333
ASN_0073,100.0,t,60.5,20.307148,77.070018,2026-07-16 14:00:43+05:30,,,,ON_DUTY,VEH_034,UP53E3663,2500,20.310241,77.061213,"[{""lat"": 28.551881, ""lon"": 77.311572}, {""lat"": 22.720931, ""lon"": 77.209539}, {""lat"": 16.883003, ""lon"": 77.033728}, {""lat"": 10.992977, ""lon"": 76.806109}]",2521.53,2026-07-17 14:32:32+05:30,2026-07-17 14:12:14+05:30,4,SHIP_1073,28.531176,77.285694,10.998505,76.884697,5756,LOW,2026-07-16 15:45:38+05:30,104.91046045
ASN_0073,100.0,t,76.3,20.123192,77.074161,2026-07-16 14:33:02+05:30,,,,ON_DUTY,VEH_034,UP53E3663,2500,20.108411,77.092136,"[{""lat"": 28.551881, ""lon"": 77.311572}, {""lat"": 22.720931, ""lon"": 77.209539}, {""lat"": 16.883003, ""lon"": 77.033728}, {""lat"": 10.992977, ""lon"": 76.806109}]",2521.53,2026-07-17 14:32:32+05:30,2026-07-17 14:12:14+05:30,5,SHIP_1073,28.531176,77.285694,10.998505,76.884697,5756,LOW,2026-07-16 15:45:38+05:30,72.6028084
ASN_0073,100.0,t,53.3,19.449022,77.088436,2026-07-16 16:16:00+05:30,,,,ON_DUTY,VEH_034,UP53E3663,2500,19.446074,77.098656,"[{""lat"": 28.551881, ""lon"": 77.311572}, {""lat"": 22.720931, ""lon"": 77.209539}, {""lat"": 16.883003, ""lon"": 77.033728}, {""lat"": 10.992977, ""lon"": 76.806109}]",2521.53,2026-07-17 14:32:32+05:30,2026-07-17 14:12:14+05:30,6,SHIP_1073,28.531176,77.285694,10.998505,76.884697,5756,LOW,2026-07-16 15:45:38+05:30,0.0
ASN_0113,100.0,f,74.1,22.532881,88.267287,2026-07-17 14:32:29+05:30,,,,ON_DUTY,VEH_034,UP53E3663,2500,22.538844,88.266114,"[{""lat"": 22.54751, ""lon"": 88.274699}, {""lat"": 23.579762, ""lon"": 87.27628}, {""lat"": 24.64957, ""lon"": 86.20653}, {""lat"": 25.615465, ""lon"": 85.198214}]",573.23,2026-07-17 23:39:59+05:30,2026-07-18 00:18:51+05:30,1,SHIP_1113,22.536074,88.285164,25.609994,85.232976,4295,MEDIUM,2026-07-17 09:44:55+05:30,0.0
ASN_0113,100.0,f,45.9,24.408577,86.463227,2026-07-17 20:23:41+05:30,,,,ON_DUTY,VEH_034,UP53E3663,2500,24.412946,86.463541,"[{""lat"": 22.54751, ""lon"": 88.274699}, {""lat"": 23.579762, ""lon"": 87.27628}, {""lat"": 24.64957, ""lon"": 86.20653}, {""lat"": 25.615465, ""lon"": 85.198214}]",573.23,2026-07-17 23:39:59+05:30,2026-07-18 00:18:51+05:30,2,SHIP_1113,22.536074,88.285164,25.609994,85.232976,4295,MEDIUM,2026-07-17 09:44:55+05:30,0.0
ASN_0113,100.0,f,61.6,25.230112,85.650807,2026-07-17 22:58:50+05:30,,,,ON_DUTY,VEH_034,UP53E3663,2500,25.235391,85.654169,"[{""lat"": 22.54751, ""lon"": 88.274699}, {""lat"": 23.579762, ""lon"": 87.27628}, {""lat"": 24.64957, ""lon"": 86.20653}, {""lat"": 25.615465, ""lon"": 85.198214}]",573.23,2026-07-17 23:39:59+05:30,2026-07-18 00:18:51+05:30,3,SHIP_1113,22.536074,88.285164,25.609994,85.232976,4295,MEDIUM,2026-07-17 09:44:55+05:30,0.0
ASN_0153,100.0,t,63.3,23.446836,73.481006,2026-07-18 02:58:58+05:30,,,,ON_DUTY,VEH_034,UP53E3663,2500,23.454592,73.485215,"[{""lat"": 23.016104, ""lon"": 72.561426}, {""lat"": 24.652288, ""lon"": 76.470641}, {""lat"": 26.282302, ""lon"": 80.399952}]",1018.29,2026-07-18 17:56:51+05:30,2026-07-18 18:23:47+05:30,1,SHIP_1153,23.067393,72.605115,26.312215,80.392642,7567,MEDIUM,2026-07-21 02:33:00+05:30,4294.032649016666
ASN_0153,100.0,t,61.3,23.723357,74.241578,2026-07-18 04:38:02+05:30,,,,ON_DUTY,VEH_034,UP53E3663,2500,23.713174,74.237839,"[{""lat"": 23.016104, ""lon"": 72.561426}, {""lat"": 24.652288, ""lon"": 76.470641}, {""lat"": 26.282302, ""lon"": 80.399952}]",1018.29,2026-07-18 17:56:51+05:30,2026-07-18 18:23:47+05:30,2,SHIP_1153,23.067393,72.605115,26.312215,80.392642,7567,MEDIUM,2026-07-21 02:33:00+05:30,4194.974755533333
ASN_0153,100.0,t,72.3,23.725757,74.256901,2026-07-18 04:45:07+05:30,,,,ON_DUTY,VEH_034,UP53E3663,2500,23.714046,74.269118,"[{""lat"": 23.016104, ""lon"": 72.561426}, {""lat"": 24.652288, ""lon"": 76.470641}, {""lat"": 26.282302, ""lon"": 80.399952}]",1018.29,2026-07-18 17:56:51+05:30,2026-07-18 18:23:47+05:30,3,SHIP_1153,23.067393,72.605115,26.312215,80.392642,7567,MEDIUM,2026-07-21 02:33:00+05:30,4187.88523465
ASN_0153,100.0,t,49.8,23.894297,74.494099,2026-07-18 05:15:47+05:30,,,,ON_DUTY,VEH_034,UP53E3663,2500,23.886709,74.491698,"[{""lat"": 23.016104, ""lon"": 72.561426}, {""lat"": 24.652288, ""lon"": 76.470641}, {""lat"": 26.282302, ""lon"": 80.399952}]",1018.29,2026-07-18 17:56:51+05:30,2026-07-18 18:23:47+05:30,4,SHIP_1153,23.067393,72.605115,26.312215,80.392642,7567,MEDIUM,2026-07-21 02:33:00+05:30,4157.214035966667
ASN_0153,100.0,t,58.7,23.923438,74.693502,2026-07-18 05:46:44+05:30,,,,ON_DUTY,VEH_034,UP53E3663,2500,23.922581,74.700507,"[{""lat"": 23.016104, ""lon"": 72.561426}, {""lat"": 24.652288, ""lon"": 76.470641}, {""lat"": 26.282302, ""lon"": 80.399952}]",1018.29,2026-07-18 17:56:51+05:30,2026-07-18 18:23:47+05:30,5,SHIP_1153,23.067393,72.605115,26.312215,80.392642,7567,MEDIUM,2026-07-21 02:33:00+05:30,4126.27314485
ASN_0153,100.0,t,72.0,25.009988,77.359732,2026-07-18 11:34:01+05:30,,,,ON_DUTY,VEH_034,UP53E3663,2500,25.019847,77.354168,"[{""lat"": 23.016104, ""lon"": 72.561426}, {""lat"": 24.652288, ""lon"": 76.470641}, {""lat"": 26.282302, ""lon"": 80.399952}]",1018.29,2026-07-18 17:56:51+05:30,2026-07-18 18:23:47+05:30,6,SHIP_1153,23.067393,72.605115,26.312215,80.392642,7567,MEDIUM,2026-07-21 02:33:00+05:30,3778.988561383333
ASN_0153,100.0,t,79.5,26.27161,80.20214,2026-07-18 17:59:02+05:30,,,,ON_DUTY,VEH_034,UP53E3663,2500,26.283278,80.194117,"[{""lat"": 23.016104, ""lon"": 72.561426}, {""lat"": 24.652288, ""lon"": 76.470641}, {""lat"": 26.282302, ""lon"": 80.399952}]",1018.29,2026-07-18 17:56:51+05:30,2026-07-18 18:23:47+05:30,7,SHIP_1153,23.067393,72.605115,26.312215,80.392642,7567,MEDIUM,2026-07-21 02:33:00+05:30,3393.9620789333335
ASN_0193,100.0,t,69.9,23.195877,77.301611,2026-07-18 19:44:09+05:30,SPEEDING,0.7,2026-07-18 21:57:04+05:30,ON_DUTY,VEH_034,UP53E3663,2500,23.186246,77.316265,"[{""lat"": 23.238141, ""lon"": 77.459341}, {""lat"": 22.892994, ""lon"": 76.057563}, {""lat"": 22.556363, ""lon"": 74.706512}, {""lat"": 22.204699, ""lon"": 73.31209}]",616.98,2026-07-19 04:52:06+05:30,2026-07-19 04:51:01+05:30,1,SHIP_1193,23.223446,77.493247,22.247849,73.27097,6312,HIGH,2026-07-20 17:37:39+05:30,2753.4991787833333
ASN_0193,100.0,t,65.2,23.128044,77.131971,2026-07-18 20:08:24+05:30,SPEEDING,0.7,2026-07-18 21:57:04+05:30,ON_DUTY,VEH_034,UP53E3663,2500,23.13834,77.129089,"[{""lat"": 23.238141, ""lon"": 77.459341}, {""lat"": 22.892994, ""lon"": 76.057563}, {""lat"": 22.556363, ""lon"": 74.706512}, {""lat"": 22.204699, ""lon"": 73.31209}]",616.98,2026-07-19 04:52:06+05:30,2026-07-19 04:51:01+05:30,2,SHIP_1193,23.223446,77.493247,22.247849,73.27097,6312,HIGH,2026-07-20 17:37:39+05:30,2729.2616375166667
ASN_0193,100.0,t,62.4,23.073775,76.887861,2026-07-18 20:35:17+05:30,SPEEDING,0.7,2026-07-18 21:57:04+05:30,ON_DUTY,VEH_034,UP53E3663,2500,23.062758,76.894169,"[{""lat"": 23.238141, ""lon"": 77.459341}, {""lat"": 22.892994, ""lon"": 76.057563}, {""lat"": 22.556363, ""lon"": 74.706512}, {""lat"": 22.204699, ""lon"": 73.31209}]",616.98,2026-07-19 04:52:06+05:30,2026-07-19 04:51:01+05:30,3,SHIP_1193,23.223446,77.493247,22.247849,73.27097,6312,HIGH,2026-07-20 17:37:39+05:30,2702.3723894
ASN_0193,100.0,t,52.5,22.963889,76.193924,2026-07-18 22:08:34+05:30,SPEEDING,0.7,2026-07-18 21:57:04+05:30,ON_DUTY,VEH_034,UP53E3663,2500,22.967935,76.207248,"[{""lat"": 23.238141, ""lon"": 77.459341}, {""lat"": 22.892994, ""lon"": 76.057563}, {""lat"": 22.556363, ""lon"": 74.706512}, {""lat"": 22.204699, ""lon"": 73.31209}]",616.98,2026-07-19 04:52:06+05:30,2026-07-19 04:51:01+05:30,4,SHIP_1193,23.223446,77.493247,22.247849,73.27097,6312,HIGH,2026-07-20 17:37:39+05:30,2609.0947718666666
ASN_0193,100.0,t,70.5,22.811225,75.682859,2026-07-18 23:24:51+05:30,SPEEDING,0.7,2026-07-18 21:57:04+05:30,ON_DUTY,VEH_034,UP53E3663,2500,22.817941,75.700291,"[{""lat"": 23.238141, ""lon"": 77.459341}, {""lat"": 22.892994, ""lon"": 76.057563}, {""lat"": 22.556363, ""lon"": 74.706512}, {""lat"": 22.204699, ""lon"": 73.31209}]",616.98,2026-07-19 04:52:06+05:30,2026-07-19 04:51:01+05:30,5,SHIP_1193,23.223446,77.493247,22.247849,73.27097,6312,HIGH,2026-07-20 17:37:39+05:30,2532.8065821166665
ASN_0193,100.0,t,60.7,22.688531,75.093822,2026-07-19 00:40:31+05:30,SPEEDING,0.7,2026-07-18 21:57:04+05:30,ON_DUTY,VEH_034,UP53E3663,2500,22.691583,75.086627,"[{""lat"": 23.238141, ""lon"": 77.459341}, {""lat"": 22.892994, ""lon"": 76.057563}, {""lat"": 22.556363, ""lon"": 74.706512}, {""lat"": 22.204699, ""lon"": 73.31209}]",616.98,2026-07-19 04:52:06+05:30,2026-07-19 04:51:01+05:30,6,SHIP_1193,23.223446,77.493247,22.247849,73.27097,6312,HIGH,2026-07-20 17:37:39+05:30,2457.1319971499997
ASN_0193,100.0,t,58.4,22.303473,73.517515,2026-07-19 04:16:23+05:30,SPEEDING,0.7,2026-07-18 21:57:04+05:30,ON_DUTY,VEH_034,UP53E3663,2500,22.311384,73.514553,"[{""lat"": 23.238141, ""lon"": 77.459341}, {""lat"": 22.892994, ""lon"": 76.057563}, {""lat"": 22.556363, ""lon"": 74.706512}, {""lat"": 22.204699, ""lon"": 73.31209}]",616.98,2026-07-19 04:52:06+05:30,2026-07-19 04:51:01+05:30,7,SHIP_1193,23.223446,77.493247,22.247849,73.27097,6312,HIGH,2026-07-20 17:37:39+05:30,2241.2761577666665
ASN_0006,100.0,t,37.3,25.503637,77.271793,2026-07-15 12:19:05+05:30,,,,AVAILABLE,VEH_035,BR20E1733,3500,25.503456,77.267536,"[{""lat"": 28.491962, ""lon"": 77.074264}, {""lat"": 12.992879, ""lon"": 77.549781}]",2070.18,2026-07-16 19:23:47+05:30,2026-07-16 20:03:40+05:30,1,SHIP_1006,28.462395,77.177507,12.969128,77.587876,5868,LOW,2026-07-17 04:16:08+05:30,2397.0441457833335
ASN_0006,100.0,t,48.7,20.808189,77.397185,2026-07-16 00:09:50+05:30,,,,AVAILABLE,VEH_035,BR20E1733,3500,20.8059,77.412805,"[{""lat"": 28.491962, ""lon"": 77.074264}, {""lat"": 12.992879, ""lon"": 77.549781}]",2070.18,2026-07-16 19:23:47+05:30,2026-07-16 20:03:40+05:30,2,SHIP_1006,28.462395,77.177507,12.969128,77.587876,5868,LOW,2026-07-17 04:16:08+05:30,1686.3000300833335
ASN_0006,100.0,t,59.2,20.075972,77.39306,2026-07-16 01:56:16+05:30,,,,AVAILABLE,VEH_035,BR20E1733,3500,20.064351,77.387634,"[{""lat"": 28.491962, ""lon"": 77.074264}, {""lat"": 12.992879, ""lon"": 77.549781}]",2070.18,2026-07-16 19:23:47+05:30,2026-07-16 20:03:40+05:30,3,SHIP_1006,28.462395,77.177507,12.969128,77.587876,5868,LOW,2026-07-17 04:16:08+05:30,1579.8705689833332
ASN_0006,100.0,t,48.2,13.931447,77.566709,2026-07-16 17:33:24+05:30,,,,AVAILABLE,VEH_035,BR20E1733,3500,13.94029,77.57791,"[{""lat"": 28.491962, ""lon"": 77.074264}, {""lat"": 12.992879, ""lon"": 77.549781}]",2070.18,2026-07-16 19:23:47+05:30,2026-07-16 20:03:40+05:30,4,SHIP_1006,28.462395,77.177507,12.969128,77.587876,5868,LOW,2026-07-17 04:16:08+05:30,642.7365442333333
ASN_0046,100.0,t,47.0,26.570274,76.998999,2026-07-17 00:06:04+05:30,,,,AVAILABLE,VEH_035,BR20E1733,3500,26.572162,77.009925,"[{""lat"": 26.762172, ""lon"": 75.801957}, {""lat"": 26.046208, ""lon"": 80.470385}, {""lat"": 25.58494, ""lon"": 85.121245}]",1234.97,2026-07-17 20:17:59+05:30,2026-07-17 20:20:40+05:30,1,SHIP_1046,26.746247,75.757683,25.474278,85.085687,5832,LOW,2026-07-20 14:11:45+05:30,5165.680428266667
ASN_0046,100.0,t,45.0,26.410103,78.178457,2026-07-17 03:01:46+05:30,,,,AVAILABLE,VEH_035,BR20E1733,3500,26.407233,78.176954,"[{""lat"": 26.762172, ""lon"": 75.801957}, {""lat"": 26.046208, ""lon"": 80.470385}, {""lat"": 25.58494, ""lon"": 85.121245}]",1234.97,2026-07-17 20:17:59+05:30,2026-07-17 20:20:40+05:30,2,SHIP_1046,26.746247,75.757683,25.474278,85.085687,5832,LOW,2026-07-20 14:11:45+05:30,4989.9901923
ASN_0046,100.0,t,66.2,26.293698,79.260075,2026-07-17 05:48:26+05:30,,,,AVAILABLE,VEH_035,BR20E1733,3500,26.27979,79.259353,"[{""lat"": 26.762172, ""lon"": 75.801957}, {""lat"": 26.046208, ""lon"": 80.470385}, {""lat"": 25.58494, ""lon"": 85.121245}]",1234.97,2026-07-17 20:17:59+05:30,2026-07-17 20:20:40+05:30,3,SHIP_1046,26.746247,75.757683,25.474278,85.085687,5832,LOW,2026-07-20 14:11:45+05:30,4823.3210785166675
ASN_0046,100.0,t,43.7,25.930999,81.899946,2026-07-17 12:20:12+05:30,,,,AVAILABLE,VEH_035,BR20E1733,3500,25.919517,81.909667,"[{""lat"": 26.762172, ""lon"": 75.801957}, {""lat"": 26.046208, ""lon"": 80.470385}, {""lat"": 25.58494, ""lon"": 85.121245}]",1234.97,2026-07-17 20:17:59+05:30,2026-07-17 20:20:40+05:30,4,SHIP_1046,26.746247,75.757683,25.474278,85.085687,5832,LOW,2026-07-20 14:11:45+05:30,4431.5561762
ASN_0046,100.0,t,48.6,25.56284,84.275496,2026-07-17 18:17:04+05:30,,,,AVAILABLE,VEH_035,BR20E1733,3500,25.563585,84.299732,"[{""lat"": 26.762172, ""lon"": 75.801957}, {""lat"": 26.046208, ""lon"": 80.470385}, {""lat"": 25.58494, ""lon"": 85.121245}]",1234.97,2026-07-17 20:17:59+05:30,2026-07-17 20:20:40+05:30,5,SHIP_1046,26.746247,75.757683,25.474278,85.085687,5832,LOW,2026-07-20 14:11:45+05:30,4074.684840733333
ASN_0086,17.7,t,76.4,21.235361,80.698846,2026-07-18 00:29:20+05:30,LOW_SPEED,0.07,2026-07-18 10:26:57+05:30,AVAILABLE,VEH_035,BR20E1733,3500,21.249788,80.722293,"[{""lat"": 21.039116, ""lon"": 79.06556}, {""lat"": 21.505913, ""lon"": 82.243505}, {""lat"": 21.970159, ""lon"": 85.409108}, {""lat"": 22.462308, ""lon"": 88.407967}]",1254.11,2026-07-18 16:49:34+05:30,2026-07-18 16:56:54+05:30,1,SHIP_1086,20.967358,79.148186,22.522198,88.402403,812,MEDIUM,2026-07-17 21:23:55+05:30,0.0
ASN_0086,17.7,t,54.1,21.289365,80.987834,2026-07-18 01:02:58+05:30,LOW_SPEED,0.07,2026-07-18 10:26:57+05:30,AVAILABLE,VEH_035,BR20E1733,3500,21.290968,80.976126,"[{""lat"": 21.039116, ""lon"": 79.06556}, {""lat"": 21.505913, ""lon"": 82.243505}, {""lat"": 21.970159, ""lon"": 85.409108}, {""lat"": 22.462308, ""lon"": 88.407967}]",1254.11,2026-07-18 16:49:34+05:30,2026-07-18 16:56:54+05:30,2,SHIP_1086,20.967358,79.148186,22.522198,88.402403,812,MEDIUM,2026-07-17 21:23:55+05:30,0.0
ASN_0086,17.7,t,62.4,22.029638,85.33059,2026-07-18 10:25:34+05:30,LOW_SPEED,0.07,2026-07-18 10:26:57+05:30,AVAILABLE,VEH_035,BR20E1733,3500,22.022117,85.326627,"[{""lat"": 21.039116, ""lon"": 79.06556}, {""lat"": 21.505913, ""lon"": 82.243505}, {""lat"": 21.970159, ""lon"": 85.409108}, {""lat"": 22.462308, ""lon"": 88.407967}]",1254.11,2026-07-18 16:49:34+05:30,2026-07-18 16:56:54+05:30,3,SHIP_1086,20.967358,79.148186,22.522198,88.402403,812,MEDIUM,2026-07-17 21:23:55+05:30,0.0
ASN_0086,17.7,t,66.8,22.118138,85.923184,2026-07-18 11:39:59+05:30,LOW_SPEED,0.07,2026-07-18 10:26:57+05:30,AVAILABLE,VEH_035,BR20E1733,3500,22.108751,85.938109,"[{""lat"": 21.039116, ""lon"": 79.06556}, {""lat"": 21.505913, ""lon"": 82.243505}, {""lat"": 21.970159, ""lon"": 85.409108}, {""lat"": 22.462308, ""lon"": 88.407967}]",1254.11,2026-07-18 16:49:34+05:30,2026-07-18 16:56:54+05:30,4,SHIP_1086,20.967358,79.148186,22.522198,88.402403,812,MEDIUM,2026-07-17 21:23:55+05:30,0.0
ASN_0086,17.7,t,86.2,22.246272,86.850705,2026-07-18 13:34:56+05:30,LOW_SPEED,0.07,2026-07-18 10:26:57+05:30,AVAILABLE,VEH_035,BR20E1733,3500,22.222339,86.841414,"[{""lat"": 21.039116, ""lon"": 79.06556}, {""lat"": 21.505913, ""lon"": 82.243505}, {""lat"": 21.970159, ""lon"": 85.409108}, {""lat"": 22.462308, ""lon"": 88.407967}]",1254.11,2026-07-18 16:49:34+05:30,2026-07-18 16:56:54+05:30,5,SHIP_1086,20.967358,79.148186,22.522198,88.402403,812,MEDIUM,2026-07-17 21:23:55+05:30,0.0
ASN_0126,80.3,f,41.8,26.81938,75.850104,2026-07-18 17:46:01+05:30,,,,AVAILABLE,VEH_035,BR20E1733,3500,26.822046,75.857491,"[{""lat"": 26.88379, ""lon"": 75.626329}, {""lat"": 25.829186, ""lon"": 78.691789}, {""lat"": 24.62224, ""lon"": 82.091705}, {""lat"": 23.658465, ""lon"": 85.10955}, {""lat"": 22.693153, ""lon"": 88.364152}]",1869.49,2026-07-20 08:45:14+05:30,2026-07-20 08:53:31+05:30,1,SHIP_1126,26.851481,75.68415,22.577518,88.307084,2591,HIGH,2026-07-20 19:50:33+05:30,3004.5447273166665
ASN_0126,80.3,f,54.2,24.488179,82.642586,2026-07-19 15:05:13+05:30,,,,AVAILABLE,VEH_035,BR20E1733,3500,24.493198,82.655149,"[{""lat"": 26.88379, ""lon"": 75.626329}, {""lat"": 25.829186, ""lon"": 78.691789}, {""lat"": 24.62224, ""lon"": 82.091705}, {""lat"": 23.658465, ""lon"": 85.10955}, {""lat"": 22.693153, ""lon"": 88.364152}]",1869.49,2026-07-20 08:45:14+05:30,2026-07-20 08:53:31+05:30,2,SHIP_1126,26.851481,75.68415,22.577518,88.307084,2591,HIGH,2026-07-20 19:50:33+05:30,1725.3374849833333
ASN_0126,80.3,f,30.0,23.902758,84.394893,2026-07-19 20:38:44+05:30,,,,AVAILABLE,VEH_035,BR20E1733,3500,23.911735,84.392185,"[{""lat"": 26.88379, ""lon"": 75.626329}, {""lat"": 25.829186, ""lon"": 78.691789}, {""lat"": 24.62224, ""lon"": 82.091705}, {""lat"": 23.658465, ""lon"": 85.10955}, {""lat"": 22.693153, ""lon"": 88.364152}]",1869.49,2026-07-20 08:45:14+05:30,2026-07-20 08:53:31+05:30,3,SHIP_1126,26.851481,75.68415,22.577518,88.307084,2591,HIGH,2026-07-20 19:50:33+05:30,1391.8314226
ASN_0126,80.3,f,31.9,23.226423,86.369167,2026-07-20 02:48:50+05:30,,,,AVAILABLE,VEH_035,BR20E1733,3500,23.223119,86.343265,"[{""lat"": 26.88379, ""lon"": 75.626329}, {""lat"": 25.829186, ""lon"": 78.691789}, {""lat"": 24.62224, ""lon"": 82.091705}, {""lat"": 23.658465, ""lon"": 85.10955}, {""lat"": 22.693153, ""lon"": 88.364152}]",1869.49,2026-07-20 08:45:14+05:30,2026-07-20 08:53:31+05:30,4,SHIP_1126,26.851481,75.68415,22.577518,88.307084,2591,HIGH,2026-07-20 19:50:33+05:30,1021.7268342833333
ASN_0126,80.3,f,66.7,22.886731,87.356654,2026-07-20 05:57:26+05:30,,,,AVAILABLE,VEH_035,BR20E1733,3500,22.891983,87.355148,"[{""lat"": 26.88379, ""lon"": 75.626329}, {""lat"": 25.829186, ""lon"": 78.691789}, {""lat"": 24.62224, ""lon"": 82.091705}, {""lat"": 23.658465, ""lon"": 85.10955}, {""lat"": 22.693153, ""lon"": 88.364152}]",1869.49,2026-07-20 08:45:14+05:30,2026-07-20 08:53:31+05:30,5,SHIP_1126,26.851481,75.68415,22.577518,88.307084,2591,HIGH,2026-07-20 19:50:33+05:30,833.1217331333334
ASN_0126,80.3,f,40.2,22.667898,88.070241,2026-07-20 08:05:46+05:30,,,,AVAILABLE,VEH_035,BR20E1733,3500,22.666217,88.067281,"[{""lat"": 26.88379, ""lon"": 75.626329}, {""lat"": 25.829186, ""lon"": 78.691789}, {""lat"": 24.62224, ""lon"": 82.091705}, {""lat"": 23.658465, ""lon"": 85.10955}, {""lat"": 22.693153, ""lon"": 88.364152}]",1869.49,2026-07-20 08:45:14+05:30,2026-07-20 08:53:31+05:30,6,SHIP_1126,26.851481,75.68415,22.577518,88.307084,2591,HIGH,2026-07-20 19:50:33+05:30,704.7858696999999
ASN_0166,23.6,f,46.4,25.171579,85.453391,2026-07-20 11:02:06+05:30,,,,AVAILABLE,VEH_035,BR20E1733,3500,25.171241,85.44893,"[{""lat"": 25.478182, ""lon"": 85.250323}, {""lat"": 22.597419, ""lon"": 88.345534}]",628.47,2026-07-20 23:10:51+05:30,2026-07-20 23:26:45+05:30,1,SHIP_1166,25.523877,85.068676,22.597337,88.29093,768,MEDIUM,2026-07-18 20:44:45+05:30,0.0
ASN_0166,23.6,f,35.4,24.524683,86.173648,2026-07-20 14:08:08+05:30,,,,AVAILABLE,VEH_035,BR20E1733,3500,24.511971,86.165536,"[{""lat"": 25.478182, ""lon"": 85.250323}, {""lat"": 22.597419, ""lon"": 88.345534}]",628.47,2026-07-20 23:10:51+05:30,2026-07-20 23:26:45+05:30,2,SHIP_1166,25.523877,85.068676,22.597337,88.29093,768,MEDIUM,2026-07-18 20:44:45+05:30,0.0
ASN_0166,23.6,f,61.0,24.444573,86.290858,2026-07-20 14:31:48+05:30,,,,AVAILABLE,VEH_035,BR20E1733,3500,24.448421,86.301224,"[{""lat"": 25.478182, ""lon"": 85.250323}, {""lat"": 22.597419, ""lon"": 88.345534}]",628.47,2026-07-20 23:10:51+05:30,2026-07-20 23:26:45+05:30,3,SHIP_1166,25.523877,85.068676,22.597337,88.29093,768,MEDIUM,2026-07-18 20:44:45+05:30,0.0
ASN_0166,23.6,f,47.2,24.366815,86.370769,2026-07-20 14:54:22+05:30,,,,AVAILABLE,VEH_035,BR20E1733,3500,24.371469,86.368437,"[{""lat"": 25.478182, ""lon"": 85.250323}, {""lat"": 22.597419, ""lon"": 88.345534}]",628.47,2026-07-20 23:10:51+05:30,2026-07-20 23:26:45+05:30,4,SHIP_1166,25.523877,85.068676,22.597337,88.29093,768,MEDIUM,2026-07-18 20:44:45+05:30,0.0
ASN_0166,23.6,f,33.5,24.249949,86.512862,2026-07-20 15:27:31+05:30,,,,AVAILABLE,VEH_035,BR20E1733,3500,24.250571,86.507352,"[{""lat"": 25.478182, ""lon"": 85.250323}, {""lat"": 22.597419, ""lon"": 88.345534}]",628.47,2026-07-20 23:10:51+05:30,2026-07-20 23:26:45+05:30,5,SHIP_1166,25.523877,85.068676,22.597337,88.29093,768,MEDIUM,2026-07-18 20:44:45+05:30,0.0
ASN_0166,23.6,f,42.6,23.114751,87.782997,2026-07-20 21:02:42+05:30,,,,AVAILABLE,VEH_035,BR20E1733,3500,23.086707,87.789933,"[{""lat"": 25.478182, ""lon"": 85.250323}, {""lat"": 22.597419, ""lon"": 88.345534}]",628.47,2026-07-20 23:10:51+05:30,2026-07-20 23:26:45+05:30,6,SHIP_1166,25.523877,85.068676,22.597337,88.29093,768,MEDIUM,2026-07-18 20:44:45+05:30,0.0
ASN_0022,63.6,t,21.6,13.359832,80.225931,2026-07-15 01:05:06+05:30,,,,AVAILABLE,VEH_036,OD13A2795,7000,13.349733,80.240497,"[{""lat"": 13.256485, ""lon"": 80.387069}, {""lat"": 15.691122, ""lon"": 78.367962}, {""lat"": 18.099086, ""lon"": 76.448533}, {""lat"": 20.617856, ""lon"": 74.488868}, {""lat"": 23.126012, ""lon"": 72.61785}]",1714.25,2026-07-16 13:12:27+05:30,2026-07-16 13:12:14+05:30,1,SHIP_1022,13.218758,80.361504,23.047505,72.595558,4765,LOW,2026-07-19 10:51:48+05:30,6346.6984615
ASN_0022,63.6,t,37.1,17.058157,77.343313,2026-07-15 14:41:12+05:30,,,,AVAILABLE,VEH_036,OD13A2795,7000,17.068338,77.343286,"[{""lat"": 13.256485, ""lon"": 80.387069}, {""lat"": 15.691122, ""lon"": 78.367962}, {""lat"": 18.099086, ""lon"": 76.448533}, {""lat"": 20.617856, ""lon"": 74.488868}, {""lat"": 23.126012, ""lon"": 72.61785}]",1714.25,2026-07-16 13:12:27+05:30,2026-07-16 13:12:14+05:30,2,SHIP_1022,13.218758,80.361504,23.047505,72.595558,4765,LOW,2026-07-19 10:51:48+05:30,5530.600232566667
ASN_0022,63.6,t,35.9,21.102964,74.150234,2026-07-16 05:54:22+05:30,,,,AVAILABLE,VEH_036,OD13A2795,7000,21.111688,74.128732,"[{""lat"": 13.256485, ""lon"": 80.387069}, {""lat"": 15.691122, ""lon"": 78.367962}, {""lat"": 18.099086, ""lon"": 76.448533}, {""lat"": 20.617856, ""lon"": 74.488868}, {""lat"": 23.126012, ""lon"": 72.61785}]",1714.25,2026-07-16 13:12:27+05:30,2026-07-16 13:12:14+05:30,3,SHIP_1022,13.218758,80.361504,23.047505,72.595558,4765,LOW,2026-07-19 10:51:48+05:30,4617.420812933333
ASN_0062,56.2,t,47.5,20.165269,83.797568,2026-07-16 18:37:05+05:30,,,,AVAILABLE,VEH_036,OD13A2795,7000,20.150006,83.778182,"[{""lat"": 20.250671, ""lon"": 85.880182}, {""lat"": 20.082532, ""lon"": 79.890297}, {""lat"": 19.939278, ""lon"": 73.878973}]",1541.01,2026-07-17 16:53:09+05:30,2026-07-17 16:42:14+05:30,1,SHIP_1062,20.210511,85.839111,19.91269,73.88057,3954,LOW,2026-07-17 02:05:06+05:30,448.0202496333333
ASN_0062,56.2,t,43.8,20.087156,79.856438,2026-07-17 03:26:40+05:30,,,,AVAILABLE,VEH_036,OD13A2795,7000,20.084676,79.86141,"[{""lat"": 20.250671, ""lon"": 85.880182}, {""lat"": 20.082532, ""lon"": 79.890297}, {""lat"": 19.939278, ""lon"": 73.878973}]",1541.01,2026-07-17 16:53:09+05:30,2026-07-17 16:42:14+05:30,2,SHIP_1062,20.210511,85.839111,19.91269,73.88057,3954,LOW,2026-07-17 02:05:06+05:30,0.0
ASN_0062,56.2,t,59.7,20.055863,78.252179,2026-07-17 06:56:45+05:30,,,,AVAILABLE,VEH_036,OD13A2795,7000,20.068299,78.234406,"[{""lat"": 20.250671, ""lon"": 85.880182}, {""lat"": 20.082532, ""lon"": 79.890297}, {""lat"": 19.939278, ""lon"": 73.878973}]",1541.01,2026-07-17 16:53:09+05:30,2026-07-17 16:42:14+05:30,3,SHIP_1062,20.210511,85.839111,19.91269,73.88057,3954,LOW,2026-07-17 02:05:06+05:30,0.0
ASN_0062,56.2,t,50.3,19.973908,76.924844,2026-07-17 09:55:36+05:30,,,,AVAILABLE,VEH_036,OD13A2795,7000,19.996313,76.934245,"[{""lat"": 20.250671, ""lon"": 85.880182}, {""lat"": 20.082532, ""lon"": 79.890297}, {""lat"": 19.939278, ""lon"": 73.878973}]",1541.01,2026-07-17 16:53:09+05:30,2026-07-17 16:42:14+05:30,4,SHIP_1062,20.210511,85.839111,19.91269,73.88057,3954,LOW,2026-07-17 02:05:06+05:30,0.0
ASN_0102,21.2,t,68.8,27.343657,77.219757,2026-07-17 19:53:33+05:30,SPEEDING,0.68,2026-07-18 05:53:34+05:30,AVAILABLE,VEH_036,OD13A2795,7000,27.351332,77.221168,"[{""lat"": 28.417777, ""lon"": 77.107201}, {""lat"": 12.986685, ""lon"": 77.611451}]",1982.33,2026-07-19 02:40:18+05:30,2026-07-19 02:52:48+05:30,1,SHIP_1102,28.438849,77.181976,12.989136,77.564652,896,LOW,2026-07-21 14:04:34+05:30,5411.024742166667
ASN_0102,21.2,t,77.8,25.541012,77.262401,2026-07-17 23:47:31+05:30,SPEEDING,0.68,2026-07-18 05:53:34+05:30,AVAILABLE,VEH_036,OD13A2795,7000,25.542826,77.255705,"[{""lat"": 28.417777, ""lon"": 77.107201}, {""lat"": 12.986685, ""lon"": 77.611451}]",1982.33,2026-07-19 02:40:18+05:30,2026-07-19 02:52:48+05:30,2,SHIP_1102,28.438849,77.181976,12.989136,77.564652,896,LOW,2026-07-21 14:04:34+05:30,5177.049797433333
ASN_0102,21.2,t,62.5,15.398414,77.479987,2026-07-18 21:42:04+05:30,SPEEDING,0.68,2026-07-18 05:53:34+05:30,AVAILABLE,VEH_036,OD13A2795,7000,15.39556,77.490243,"[{""lat"": 28.417777, ""lon"": 77.107201}, {""lat"": 12.986685, ""lon"": 77.611451}]",1982.33,2026-07-19 02:40:18+05:30,2026-07-19 02:52:48+05:30,3,SHIP_1102,28.438849,77.181976,12.989136,77.564652,896,LOW,2026-07-21 14:04:34+05:30,3862.5001719666666
ASN_0142,14.0,t,57.6,16.213466,81.04503,2026-07-19 16:17:46+05:30,ROUTE_DEVIATION,0.05,2026-07-20 04:03:26+05:30,AVAILABLE,VEH_036,OD13A2795,7000,16.218613,81.052933,"[{""lat"": 12.915789, ""lon"": 77.380827}, {""lat"": 22.754523, ""lon"": 88.520338}]",2153.05,2026-07-20 17:54:36+05:30,2026-07-20 17:50:59+05:30,1,SHIP_1142,12.919103,77.372177,22.784664,88.490142,1049,MEDIUM,2026-07-21 01:03:47+05:30,1966.0190977666668
ASN_0142,14.0,t,67.0,17.175645,82.145682,2026-07-19 20:06:58+05:30,ROUTE_DEVIATION,0.05,2026-07-20 04:03:26+05:30,AVAILABLE,VEH_036,OD13A2795,7000,17.171353,82.140486,"[{""lat"": 12.915789, ""lon"": 77.380827}, {""lat"": 22.754523, ""lon"": 88.520338}]",2153.05,2026-07-20 17:54:36+05:30,2026-07-20 17:50:59+05:30,2,SHIP_1142,12.919103,77.372177,22.784664,88.490142,1049,MEDIUM,2026-07-21 01:03:47+05:30,1736.8242694333335
ASN_0142,14.0,t,45.4,22.694969,88.360249,2026-07-20 17:20:20+05:30,ROUTE_DEVIATION,0.05,2026-07-20 04:03:26+05:30,AVAILABLE,VEH_036,OD13A2795,7000,22.69018,88.35791,"[{""lat"": 12.915789, ""lon"": 77.380827}, {""lat"": 22.754523, ""lon"": 88.520338}]",2153.05,2026-07-20 17:54:36+05:30,2026-07-20 17:50:59+05:30,3,SHIP_1142,12.919103,77.372177,22.784664,88.490142,1049,MEDIUM,2026-07-21 01:03:47+05:30,463.45336941666665
ASN_0182,12.2,f,52.9,20.781905,73.141286,2026-07-20 19:47:24+05:30,,,,AVAILABLE,VEH_036,OD13A2795,7000,20.77954,73.150051,"[{""lat"": 21.097385, ""lon"": 72.912854}, {""lat"": 20.8346, ""lon"": 73.083796}, {""lat"": 20.467407, ""lon"": 73.344974}, {""lat"": 20.204011, ""lon"": 73.623657}, {""lat"": 19.783669, ""lon"": 73.814151}]",226.2,2026-07-20 22:17:27+05:30,2026-07-20 22:32:20+05:30,1,SHIP_1182,21.117205,72.900809,19.850077,73.845181,831,MEDIUM,2026-07-20 16:18:35+05:30,0.0
ASN_0182,12.2,f,81.2,20.778713,73.136639,2026-07-20 19:50:40+05:30,,,,AVAILABLE,VEH_036,OD13A2795,7000,20.776324,73.125882,"[{""lat"": 21.097385, ""lon"": 72.912854}, {""lat"": 20.8346, ""lon"": 73.083796}, {""lat"": 20.467407, ""lon"": 73.344974}, {""lat"": 20.204011, ""lon"": 73.623657}, {""lat"": 19.783669, ""lon"": 73.814151}]",226.2,2026-07-20 22:17:27+05:30,2026-07-20 22:32:20+05:30,2,SHIP_1182,21.117205,72.900809,19.850077,73.845181,831,MEDIUM,2026-07-20 16:18:35+05:30,0.0
ASN_0182,12.2,f,59.0,19.87606,73.815452,2026-07-20 22:28:16+05:30,,,,AVAILABLE,VEH_036,OD13A2795,7000,19.869663,73.814663,"[{""lat"": 21.097385, ""lon"": 72.912854}, {""lat"": 20.8346, ""lon"": 73.083796}, {""lat"": 20.467407, ""lon"": 73.344974}, {""lat"": 20.204011, ""lon"": 73.623657}, {""lat"": 19.783669, ""lon"": 73.814151}]",226.2,2026-07-20 22:17:27+05:30,2026-07-20 22:32:20+05:30,3,SHIP_1182,21.117205,72.900809,19.850077,73.845181,831,MEDIUM,2026-07-20 16:18:35+05:30,0.0
ASN_0023,71.8,f,72.0,17.615047,76.865325,2026-07-15 16:26:31+05:30,,,,AVAILABLE,VEH_037,MH11F1731,7000,17.621299,76.88645,"[{""lat"": 22.408063, ""lon"": 73.370348}, {""lat"": 20.062301, ""lon"": 75.137728}, {""lat"": 17.708494, ""lon"": 76.751528}, {""lat"": 15.415834, ""lon"": 78.394437}, {""lat"": 13.051456, ""lon"": 80.278498}]",1545.35,2026-07-16 04:18:29+05:30,2026-07-16 04:09:01+05:30,1,SHIP_1023,22.379699,73.337796,13.069959,80.266828,5419,MEDIUM,2026-07-19 15:09:54+05:30,5683.38513865
ASN_0023,71.8,f,71.1,16.929618,77.352283,2026-07-15 18:13:36+05:30,,,,AVAILABLE,VEH_037,MH11F1731,7000,16.942696,77.350663,"[{""lat"": 22.408063, ""lon"": 73.370348}, {""lat"": 20.062301, ""lon"": 75.137728}, {""lat"": 17.708494, ""lon"": 76.751528}, {""lat"": 15.415834, ""lon"": 78.394437}, {""lat"": 13.051456, ""lon"": 80.278498}]",1545.35,2026-07-16 04:18:29+05:30,2026-07-16 04:09:01+05:30,2,SHIP_1023,22.379699,73.337796,13.069959,80.266828,5419,MEDIUM,2026-07-19 15:09:54+05:30,5576.296092933333
ASN_0023,71.8,f,57.4,15.878209,78.237754,2026-07-15 21:01:16+05:30,,,,AVAILABLE,VEH_037,MH11F1731,7000,15.873318,78.224893,"[{""lat"": 22.408063, ""lon"": 73.370348}, {""lat"": 20.062301, ""lon"": 75.137728}, {""lat"": 17.708494, ""lon"": 76.751528}, {""lat"": 15.415834, ""lon"": 78.394437}, {""lat"": 13.051456, ""lon"": 80.278498}]",1545.35,2026-07-16 04:18:29+05:30,2026-07-16 04:09:01+05:30,3,SHIP_1023,22.379699,73.337796,13.069959,80.266828,5419,MEDIUM,2026-07-19 15:09:54+05:30,5408.633000733334
ASN_0023,71.8,f,70.5,13.937873,79.644302,2026-07-16 01:57:01+05:30,,,,AVAILABLE,VEH_037,MH11F1731,7000,13.9252,79.636484,"[{""lat"": 22.408063, ""lon"": 73.370348}, {""lat"": 20.062301, ""lon"": 75.137728}, {""lat"": 17.708494, ""lon"": 76.751528}, {""lat"": 15.415834, ""lon"": 78.394437}, {""lat"": 13.051456, ""lon"": 80.278498}]",1545.35,2026-07-16 04:18:29+05:30,2026-07-16 04:09:01+05:30,4,SHIP_1023,22.379699,73.337796,13.069959,80.266828,5419,MEDIUM,2026-07-19 15:09:54+05:30,5112.88111745
ASN_0063,49.1,t,75.4,18.1929,74.584697,2026-07-16 14:43:24+05:30,,,,AVAILABLE,VEH_037,MH11F1731,7000,18.201869,74.576345,"[{""lat"": 22.388508, ""lon"": 73.223363}, {""lat"": 19.530219, ""lon"": 74.128616}, {""lat"": 16.695349, ""lon"": 75.164822}, {""lat"": 13.845224, ""lon"": 76.110321}, {""lat"": 11.009328, ""lon"": 77.052724}]",1636.28,2026-07-17 08:15:09+05:30,2026-07-17 07:45:52+05:30,1,SHIP_1063,22.366416,73.19088,11.024968,77.079621,3541,MEDIUM,2026-07-16 19:07:50+05:30,264.4296504
ASN_0063,49.1,t,59.2,18.108405,74.624462,2026-07-16 14:57:53+05:30,,,,AVAILABLE,VEH_037,MH11F1731,7000,18.112648,74.650789,"[{""lat"": 22.388508, ""lon"": 73.223363}, {""lat"": 19.530219, ""lon"": 74.128616}, {""lat"": 16.695349, ""lon"": 75.164822}, {""lat"": 13.845224, ""lon"": 76.110321}, {""lat"": 11.009328, ""lon"": 77.052724}]",1636.28,2026-07-17 08:15:09+05:30,2026-07-17 07:45:52+05:30,2,SHIP_1063,22.366416,73.19088,11.024968,77.079621,3541,MEDIUM,2026-07-16 19:07:50+05:30,249.94544696666665
ASN_0063,49.1,t,53.8,16.294932,75.28858,2026-07-16 19:12:55+05:30,,,,AVAILABLE,VEH_037,MH11F1731,7000,16.297773,75.297631,"[{""lat"": 22.388508, ""lon"": 73.223363}, {""lat"": 19.530219, ""lon"": 74.128616}, {""lat"": 16.695349, ""lon"": 75.164822}, {""lat"": 13.845224, ""lon"": 76.110321}, {""lat"": 11.009328, ""lon"": 77.052724}]",1636.28,2026-07-17 08:15:09+05:30,2026-07-17 07:45:52+05:30,3,SHIP_1063,22.366416,73.19088,11.024968,77.079621,3541,MEDIUM,2026-07-16 19:07:50+05:30,0.0
ASN_0063,49.1,t,57.8,15.613014,75.519021,2026-07-16 20:55:25+05:30,,,,AVAILABLE,VEH_037,MH11F1731,7000,15.612929,75.520594,"[{""lat"": 22.388508, ""lon"": 73.223363}, {""lat"": 19.530219, ""lon"": 74.128616}, {""lat"": 16.695349, ""lon"": 75.164822}, {""lat"": 13.845224, ""lon"": 76.110321}, {""lat"": 11.009328, ""lon"": 77.052724}]",1636.28,2026-07-17 08:15:09+05:30,2026-07-17 07:45:52+05:30,4,SHIP_1063,22.366416,73.19088,11.024968,77.079621,3541,MEDIUM,2026-07-16 19:07:50+05:30,0.0
ASN_0103,5.0,t,37.0,13.680388,77.562599,2026-07-17 09:44:25+05:30,ROUTE_DEVIATION,0.27,2026-07-17 12:17:12+05:30,AVAILABLE,VEH_037,MH11F1731,7000,13.679373,77.568504,"[{""lat"": 12.923977, ""lon"": 77.500863}, {""lat"": 17.483506, ""lon"": 78.487988}]",586.96,2026-07-17 18:21:52+05:30,2026-07-17 17:58:47+05:30,1,SHIP_1103,12.965031,77.444383,17.373208,78.418291,205,MEDIUM,2026-07-20 01:36:04+05:30,3831.6527776333332
ASN_0103,5.0,t,58.1,13.866134,77.630531,2026-07-17 10:05:24+05:30,ROUTE_DEVIATION,0.27,2026-07-17 12:17:12+05:30,AVAILABLE,VEH_037,MH11F1731,7000,13.868759,77.641455,"[{""lat"": 12.923977, ""lon"": 77.500863}, {""lat"": 17.483506, ""lon"": 78.487988}]",586.96,2026-07-17 18:21:52+05:30,2026-07-17 17:58:47+05:30,2,SHIP_1103,12.965031,77.444383,17.373208,78.418291,205,MEDIUM,2026-07-20 01:36:04+05:30,3810.6719681333334
ASN_0103,5.0,t,68.5,14.95272,77.861338,2026-07-17 12:34:40+05:30,ROUTE_DEVIATION,0.27,2026-07-17 12:17:12+05:30,AVAILABLE,VEH_037,MH11F1731,7000,14.956942,77.865264,"[{""lat"": 12.923977, ""lon"": 77.500863}, {""lat"": 17.483506, ""lon"": 78.487988}]",586.96,2026-07-17 18:21:52+05:30,2026-07-17 17:58:47+05:30,3,SHIP_1103,12.965031,77.444383,17.373208,78.418291,205,MEDIUM,2026-07-20 01:36:04+05:30,3661.3977845333334
ASN_0143,37.1,t,53.7,24.048113,76.070615,2026-07-17 22:14:26+05:30,ROUTE_DEVIATION,0.46,2026-07-18 06:28:15+05:30,AVAILABLE,VEH_037,MH11F1731,7000,24.036274,76.076247,"[{""lat"": 22.75692, ""lon"": 75.813066}, {""lat"": 24.669858, ""lon"": 76.33332}, {""lat"": 26.585293, ""lon"": 76.783128}, {""lat"": 28.494267, ""lon"": 77.252912}]",924.54,2026-07-18 10:50:14+05:30,2026-07-18 10:13:07+05:30,1,SHIP_1143,22.727778,75.739037,28.55938,77.246437,2819,LOW,2026-07-20 12:18:18+05:30,3723.863446533333
ASN_0143,37.1,t,42.9,27.144406,76.893363,2026-07-18 06:30:18+05:30,ROUTE_DEVIATION,0.46,2026-07-18 06:28:15+05:30,AVAILABLE,VEH_037,MH11F1731,7000,27.158442,76.882875,"[{""lat"": 22.75692, ""lon"": 75.813066}, {""lat"": 24.669858, ""lon"": 76.33332}, {""lat"": 26.585293, ""lon"": 76.783128}, {""lat"": 28.494267, ""lon"": 77.252912}]",924.54,2026-07-18 10:50:14+05:30,2026-07-18 10:13:07+05:30,2,SHIP_1143,22.727778,75.739037,28.55938,77.246437,2819,LOW,2026-07-20 12:18:18+05:30,3227.9986646499997
ASN_0143,37.1,t,63.1,27.983688,77.082284,2026-07-18 08:37:48+05:30,ROUTE_DEVIATION,0.46,2026-07-18 06:28:15+05:30,AVAILABLE,VEH_037,MH11F1731,7000,27.982211,77.08925,"[{""lat"": 22.75692, ""lon"": 75.813066}, {""lat"": 24.669858, ""lon"": 76.33332}, {""lat"": 26.585293, ""lon"": 76.783128}, {""lat"": 28.494267, ""lon"": 77.252912}]",924.54,2026-07-18 10:50:14+05:30,2026-07-18 10:13:07+05:30,3,SHIP_1143,22.727778,75.739037,28.55938,77.246437,2819,LOW,2026-07-20 12:18:18+05:30,3100.5053777666667
ASN_0183,100.0,f,56.2,15.296324,78.625798,2026-07-18 18:33:50+05:30,,,,AVAILABLE,VEH_037,MH11F1731,7000,15.298129,78.633185,"[{""lat"": 12.997428, ""lon"": 80.516841}, {""lat"": 15.33877, ""lon"": 78.542877}, {""lat"": 17.661523, ""lon"": 76.776928}, {""lat"": 20.025452, ""lon"": 74.930842}, {""lat"": 22.243318, ""lon"": 73.136729}]",1717.62,2026-07-19 18:23:47+05:30,2026-07-19 18:36:22+05:30,1,SHIP_1183,13.033223,80.450096,22.240804,73.124718,7231,MEDIUM,2026-07-21 15:05:13+05:30,4111.383757566667
ASN_0183,100.0,f,52.9,15.954538,78.096696,2026-07-18 20:53:53+05:30,,,,AVAILABLE,VEH_037,MH11F1731,7000,15.945042,78.114868,"[{""lat"": 12.997428, ""lon"": 80.516841}, {""lat"": 15.33877, ""lon"": 78.542877}, {""lat"": 17.661523, ""lon"": 76.776928}, {""lat"": 20.025452, ""lon"": 74.930842}, {""lat"": 22.243318, ""lon"": 73.136729}]",1717.62,2026-07-19 18:23:47+05:30,2026-07-19 18:36:22+05:30,2,SHIP_1183,13.033223,80.450096,22.240804,73.124718,7231,MEDIUM,2026-07-21 15:05:13+05:30,3971.34265035
ASN_0183,100.0,f,53.8,18.771358,75.860021,2026-07-19 06:39:50+05:30,,,,AVAILABLE,VEH_037,MH11F1731,7000,18.758637,75.85545,"[{""lat"": 12.997428, ""lon"": 80.516841}, {""lat"": 15.33877, ""lon"": 78.542877}, {""lat"": 17.661523, ""lon"": 76.776928}, {""lat"": 20.025452, ""lon"": 74.930842}, {""lat"": 22.243318, ""lon"": 73.136729}]",1717.62,2026-07-19 18:23:47+05:30,2026-07-19 18:36:22+05:30,3,SHIP_1183,13.033223,80.450096,22.240804,73.124718,7231,MEDIUM,2026-07-21 15:05:13+05:30,3385.396212983333
ASN_0183,100.0,f,51.7,18.791904,75.856364,2026-07-19 06:41:39+05:30,,,,AVAILABLE,VEH_037,MH11F1731,7000,18.80463,75.86081,"[{""lat"": 12.997428, ""lon"": 80.516841}, {""lat"": 15.33877, ""lon"": 78.542877}, {""lat"": 17.661523, ""lon"": 76.776928}, {""lat"": 20.025452, ""lon"": 74.930842}, {""lat"": 22.243318, ""lon"": 73.136729}]",1717.62,2026-07-19 18:23:47+05:30,2026-07-19 18:36:22+05:30,4,SHIP_1183,13.033223,80.450096,22.240804,73.124718,7231,MEDIUM,2026-07-21 15:05:13+05:30,3383.5684858333334
ASN_0183,100.0,f,62.0,19.895951,74.959603,2026-07-19 10:35:45+05:30,,,,AVAILABLE,VEH_037,MH11F1731,7000,19.88928,74.96044,"[{""lat"": 12.997428, ""lon"": 80.516841}, {""lat"": 15.33877, ""lon"": 78.542877}, {""lat"": 17.661523, ""lon"": 76.776928}, {""lat"": 20.025452, ""lon"": 74.930842}, {""lat"": 22.243318, ""lon"": 73.136729}]",1717.62,2026-07-19 18:23:47+05:30,2026-07-19 18:36:22+05:30,5,SHIP_1183,13.033223,80.450096,22.240804,73.124718,7231,MEDIUM,2026-07-21 15:05:13+05:30,3149.4793758666665
ASN_0027,45.6,t,62.4,20.971223,74.895282,2026-07-15 06:35:43+05:30,,,,AVAILABLE,VEH_038,MH60G5367,5000,20.968119,74.900457,"[{""lat"": 21.13244, ""lon"": 72.837567}, {""lat"": 21.003576, ""lon"": 76.100482}, {""lat"": 20.703985, ""lon"": 79.358288}, {""lat"": 20.511828, ""lon"": 82.538808}, {""lat"": 20.314215, ""lon"": 85.713493}]",1710.01,2026-07-16 06:13:43+05:30,2026-07-16 06:11:07+05:30,1,SHIP_1027,21.114013,72.885136,20.316907,85.750662,1979,MEDIUM,2026-07-18 19:02:57+05:30,5067.220384983333
ASN_0027,45.6,t,63.4,20.948558,75.152497,2026-07-15 07:08:28+05:30,,,,AVAILABLE,VEH_038,MH60G5367,5000,20.938344,75.168818,"[{""lat"": 21.13244, ""lon"": 72.837567}, {""lat"": 21.003576, ""lon"": 76.100482}, {""lat"": 20.703985, ""lon"": 79.358288}, {""lat"": 20.511828, ""lon"": 82.538808}, {""lat"": 20.314215, ""lon"": 85.713493}]",1710.01,2026-07-16 06:13:43+05:30,2026-07-16 06:11:07+05:30,2,SHIP_1027,21.114013,72.885136,20.316907,85.750662,1979,MEDIUM,2026-07-18 19:02:57+05:30,5034.475188633333
ASN_0027,45.6,t,46.2,20.667557,80.396135,2026-07-15 18:30:35+05:30,,,,AVAILABLE,VEH_038,MH60G5367,5000,20.664777,80.390783,"[{""lat"": 21.13244, ""lon"": 72.837567}, {""lat"": 21.003576, ""lon"": 76.100482}, {""lat"": 20.703985, ""lon"": 79.358288}, {""lat"": 20.511828, ""lon"": 82.538808}, {""lat"": 20.314215, ""lon"": 85.713493}]",1710.01,2026-07-16 06:13:43+05:30,2026-07-16 06:11:07+05:30,3,SHIP_1027,21.114013,72.885136,20.316907,85.750662,1979,MEDIUM,2026-07-18 19:02:57+05:30,4352.36272695
ASN_0027,45.6,t,41.6,20.588308,81.604885,2026-07-15 21:07:31+05:30,,,,AVAILABLE,VEH_038,MH60G5367,5000,20.588516,81.603596,"[{""lat"": 21.13244, ""lon"": 72.837567}, {""lat"": 21.003576, ""lon"": 76.100482}, {""lat"": 20.703985, ""lon"": 79.358288}, {""lat"": 20.511828, ""lon"": 82.538808}, {""lat"": 20.314215, ""lon"": 85.713493}]",1710.01,2026-07-16 06:13:43+05:30,2026-07-16 06:11:07+05:30,4,SHIP_1027,21.114013,72.885136,20.316907,85.750662,1979,MEDIUM,2026-07-18 19:02:57+05:30,4195.433166
ASN_0027,45.6,t,48.1,20.538747,82.499387,2026-07-15 23:07:45+05:30,,,,AVAILABLE,VEH_038,MH60G5367,5000,20.536757,82.488785,"[{""lat"": 21.13244, ""lon"": 72.837567}, {""lat"": 21.003576, ""lon"": 76.100482}, {""lat"": 20.703985, ""lon"": 79.358288}, {""lat"": 20.511828, ""lon"": 82.538808}, {""lat"": 20.314215, ""lon"": 85.713493}]",1710.01,2026-07-16 06:13:43+05:30,2026-07-16 06:11:07+05:30,5,SHIP_1027,21.114013,72.885136,20.316907,85.750662,1979,MEDIUM,2026-07-18 19:02:57+05:30,4075.201953033333
ASN_0027,45.6,t,56.2,20.432473,83.629373,2026-07-16 01:34:42+05:30,,,,AVAILABLE,VEH_038,MH60G5367,5000,20.435328,83.61385,"[{""lat"": 21.13244, ""lon"": 72.837567}, {""lat"": 21.003576, ""lon"": 76.100482}, {""lat"": 20.703985, ""lon"": 79.358288}, {""lat"": 20.511828, ""lon"": 82.538808}, {""lat"": 20.314215, ""lon"": 85.713493}]",1710.01,2026-07-16 06:13:43+05:30,2026-07-16 06:11:07+05:30,6,SHIP_1027,21.114013,72.885136,20.316907,85.750662,1979,MEDIUM,2026-07-18 19:02:57+05:30,3928.2402595000003
ASN_0067,100.0,t,65.2,20.420667,74.816437,2026-07-16 09:50:59+05:30,,,,AVAILABLE,VEH_038,MH60G5367,5000,20.416168,74.823927,"[{""lat"": 19.865291, ""lon"": 73.878722}, {""lat"": 21.915832, ""lon"": 77.671723}, {""lat"": 23.667182, ""lon"": 81.381023}, {""lat"": 25.648917, ""lon"": 85.034375}]",1737.96,2026-07-17 19:53:26+05:30,2026-07-17 19:29:38+05:30,1,SHIP_1067,19.909441,73.890605,25.586349,85.033581,4981,HIGH,2026-07-16 18:19:01+05:30,508.01961723333335
ASN_0067,100.0,t,35.9,21.927801,77.748053,2026-07-16 19:28:14+05:30,,,,AVAILABLE,VEH_038,MH60G5367,5000,21.950726,77.745143,"[{""lat"": 19.865291, ""lon"": 73.878722}, {""lat"": 21.915832, ""lon"": 77.671723}, {""lat"": 23.667182, ""lon"": 81.381023}, {""lat"": 25.648917, ""lon"": 85.034375}]",1737.96,2026-07-17 19:53:26+05:30,2026-07-17 19:29:38+05:30,2,SHIP_1067,19.909441,73.890605,25.586349,85.033581,4981,HIGH,2026-07-16 18:19:01+05:30,0.0
ASN_0067,100.0,t,57.4,23.022082,80.010061,2026-07-17 02:50:46+05:30,,,,AVAILABLE,VEH_038,MH60G5367,5000,23.035635,80.011184,"[{""lat"": 19.865291, ""lon"": 73.878722}, {""lat"": 21.915832, ""lon"": 77.671723}, {""lat"": 23.667182, ""lon"": 81.381023}, {""lat"": 25.648917, ""lon"": 85.034375}]",1737.96,2026-07-17 19:53:26+05:30,2026-07-17 19:29:38+05:30,3,SHIP_1067,19.909441,73.890605,25.586349,85.033581,4981,HIGH,2026-07-16 18:19:01+05:30,0.0
ASN_0067,100.0,t,49.7,23.370576,80.697039,2026-07-17 05:08:18+05:30,,,,AVAILABLE,VEH_038,MH60G5367,5000,23.383967,80.698425,"[{""lat"": 19.865291, ""lon"": 73.878722}, {""lat"": 21.915832, ""lon"": 77.671723}, {""lat"": 23.667182, ""lon"": 81.381023}, {""lat"": 25.648917, ""lon"": 85.034375}]",1737.96,2026-07-17 19:53:26+05:30,2026-07-17 19:29:38+05:30,4,SHIP_1067,19.909441,73.890605,25.586349,85.033581,4981,HIGH,2026-07-16 18:19:01+05:30,0.0
ASN_0067,100.0,t,52.0,24.784377,83.368811,2026-07-17 14:02:24+05:30,,,,AVAILABLE,VEH_038,MH60G5367,5000,24.802332,83.381979,"[{""lat"": 19.865291, ""lon"": 73.878722}, {""lat"": 21.915832, ""lon"": 77.671723}, {""lat"": 23.667182, ""lon"": 81.381023}, {""lat"": 25.648917, ""lon"": 85.034375}]",1737.96,2026-07-17 19:53:26+05:30,2026-07-17 19:29:38+05:30,5,SHIP_1067,19.909441,73.890605,25.586349,85.033581,4981,HIGH,2026-07-16 18:19:01+05:30,0.0
ASN_0067,100.0,t,39.3,25.010886,83.872631,2026-07-17 15:42:35+05:30,,,,AVAILABLE,VEH_038,MH60G5367,5000,25.009285,83.875807,"[{""lat"": 19.865291, ""lon"": 73.878722}, {""lat"": 21.915832, ""lon"": 77.671723}, {""lat"": 23.667182, ""lon"": 81.381023}, {""lat"": 25.648917, ""lon"": 85.034375}]",1737.96,2026-07-17 19:53:26+05:30,2026-07-17 19:29:38+05:30,6,SHIP_1067,19.909441,73.890605,25.586349,85.033581,4981,HIGH,2026-07-16 18:19:01+05:30,0.0
ASN_0107,5.2,t,55.8,18.426176,74.208023,2026-07-17 21:47:00+05:30,,,,AVAILABLE,VEH_038,MH60G5367,5000,18.409707,74.213364,"[{""lat"": 18.547952, ""lon"": 73.718704}, {""lat"": 18.123951, ""lon"": 75.263559}, {""lat"": 17.751052, ""lon"": 77.089123}, {""lat"": 17.420439, ""lon"": 78.449238}]",684.66,2026-07-18 10:19:37+05:30,2026-07-18 10:44:05+05:30,1,SHIP_1107,18.505257,73.790246,17.417189,78.466894,274,HIGH,2026-07-16 02:19:45+05:30,0.0
ASN_0107,5.2,t,52.0,18.243083,75.046735,2026-07-18 00:14:07+05:30,,,,AVAILABLE,VEH_038,MH60G5367,5000,18.235991,75.049693,"[{""lat"": 18.547952, ""lon"": 73.718704}, {""lat"": 18.123951, ""lon"": 75.263559}, {""lat"": 17.751052, ""lon"": 77.089123}, {""lat"": 17.420439, ""lon"": 78.449238}]",684.66,2026-07-18 10:19:37+05:30,2026-07-18 10:44:05+05:30,2,SHIP_1107,18.505257,73.790246,17.417189,78.466894,274,HIGH,2026-07-16 02:19:45+05:30,0.0
ASN_0107,5.2,t,47.7,18.174859,75.306119,2026-07-18 01:02:35+05:30,,,,AVAILABLE,VEH_038,MH60G5367,5000,18.17885,75.314536,"[{""lat"": 18.547952, ""lon"": 73.718704}, {""lat"": 18.123951, ""lon"": 75.263559}, {""lat"": 17.751052, ""lon"": 77.089123}, {""lat"": 17.420439, ""lon"": 78.449238}]",684.66,2026-07-18 10:19:37+05:30,2026-07-18 10:44:05+05:30,3,SHIP_1107,18.505257,73.790246,17.417189,78.466894,274,HIGH,2026-07-16 02:19:45+05:30,0.0
ASN_0107,5.2,t,42.1,17.938374,76.084177,2026-07-18 03:24:58+05:30,,,,AVAILABLE,VEH_038,MH60G5367,5000,17.943454,76.094778,"[{""lat"": 18.547952, ""lon"": 73.718704}, {""lat"": 18.123951, ""lon"": 75.263559}, {""lat"": 17.751052, ""lon"": 77.089123}, {""lat"": 17.420439, ""lon"": 78.449238}]",684.66,2026-07-18 10:19:37+05:30,2026-07-18 10:44:05+05:30,4,SHIP_1107,18.505257,73.790246,17.417189,78.466894,274,HIGH,2026-07-16 02:19:45+05:30,0.0
ASN_0107,5.2,t,39.0,17.826523,76.761408,2026-07-18 05:25:05+05:30,,,,AVAILABLE,VEH_038,MH60G5367,5000,17.822348,76.751292,"[{""lat"": 18.547952, ""lon"": 73.718704}, {""lat"": 18.123951, ""lon"": 75.263559}, {""lat"": 17.751052, ""lon"": 77.089123}, {""lat"": 17.420439, ""lon"": 78.449238}]",684.66,2026-07-18 10:19:37+05:30,2026-07-18 10:44:05+05:30,5,SHIP_1107,18.505257,73.790246,17.417189,78.466894,274,HIGH,2026-07-16 02:19:45+05:30,0.0
ASN_0107,5.2,t,47.1,17.716566,77.18736,2026-07-18 06:48:02+05:30,,,,AVAILABLE,VEH_038,MH60G5367,5000,17.704173,77.186582,"[{""lat"": 18.547952, ""lon"": 73.718704}, {""lat"": 18.123951, ""lon"": 75.263559}, {""lat"": 17.751052, ""lon"": 77.089123}, {""lat"": 17.420439, ""lon"": 78.449238}]",684.66,2026-07-18 10:19:37+05:30,2026-07-18 10:44:05+05:30,6,SHIP_1107,18.505257,73.790246,17.417189,78.466894,274,HIGH,2026-07-16 02:19:45+05:30,0.0
ASN_0107,5.2,t,46.3,17.586176,77.714547,2026-07-18 08:23:14+05:30,,,,AVAILABLE,VEH_038,MH60G5367,5000,17.598081,77.716921,"[{""lat"": 18.547952, ""lon"": 73.718704}, {""lat"": 18.123951, ""lon"": 75.263559}, {""lat"": 17.751052, ""lon"": 77.089123}, {""lat"": 17.420439, ""lon"": 78.449238}]",684.66,2026-07-18 10:19:37+05:30,2026-07-18 10:44:05+05:30,7,SHIP_1107,18.505257,73.790246,17.417189,78.466894,274,HIGH,2026-07-16 02:19:45+05:30,0.0
ASN_0147,61.2,t,50.5,21.832379,73.626722,2026-07-18 13:06:33+05:30,,,,AVAILABLE,VEH_038,MH60G5367,5000,21.825877,73.665678,"[{""lat"": 22.373314, ""lon"": 73.201148}, {""lat"": 19.974308, ""lon"": 74.819363}, {""lat"": 17.693437, ""lon"": 76.677285}, {""lat"": 15.317996, ""lon"": 78.450942}, {""lat"": 13.084998, ""lon"": 80.235139}]",1768.45,2026-07-19 20:32:33+05:30,2026-07-19 20:50:24+05:30,1,SHIP_1147,22.374634,73.178422,13.068936,80.202164,3028,MEDIUM,2026-07-19 13:26:06+05:30,1459.5481551
ASN_0147,61.2,t,71.2,20.635252,74.523586,2026-07-18 17:25:16+05:30,,,,AVAILABLE,VEH_038,MH60G5367,5000,20.645322,74.525771,"[{""lat"": 22.373314, ""lon"": 73.201148}, {""lat"": 19.974308, ""lon"": 74.819363}, {""lat"": 17.693437, ""lon"": 76.677285}, {""lat"": 15.317996, ""lon"": 78.450942}, {""lat"": 13.084998, ""lon"": 80.235139}]",1768.45,2026-07-19 20:32:33+05:30,2026-07-19 20:50:24+05:30,2,SHIP_1147,22.374634,73.178422,13.068936,80.202164,3028,MEDIUM,2026-07-19 13:26:06+05:30,1200.8327385
ASN_0147,61.2,t,60.1,16.487258,77.614392,2026-07-19 08:28:37+05:30,,,,AVAILABLE,VEH_038,MH60G5367,5000,16.471545,77.618771,"[{""lat"": 22.373314, ""lon"": 73.201148}, {""lat"": 19.974308, ""lon"": 74.819363}, {""lat"": 17.693437, ""lon"": 76.677285}, {""lat"": 15.317996, ""lon"": 78.450942}, {""lat"": 13.084998, ""lon"": 80.235139}]",1768.45,2026-07-19 20:32:33+05:30,2026-07-19 20:50:24+05:30,3,SHIP_1147,22.374634,73.178422,13.068936,80.202164,3028,MEDIUM,2026-07-19 13:26:06+05:30,297.49215480000004
ASN_0147,61.2,t,72.5,15.092459,78.651718,2026-07-19 13:31:56+05:30,,,,AVAILABLE,VEH_038,MH60G5367,5000,15.080745,78.662484,"[{""lat"": 22.373314, ""lon"": 73.201148}, {""lat"": 19.974308, ""lon"": 74.819363}, {""lat"": 17.693437, ""lon"": 76.677285}, {""lat"": 15.317996, ""lon"": 78.450942}, {""lat"": 13.084998, ""lon"": 80.235139}]",1768.45,2026-07-19 20:32:33+05:30,2026-07-19 20:50:24+05:30,4,SHIP_1147,22.374634,73.178422,13.068936,80.202164,3028,MEDIUM,2026-07-19 13:26:06+05:30,0.0
ASN_0187,23.8,t,39.1,26.461248,80.067557,2026-07-19 22:18:48+05:30,,,,AVAILABLE,VEH_038,MH60G5367,5000,26.453869,80.064797,"[{""lat"": 26.653116, ""lon"": 80.333105}, {""lat"": 24.796531, ""lon"": 76.480962}, {""lat"": 22.949099, ""lon"": 72.684608}]",1008.25,2026-07-20 18:41:31+05:30,2026-07-20 19:27:35+05:30,1,SHIP_1187,26.559948,80.292441,22.960609,72.652716,1387,HIGH,2026-07-17 23:55:41+05:30,0.0
ASN_0187,23.8,t,37.2,25.957153,79.046803,2026-07-20 01:20:31+05:30,,,,AVAILABLE,VEH_038,MH60G5367,5000,25.936429,79.054061,"[{""lat"": 26.653116, ""lon"": 80.333105}, {""lat"": 24.796531, ""lon"": 76.480962}, {""lat"": 22.949099, ""lon"": 72.684608}]",1008.25,2026-07-20 18:41:31+05:30,2026-07-20 19:27:35+05:30,2,SHIP_1187,26.559948,80.292441,22.960609,72.652716,1387,HIGH,2026-07-17 23:55:41+05:30,0.0
ASN_0187,23.8,t,74.5,25.408724,77.865801,2026-07-20 04:37:43+05:30,,,,AVAILABLE,VEH_038,MH60G5367,5000,25.423975,77.87209,"[{""lat"": 26.653116, ""lon"": 80.333105}, {""lat"": 24.796531, ""lon"": 76.480962}, {""lat"": 22.949099, ""lon"": 72.684608}]",1008.25,2026-07-20 18:41:31+05:30,2026-07-20 19:27:35+05:30,3,SHIP_1187,26.559948,80.292441,22.960609,72.652716,1387,HIGH,2026-07-17 23:55:41+05:30,0.0
ASN_0187,23.8,t,58.2,24.581145,76.053067,2026-07-20 09:47:52+05:30,,,,AVAILABLE,VEH_038,MH60G5367,5000,24.575149,76.046033,"[{""lat"": 26.653116, ""lon"": 80.333105}, {""lat"": 24.796531, ""lon"": 76.480962}, {""lat"": 22.949099, ""lon"": 72.684608}]",1008.25,2026-07-20 18:41:31+05:30,2026-07-20 19:27:35+05:30,4,SHIP_1187,26.559948,80.292441,22.960609,72.652716,1387,HIGH,2026-07-17 23:55:41+05:30,0.0
ASN_0187,23.8,t,64.3,24.168565,75.268769,2026-07-20 12:06:49+05:30,,,,AVAILABLE,VEH_038,MH60G5367,5000,24.162632,75.280965,"[{""lat"": 26.653116, ""lon"": 80.333105}, {""lat"": 24.796531, ""lon"": 76.480962}, {""lat"": 22.949099, ""lon"": 72.684608}]",1008.25,2026-07-20 18:41:31+05:30,2026-07-20 19:27:35+05:30,5,SHIP_1187,26.559948,80.292441,22.960609,72.652716,1387,HIGH,2026-07-17 23:55:41+05:30,0.0
ASN_0187,23.8,t,45.1,23.241615,73.277496,2026-07-20 17:44:50+05:30,,,,AVAILABLE,VEH_038,MH60G5367,5000,23.251726,73.276663,"[{""lat"": 26.653116, ""lon"": 80.333105}, {""lat"": 24.796531, ""lon"": 76.480962}, {""lat"": 22.949099, ""lon"": 72.684608}]",1008.25,2026-07-20 18:41:31+05:30,2026-07-20 19:27:35+05:30,6,SHIP_1187,26.559948,80.292441,22.960609,72.652716,1387,HIGH,2026-07-17 23:55:41+05:30,0.0
ASN_0187,23.8,t,50.0,23.034289,72.820451,2026-07-20 18:59:00+05:30,,,,AVAILABLE,VEH_038,MH60G5367,5000,23.028648,72.806741,"[{""lat"": 26.653116, ""lon"": 80.333105}, {""lat"": 24.796531, ""lon"": 76.480962}, {""lat"": 22.949099, ""lon"": 72.684608}]",1008.25,2026-07-20 18:41:31+05:30,2026-07-20 19:27:35+05:30,7,SHIP_1187,26.559948,80.292441,22.960609,72.652716,1387,HIGH,2026-07-17 23:55:41+05:30,0.0
ASN_0040,77.9,t,42.5,23.985628,75.450724,2026-07-15 16:26:33+05:30,,,,AVAILABLE,VEH_039,GJ15G4377,2500,23.967999,75.469672,"[{""lat"": 19.965398, ""lon"": 74.008934}, {""lat"": 24.301664, ""lon"": 75.611366}, {""lat"": 28.679783, ""lon"": 77.373183}]",1442.24,2026-07-16 07:35:56+05:30,2026-07-16 06:54:38+05:30,1,SHIP_1040,19.99513,73.937443,28.77234,77.314745,1997,MEDIUM,2026-07-17 07:49:01+05:30,2362.466144483333
ASN_0040,77.9,t,55.3,24.030077,75.494654,2026-07-15 16:33:11+05:30,,,,AVAILABLE,VEH_039,GJ15G4377,2500,24.051231,75.489265,"[{""lat"": 19.965398, ""lon"": 74.008934}, {""lat"": 24.301664, ""lon"": 75.611366}, {""lat"": 28.679783, ""lon"": 77.373183}]",1442.24,2026-07-16 07:35:56+05:30,2026-07-16 06:54:38+05:30,2,SHIP_1040,19.99513,73.937443,28.77234,77.314745,1997,MEDIUM,2026-07-17 07:49:01+05:30,2355.8403266666664
ASN_0040,77.9,t,51.7,26.471968,76.426992,2026-07-15 23:51:55+05:30,,,,AVAILABLE,VEH_039,GJ15G4377,2500,26.45264,76.436854,"[{""lat"": 19.965398, ""lon"": 74.008934}, {""lat"": 24.301664, ""lon"": 75.611366}, {""lat"": 28.679783, ""lon"": 77.373183}]",1442.24,2026-07-16 07:35:56+05:30,2026-07-16 06:54:38+05:30,3,SHIP_1040,19.99513,73.937443,28.77234,77.314745,1997,MEDIUM,2026-07-17 07:49:01+05:30,1917.1025461499999
ASN_0080,34.5,f,54.9,12.976032,79.826623,2026-07-16 08:09:37+05:30,LOW_SPEED,0.76,2026-07-16 10:02:15+05:30,AVAILABLE,VEH_039,GJ15G4377,2500,12.978156,79.825243,"[{""lat"": 12.964997, ""lon"": 80.117906}, {""lat"": 12.910671, ""lon"": 77.725313}]",326.39,2026-07-16 13:08:52+05:30,2026-07-16 13:11:22+05:30,1,SHIP_1080,12.997415,80.107362,12.894252,77.721871,917,MEDIUM,2026-07-20 18:30:32+05:30,6380.920728616667
ASN_0080,34.5,f,73.9,12.985665,79.633419,2026-07-16 08:33:58+05:30,LOW_SPEED,0.76,2026-07-16 10:02:15+05:30,AVAILABLE,VEH_039,GJ15G4377,2500,12.99209,79.624986,"[{""lat"": 12.964997, ""lon"": 80.117906}, {""lat"": 12.910671, ""lon"": 77.725313}]",326.39,2026-07-16 13:08:52+05:30,2026-07-16 13:11:22+05:30,2,SHIP_1080,12.997415,80.107362,12.894252,77.721871,917,MEDIUM,2026-07-20 18:30:32+05:30,6356.581298183333
ASN_0080,34.5,f,73.6,12.987829,79.222828,2026-07-16 09:38:51+05:30,LOW_SPEED,0.76,2026-07-16 10:02:15+05:30,AVAILABLE,VEH_039,GJ15G4377,2500,12.976148,79.240334,"[{""lat"": 12.964997, ""lon"": 80.117906}, {""lat"": 12.910671, ""lon"": 77.725313}]",326.39,2026-07-16 13:08:52+05:30,2026-07-16 13:11:22+05:30,3,SHIP_1080,12.997415,80.107362,12.894252,77.721871,917,MEDIUM,2026-07-20 18:30:32+05:30,6291.68747915
ASN_0120,15.7,t,54.6,22.226278,73.610471,2026-07-16 15:15:23+05:30,ROUTE_DEVIATION,0.73,2026-07-16 21:19:10+05:30,AVAILABLE,VEH_039,GJ15G4377,2500,22.232754,73.622483,"[{""lat"": 22.216171, ""lon"": 73.227424}, {""lat"": 21.90147, ""lon"": 75.146911}, {""lat"": 21.581855, ""lon"": 77.126079}, {""lat"": 21.071446, ""lon"": 79.03877}]",834.7,2026-07-17 04:42:45+05:30,2026-07-17 04:37:56+05:30,1,SHIP_1120,22.314013,73.195221,21.103341,79.08559,674,MEDIUM,2026-07-17 14:14:39+05:30,1379.2547112166665
ASN_0120,15.7,t,65.8,21.981305,74.708812,2026-07-16 17:49:31+05:30,ROUTE_DEVIATION,0.73,2026-07-16 21:19:10+05:30,AVAILABLE,VEH_039,GJ15G4377,2500,21.980456,74.734577,"[{""lat"": 22.216171, ""lon"": 73.227424}, {""lat"": 21.90147, ""lon"": 75.146911}, {""lat"": 21.581855, ""lon"": 77.126079}, {""lat"": 21.071446, ""lon"": 79.03877}]",834.7,2026-07-17 04:42:45+05:30,2026-07-17 04:37:56+05:30,2,SHIP_1120,22.314013,73.195221,21.103341,79.08559,674,MEDIUM,2026-07-17 14:14:39+05:30,1225.1357433666667
ASN_0120,15.7,t,62.1,21.879581,75.295767,2026-07-16 19:21:20+05:30,ROUTE_DEVIATION,0.73,2026-07-16 21:19:10+05:30,AVAILABLE,VEH_039,GJ15G4377,2500,21.860827,75.312251,"[{""lat"": 22.216171, ""lon"": 73.227424}, {""lat"": 21.90147, ""lon"": 75.146911}, {""lat"": 21.581855, ""lon"": 77.126079}, {""lat"": 21.071446, ""lon"": 79.03877}]",834.7,2026-07-17 04:42:45+05:30,2026-07-17 04:37:56+05:30,3,SHIP_1120,22.314013,73.195221,21.103341,79.08559,674,MEDIUM,2026-07-17 14:14:39+05:30,1133.31848735
ASN_0120,15.7,t,64.1,21.756414,76.003847,2026-07-16 21:04:20+05:30,ROUTE_DEVIATION,0.73,2026-07-16 21:19:10+05:30,AVAILABLE,VEH_039,GJ15G4377,2500,21.762355,76.024186,"[{""lat"": 22.216171, ""lon"": 73.227424}, {""lat"": 21.90147, ""lon"": 75.146911}, {""lat"": 21.581855, ""lon"": 77.126079}, {""lat"": 21.071446, ""lon"": 79.03877}]",834.7,2026-07-17 04:42:45+05:30,2026-07-17 04:37:56+05:30,4,SHIP_1120,22.314013,73.195221,21.103341,79.08559,674,MEDIUM,2026-07-17 14:14:39+05:30,1030.3087317333334
ASN_0120,15.7,t,36.8,21.375309,77.679022,2026-07-17 01:14:12+05:30,ROUTE_DEVIATION,0.73,2026-07-16 21:19:10+05:30,AVAILABLE,VEH_039,GJ15G4377,2500,21.372686,77.66329,"[{""lat"": 22.216171, ""lon"": 73.227424}, {""lat"": 21.90147, ""lon"": 75.146911}, {""lat"": 21.581855, ""lon"": 77.126079}, {""lat"": 21.071446, ""lon"": 79.03877}]",834.7,2026-07-17 04:42:45+05:30,2026-07-17 04:37:56+05:30,5,SHIP_1120,22.314013,73.195221,21.103341,79.08559,674,MEDIUM,2026-07-17 14:14:39+05:30,780.4403325000001
ASN_0160,100.0,t,57.8,17.399306,78.238697,2026-07-17 05:51:00+05:30,GEOFENCE_BREACH,0.5,2026-07-17 15:44:33+05:30,AVAILABLE,VEH_039,GJ15G4377,2500,17.385202,78.244632,"[{""lat"": 17.321807, ""lon"": 78.502712}, {""lat"": 17.783172, ""lon"": 76.994062}, {""lat"": 18.08878, ""lon"": 75.760315}, {""lat"": 18.530194, ""lon"": 74.14854}, {""lat"": 18.927294, ""lon"": 72.743158}]",827.55,2026-07-17 20:22:13+05:30,2026-07-17 20:05:28+05:30,1,SHIP_1160,17.330019,78.488667,18.938345,72.770625,3389,LOW,2026-07-16 18:49:26+05:30,0.0
ASN_0160,100.0,t,67.4,17.890702,76.430323,2026-07-17 10:31:50+05:30,GEOFENCE_BREACH,0.5,2026-07-17 15:44:33+05:30,AVAILABLE,VEH_039,GJ15G4377,2500,17.91286,76.43002,"[{""lat"": 17.321807, ""lon"": 78.502712}, {""lat"": 17.783172, ""lon"": 76.994062}, {""lat"": 18.08878, ""lon"": 75.760315}, {""lat"": 18.530194, ""lon"": 74.14854}, {""lat"": 18.927294, ""lon"": 72.743158}]",827.55,2026-07-17 20:22:13+05:30,2026-07-17 20:05:28+05:30,2,SHIP_1160,17.330019,78.488667,18.938345,72.770625,3389,LOW,2026-07-16 18:49:26+05:30,0.0
ASN_0160,100.0,t,62.8,18.083148,75.872089,2026-07-17 11:59:37+05:30,GEOFENCE_BREACH,0.5,2026-07-17 15:44:33+05:30,AVAILABLE,VEH_039,GJ15G4377,2500,18.057311,75.868501,"[{""lat"": 17.321807, ""lon"": 78.502712}, {""lat"": 17.783172, ""lon"": 76.994062}, {""lat"": 18.08878, ""lon"": 75.760315}, {""lat"": 18.530194, ""lon"": 74.14854}, {""lat"": 18.927294, ""lon"": 72.743158}]",827.55,2026-07-17 20:22:13+05:30,2026-07-17 20:05:28+05:30,3,SHIP_1160,17.330019,78.488667,18.938345,72.770625,3389,LOW,2026-07-16 18:49:26+05:30,0.0
ASN_0160,100.0,t,47.0,18.732375,73.537594,2026-07-17 18:06:41+05:30,GEOFENCE_BREACH,0.5,2026-07-17 15:44:33+05:30,AVAILABLE,VEH_039,GJ15G4377,2500,18.741273,73.549358,"[{""lat"": 17.321807, ""lon"": 78.502712}, {""lat"": 17.783172, ""lon"": 76.994062}, {""lat"": 18.08878, ""lon"": 75.760315}, {""lat"": 18.530194, ""lon"": 74.14854}, {""lat"": 18.927294, ""lon"": 72.743158}]",827.55,2026-07-17 20:22:13+05:30,2026-07-17 20:05:28+05:30,4,SHIP_1160,17.330019,78.488667,18.938345,72.770625,3389,LOW,2026-07-16 18:49:26+05:30,0.0
ASN_0200,100.0,f,54.8,26.266407,80.437166,2026-07-18 08:16:47+05:30,,,,AVAILABLE,VEH_039,GJ15G4377,2500,26.270855,80.433787,"[{""lat"": 25.603827, ""lon"": 85.110518}, {""lat"": 26.891807, ""lon"": 75.919199}]",1231.91,2026-07-18 19:41:47+05:30,2026-07-18 19:45:06+05:30,1,SHIP_1200,25.625916,85.156243,26.930472,75.866516,4823,LOW,2026-07-16 01:32:20+05:30,0.0
ASN_0200,100.0,f,48.7,26.370108,79.830968,2026-07-18 09:53:58+05:30,,,,AVAILABLE,VEH_039,GJ15G4377,2500,26.372804,79.828121,"[{""lat"": 25.603827, ""lon"": 85.110518}, {""lat"": 26.891807, ""lon"": 75.919199}]",1231.91,2026-07-18 19:41:47+05:30,2026-07-18 19:45:06+05:30,2,SHIP_1200,25.625916,85.156243,26.930472,75.866516,4823,LOW,2026-07-16 01:32:20+05:30,0.0
ASN_0200,100.0,f,48.0,26.393832,79.538061,2026-07-18 10:29:04+05:30,,,,AVAILABLE,VEH_039,GJ15G4377,2500,26.385831,79.547173,"[{""lat"": 25.603827, ""lon"": 85.110518}, {""lat"": 26.891807, ""lon"": 75.919199}]",1231.91,2026-07-18 19:41:47+05:30,2026-07-18 19:45:06+05:30,3,SHIP_1200,25.625916,85.156243,26.930472,75.866516,4823,LOW,2026-07-16 01:32:20+05:30,0.0
ASN_0200,100.0,f,60.2,26.814497,76.523016,2026-07-18 18:05:21+05:30,,,,AVAILABLE,VEH_039,GJ15G4377,2500,26.81376,76.528504,"[{""lat"": 25.603827, ""lon"": 85.110518}, {""lat"": 26.891807, ""lon"": 75.919199}]",1231.91,2026-07-18 19:41:47+05:30,2026-07-18 19:45:06+05:30,4,SHIP_1200,25.625916,85.156243,26.930472,75.866516,4823,LOW,2026-07-16 01:32:20+05:30,0.0
ASN_0005,86.4,f,60.2,25.764075,80.781424,2026-07-15 04:26:11+05:30,,,,AVAILABLE,VEH_040,BR06G5803,7000,25.766774,80.785161,"[{""lat"": 26.85136, ""lon"": 80.914653}, {""lat"": 23.352918, ""lon"": 80.720545}, {""lat"": 19.937143, ""lon"": 80.592052}, {""lat"": 16.525557, ""lon"": 80.536429}, {""lat"": 13.057759, ""lon"": 80.386105}]",2027.53,2026-07-16 11:52:36+05:30,2026-07-16 11:35:39+05:30,1,SHIP_1005,26.823867,80.825698,13.004519,80.381567,6064,MEDIUM,2026-07-18 09:27:00+05:30,4620.822738733334
ASN_0005,86.4,f,63.6,23.482294,80.700475,2026-07-15 10:02:32+05:30,,,,AVAILABLE,VEH_040,BR06G5803,7000,23.489717,80.701668,"[{""lat"": 26.85136, ""lon"": 80.914653}, {""lat"": 23.352918, ""lon"": 80.720545}, {""lat"": 19.937143, ""lon"": 80.592052}, {""lat"": 16.525557, ""lon"": 80.536429}, {""lat"": 13.057759, ""lon"": 80.386105}]",2027.53,2026-07-16 11:52:36+05:30,2026-07-16 11:35:39+05:30,2,SHIP_1005,26.823867,80.825698,13.004519,80.381567,6064,MEDIUM,2026-07-18 09:27:00+05:30,4284.462403183334
ASN_0005,86.4,f,53.8,23.120176,80.686747,2026-07-15 10:49:38+05:30,,,,AVAILABLE,VEH_040,BR06G5803,7000,23.12775,80.701905,"[{""lat"": 26.85136, ""lon"": 80.914653}, {""lat"": 23.352918, ""lon"": 80.720545}, {""lat"": 19.937143, ""lon"": 80.592052}, {""lat"": 16.525557, ""lon"": 80.536429}, {""lat"": 13.057759, ""lon"": 80.386105}]",2027.53,2026-07-16 11:52:36+05:30,2026-07-16 11:35:39+05:30,3,SHIP_1005,26.823867,80.825698,13.004519,80.381567,6064,MEDIUM,2026-07-18 09:27:00+05:30,4237.368064366667
ASN_0005,86.4,f,65.1,21.223344,80.656476,2026-07-15 15:26:55+05:30,,,,AVAILABLE,VEH_040,BR06G5803,7000,21.233974,80.65935,"[{""lat"": 26.85136, ""lon"": 80.914653}, {""lat"": 23.352918, ""lon"": 80.720545}, {""lat"": 19.937143, ""lon"": 80.592052}, {""lat"": 16.525557, ""lon"": 80.536429}, {""lat"": 13.057759, ""lon"": 80.386105}]",2027.53,2026-07-16 11:52:36+05:30,2026-07-16 11:35:39+05:30,4,SHIP_1005,26.823867,80.825698,13.004519,80.381567,6064,MEDIUM,2026-07-18 09:27:00+05:30,3960.0864659
ASN_0005,86.4,f,48.0,17.394426,80.541274,2026-07-16 00:52:27+05:30,,,,AVAILABLE,VEH_040,BR06G5803,7000,17.395287,80.523763,"[{""lat"": 26.85136, ""lon"": 80.914653}, {""lat"": 23.352918, ""lon"": 80.720545}, {""lat"": 19.937143, ""lon"": 80.592052}, {""lat"": 16.525557, ""lon"": 80.536429}, {""lat"": 13.057759, ""lon"": 80.386105}]",2027.53,2026-07-16 11:52:36+05:30,2026-07-16 11:35:39+05:30,5,SHIP_1005,26.823867,80.825698,13.004519,80.381567,6064,MEDIUM,2026-07-18 09:27:00+05:30,3394.5529207333334
ASN_0005,86.4,f,44.2,14.378561,80.411066,2026-07-16 08:08:07+05:30,,,,AVAILABLE,VEH_040,BR06G5803,7000,14.384077,80.421512,"[{""lat"": 26.85136, ""lon"": 80.914653}, {""lat"": 23.352918, ""lon"": 80.720545}, {""lat"": 19.937143, ""lon"": 80.592052}, {""lat"": 16.525557, ""lon"": 80.536429}, {""lat"": 13.057759, ""lon"": 80.386105}]",2027.53,2026-07-16 11:52:36+05:30,2026-07-16 11:35:39+05:30,6,SHIP_1005,26.823867,80.825698,13.004519,80.381567,6064,MEDIUM,2026-07-18 09:27:00+05:30,2958.8802673500004
ASN_0045,100.0,t,49.8,23.102209,72.483649,2026-07-16 12:18:26+05:30,,,,AVAILABLE,VEH_040,BR06G5803,7000,23.119254,72.492632,"[{""lat"": 23.112597, ""lon"": 72.407555}, {""lat"": 22.85402, ""lon"": 72.725221}, {""lat"": 22.603455, ""lon"": 72.99541}, {""lat"": 22.356837, ""lon"": 73.228588}]",133.06,2026-07-16 14:36:50+05:30,2026-07-16 14:32:44+05:30,1,SHIP_1045,23.134116,72.445477,22.367238,73.157738,7821,HIGH,2026-07-19 03:58:53+05:30,3820.4593325
ASN_0045,100.0,t,59.2,22.95897,72.584239,2026-07-16 12:45:56+05:30,,,,AVAILABLE,VEH_040,BR06G5803,7000,22.954618,72.588539,"[{""lat"": 23.112597, ""lon"": 72.407555}, {""lat"": 22.85402, ""lon"": 72.725221}, {""lat"": 22.603455, ""lon"": 72.99541}, {""lat"": 22.356837, ""lon"": 73.228588}]",133.06,2026-07-16 14:36:50+05:30,2026-07-16 14:32:44+05:30,2,SHIP_1045,23.134116,72.445477,22.367238,73.157738,7821,HIGH,2026-07-19 03:58:53+05:30,3792.9497139
ASN_0045,100.0,t,57.7,22.856279,72.706853,2026-07-16 13:06:36+05:30,,,,AVAILABLE,VEH_040,BR06G5803,7000,22.86546,72.708831,"[{""lat"": 23.112597, ""lon"": 72.407555}, {""lat"": 22.85402, ""lon"": 72.725221}, {""lat"": 22.603455, ""lon"": 72.99541}, {""lat"": 22.356837, ""lon"": 73.228588}]",133.06,2026-07-16 14:36:50+05:30,2026-07-16 14:32:44+05:30,3,SHIP_1045,23.134116,72.445477,22.367238,73.157738,7821,HIGH,2026-07-19 03:58:53+05:30,3772.2847761333333
ASN_0045,100.0,t,48.8,22.626684,72.890623,2026-07-16 13:44:06+05:30,,,,AVAILABLE,VEH_040,BR06G5803,7000,22.614253,72.900887,"[{""lat"": 23.112597, ""lon"": 72.407555}, {""lat"": 22.85402, ""lon"": 72.725221}, {""lat"": 22.603455, ""lon"": 72.99541}, {""lat"": 22.356837, ""lon"": 73.228588}]",133.06,2026-07-16 14:36:50+05:30,2026-07-16 14:32:44+05:30,4,SHIP_1045,23.134116,72.445477,22.367238,73.157738,7821,HIGH,2026-07-19 03:58:53+05:30,3734.790344666667
ASN_0045,100.0,t,55.5,22.479089,73.032652,2026-07-16 14:12:45+05:30,,,,AVAILABLE,VEH_040,BR06G5803,7000,22.466452,72.999967,"[{""lat"": 23.112597, ""lon"": 72.407555}, {""lat"": 22.85402, ""lon"": 72.725221}, {""lat"": 22.603455, ""lon"": 72.99541}, {""lat"": 22.356837, ""lon"": 73.228588}]",133.06,2026-07-16 14:36:50+05:30,2026-07-16 14:32:44+05:30,5,SHIP_1045,23.134116,72.445477,22.367238,73.157738,7821,HIGH,2026-07-19 03:58:53+05:30,3706.1448115333333
ASN_0085,81.5,t,46.7,24.708097,80.372658,2026-07-16 19:30:42+05:30,,,,AVAILABLE,VEH_040,BR06G5803,7000,24.721273,80.365806,"[{""lat"": 26.353337, ""lon"": 80.378488}, {""lat"": 23.073484, ""lon"": 80.336037}, {""lat"": 19.785405, ""lon"": 80.311674}, {""lat"": 16.425951, ""lon"": 80.284017}, {""lat"": 13.070078, ""lon"": 80.314783}]",1861.86,2026-07-18 02:33:54+05:30,2026-07-18 02:21:30+05:30,1,SHIP_1085,26.394681,80.40268,13.151872,80.240795,5970,MEDIUM,2026-07-21 23:08:50+05:30,7418.130203933334
ASN_0085,81.5,t,50.5,24.384996,80.373255,2026-07-16 20:20:27+05:30,,,,AVAILABLE,VEH_040,BR06G5803,7000,24.386893,80.371459,"[{""lat"": 26.353337, ""lon"": 80.378488}, {""lat"": 23.073484, ""lon"": 80.336037}, {""lat"": 19.785405, ""lon"": 80.311674}, {""lat"": 16.425951, ""lon"": 80.284017}, {""lat"": 13.070078, ""lon"": 80.314783}]",1861.86,2026-07-18 02:33:54+05:30,2026-07-18 02:21:30+05:30,2,SHIP_1085,26.394681,80.40268,13.151872,80.240795,5970,MEDIUM,2026-07-21 23:08:50+05:30,7368.376771366667
ASN_0085,81.5,t,57.4,23.362221,80.368763,2026-07-16 23:07:02+05:30,,,,AVAILABLE,VEH_040,BR06G5803,7000,23.376187,80.360582,"[{""lat"": 26.353337, ""lon"": 80.378488}, {""lat"": 23.073484, ""lon"": 80.336037}, {""lat"": 19.785405, ""lon"": 80.311674}, {""lat"": 16.425951, ""lon"": 80.284017}, {""lat"": 13.070078, ""lon"": 80.314783}]",1861.86,2026-07-18 02:33:54+05:30,2026-07-18 02:21:30+05:30,3,SHIP_1085,26.394681,80.40268,13.151872,80.240795,5970,MEDIUM,2026-07-21 23:08:50+05:30,7201.793369166667
ASN_0085,81.5,t,59.3,22.692267,80.348551,2026-07-17 00:58:27+05:30,,,,AVAILABLE,VEH_040,BR06G5803,7000,22.694127,80.345844,"[{""lat"": 26.353337, ""lon"": 80.378488}, {""lat"": 23.073484, ""lon"": 80.336037}, {""lat"": 19.785405, ""lon"": 80.311674}, {""lat"": 16.425951, ""lon"": 80.284017}, {""lat"": 13.070078, ""lon"": 80.314783}]",1861.86,2026-07-18 02:33:54+05:30,2026-07-18 02:21:30+05:30,4,SHIP_1085,26.394681,80.40268,13.151872,80.240795,5970,MEDIUM,2026-07-21 23:08:50+05:30,7090.376520416667
ASN_0085,81.5,t,45.0,21.336516,80.374023,2026-07-17 04:24:05+05:30,,,,AVAILABLE,VEH_040,BR06G5803,7000,21.328895,80.384877,"[{""lat"": 26.353337, ""lon"": 80.378488}, {""lat"": 23.073484, ""lon"": 80.336037}, {""lat"": 19.785405, ""lon"": 80.311674}, {""lat"": 16.425951, ""lon"": 80.284017}, {""lat"": 13.070078, ""lon"": 80.314783}]",1861.86,2026-07-18 02:33:54+05:30,2026-07-18 02:21:30+05:30,5,SHIP_1085,26.394681,80.40268,13.151872,80.240795,5970,MEDIUM,2026-07-21 23:08:50+05:30,6884.7483018
ASN_0085,81.5,t,69.4,19.353441,80.35503,2026-07-17 09:48:18+05:30,,,,AVAILABLE,VEH_040,BR06G5803,7000,19.360752,80.357783,"[{""lat"": 26.353337, ""lon"": 80.378488}, {""lat"": 23.073484, ""lon"": 80.336037}, {""lat"": 19.785405, ""lon"": 80.311674}, {""lat"": 16.425951, ""lon"": 80.284017}, {""lat"": 13.070078, ""lon"": 80.314783}]",1861.86,2026-07-18 02:33:54+05:30,2026-07-18 02:21:30+05:30,6,SHIP_1085,26.394681,80.40268,13.151872,80.240795,5970,MEDIUM,2026-07-21 23:08:50+05:30,6560.530022983334
ASN_0085,81.5,t,54.3,13.519396,80.219299,2026-07-18 01:25:08+05:30,,,,AVAILABLE,VEH_040,BR06G5803,7000,13.521101,80.214833,"[{""lat"": 26.353337, ""lon"": 80.378488}, {""lat"": 23.073484, ""lon"": 80.336037}, {""lat"": 19.785405, ""lon"": 80.311674}, {""lat"": 16.425951, ""lon"": 80.284017}, {""lat"": 13.070078, ""lon"": 80.314783}]",1861.86,2026-07-18 02:33:54+05:30,2026-07-18 02:21:30+05:30,7,SHIP_1085,26.394681,80.40268,13.151872,80.240795,5970,MEDIUM,2026-07-21 23:08:50+05:30,5623.69073535
ASN_0125,92.6,t,58.3,18.0499,77.353808,2026-07-18 06:11:49+05:30,LOW_SPEED,0.51,2026-07-18 14:25:29+05:30,AVAILABLE,VEH_040,BR06G5803,7000,18.050225,77.351999,"[{""lat"": 17.570035, ""lon"": 78.409906}, {""lat"": 18.68607, ""lon"": 76.051957}, {""lat"": 20.0242, ""lon"": 73.904447}]",728.84,2026-07-18 18:06:17+05:30,2026-07-18 18:29:47+05:30,1,SHIP_1125,17.491934,78.387934,19.980647,73.812108,6120,LOW,2026-07-19 06:27:59+05:30,1456.1695101666667
ASN_0125,92.6,t,54.7,18.142414,77.207206,2026-07-18 06:38:48+05:30,LOW_SPEED,0.51,2026-07-18 14:25:29+05:30,AVAILABLE,VEH_040,BR06G5803,7000,18.152845,77.213982,"[{""lat"": 17.570035, ""lon"": 78.409906}, {""lat"": 18.68607, ""lon"": 76.051957}, {""lat"": 20.0242, ""lon"": 73.904447}]",728.84,2026-07-18 18:06:17+05:30,2026-07-18 18:29:47+05:30,2,SHIP_1125,17.491934,78.387934,19.980647,73.812108,6120,LOW,2026-07-19 06:27:59+05:30,1429.1767426333333
ASN_0125,92.6,t,30.2,19.420946,74.83565,2026-07-18 14:56:45+05:30,LOW_SPEED,0.51,2026-07-18 14:25:29+05:30,AVAILABLE,VEH_040,BR06G5803,7000,19.419851,74.838718,"[{""lat"": 17.570035, ""lon"": 78.409906}, {""lat"": 18.68607, ""lon"": 76.051957}, {""lat"": 20.0242, ""lon"": 73.904447}]",728.84,2026-07-18 18:06:17+05:30,2026-07-18 18:29:47+05:30,3,SHIP_1125,17.491934,78.387934,19.980647,73.812108,6120,LOW,2026-07-19 06:27:59+05:30,931.2274889666667
ASN_0125,92.6,t,43.4,19.452778,74.818235,2026-07-18 15:01:00+05:30,LOW_SPEED,0.51,2026-07-18 14:25:29+05:30,AVAILABLE,VEH_040,BR06G5803,7000,19.44466,74.817977,"[{""lat"": 17.570035, ""lon"": 78.409906}, {""lat"": 18.68607, ""lon"": 76.051957}, {""lat"": 20.0242, ""lon"": 73.904447}]",728.84,2026-07-18 18:06:17+05:30,2026-07-18 18:29:47+05:30,4,SHIP_1125,17.491934,78.387934,19.980647,73.812108,6120,LOW,2026-07-19 06:27:59+05:30,926.98441435
ASN_0165,84.0,t,31.2,13.266956,80.094993,2026-07-18 19:50:42+05:30,SPEEDING,0.73,2026-07-19 08:45:29+05:30,AVAILABLE,VEH_040,BR06G5803,7000,13.264181,80.094335,"[{""lat"": 13.035309, ""lon"": 80.278214}, {""lat"": 15.291776, ""lon"": 77.984212}, {""lat"": 17.683754, ""lon"": 75.859375}, {""lat"": 20.080839, ""lon"": 73.616831}]",1386.48,2026-07-19 21:42:18+05:30,2026-07-19 21:33:43+05:30,1,SHIP_1165,13.058279,80.288889,20.083774,73.60863,5637,LOW,2026-07-20 06:36:11+05:30,2085.4958213333334
ASN_0165,84.0,t,53.5,15.637673,77.911923,2026-07-19 04:37:06+05:30,SPEEDING,0.73,2026-07-19 08:45:29+05:30,AVAILABLE,VEH_040,BR06G5803,7000,15.627062,77.915474,"[{""lat"": 13.035309, ""lon"": 80.278214}, {""lat"": 15.291776, ""lon"": 77.984212}, {""lat"": 17.683754, ""lon"": 75.859375}, {""lat"": 20.080839, ""lon"": 73.616831}]",1386.48,2026-07-19 21:42:18+05:30,2026-07-19 21:33:43+05:30,2,SHIP_1165,13.058279,80.288889,20.083774,73.60863,5637,LOW,2026-07-20 06:36:11+05:30,1559.0897489000001
ASN_0165,84.0,t,55.9,17.279119,76.258216,2026-07-19 11:04:47+05:30,SPEEDING,0.73,2026-07-19 08:45:29+05:30,AVAILABLE,VEH_040,BR06G5803,7000,17.275328,76.26085,"[{""lat"": 13.035309, ""lon"": 80.278214}, {""lat"": 15.291776, ""lon"": 77.984212}, {""lat"": 17.683754, ""lon"": 75.859375}, {""lat"": 20.080839, ""lon"": 73.616831}]",1386.48,2026-07-19 21:42:18+05:30,2026-07-19 21:33:43+05:30,3,SHIP_1165,13.058279,80.288889,20.083774,73.60863,5637,LOW,2026-07-20 06:36:11+05:30,1171.4077568
ASN_0165,84.0,t,67.4,17.342293,76.198562,2026-07-19 11:15:20+05:30,SPEEDING,0.73,2026-07-19 08:45:29+05:30,AVAILABLE,VEH_040,BR06G5803,7000,17.348198,76.195693,"[{""lat"": 13.035309, ""lon"": 80.278214}, {""lat"": 15.291776, ""lon"": 77.984212}, {""lat"": 17.683754, ""lon"": 75.859375}, {""lat"": 20.080839, ""lon"": 73.616831}]",1386.48,2026-07-19 21:42:18+05:30,2026-07-19 21:33:43+05:30,4,SHIP_1165,13.058279,80.288889,20.083774,73.60863,5637,LOW,2026-07-20 06:36:11+05:30,1160.8608159
ASN_0165,84.0,t,57.9,19.927861,73.746613,2026-07-19 21:01:49+05:30,SPEEDING,0.73,2026-07-19 08:45:29+05:30,AVAILABLE,VEH_040,BR06G5803,7000,19.93643,73.761325,"[{""lat"": 13.035309, ""lon"": 80.278214}, {""lat"": 15.291776, ""lon"": 77.984212}, {""lat"": 17.683754, ""lon"": 75.859375}, {""lat"": 20.080839, ""lon"": 73.616831}]",1386.48,2026-07-19 21:42:18+05:30,2026-07-19 21:33:43+05:30,5,SHIP_1165,13.058279,80.288889,20.083774,73.60863,5637,LOW,2026-07-20 06:36:11+05:30,574.36846525
